Comparison,species_label,order_label,average,sd,ava,avb,diff,contrib_signed,cluster_higher
1_2,Eucalanus californicus,Calanoida,0.1478950337544121,0.043352102789064324,0.0014161461712963114,0.004091927490866159,-0.0026757813195698475,-0.1478950337544121,2
1_2,Ctenocalanus vanus,Calanoida,0.05298314866523029,0.021534341916130018,0.029389404256301925,0.002424538442602096,0.026964865813699827,0.05298314866523029,1
1_2,Unidentified Acartia,Calanoida,0.036990900824595815,0.020246784291847886,0.04683501775841206,0,0.04683501775841206,0.036990900824595815,1
1_2,Calanus pacificus,Calanoida,0.026453251370093824,0.015062273629283179,0.002248742122422469,0.0013362832322275885,9.124588901948806e-4,0.026453251370093824,1
1_2,Unidentified Sagitta,Aphragmophora,0.024682129383233782,0.024224982260373985,0.0017602645747513542,0.009294998672558265,-0.0075347340978069105,-0.024682129383233782,2
1_2,Nematoscelis difficilis,Euphausiacea,0.02230087538044464,0.016882101740500588,0.01872746981667977,0.004815093898899361,0.013912375917780408,0.02230087538044464,1
1_2,Acrocalanus monachus,Calanoida,0.02141110663146475,0.01763740259687341,0.007292102595623034,0.00842780969520742,-0.0011357070995843864,-0.02141110663146475,2
1_2,Ditrichocorycaeus anglicus,Cyclopoida,0.020931503706129253,0.010150210957030252,0.03328975136383926,0.001411969628446679,0.03187778173539258,0.020931503706129253,1
1_2,Paraeuchaeta rubra,Calanoida,0.02044312836852968,0.017559960700087692,0.018622746287071515,0.005485562952599357,0.013137183334472158,0.02044312836852968,1
1_2,Nanomia bijuga,Siphonophorae,0.018601551489760126,0.018048228748903966,0.02128177958534503,4.061613660900447e-5,0.021241163448736024,0.018601551489760126,1
1_3,Ctenocalanus vanus,Calanoida,0.05401812914837279,0.01623315854202017,0.029389404256301925,0.044736481300925904,-0.015347077044623979,-0.05401812914837279,3
1_3,Eucalanus californicus,Calanoida,0.03804787347730291,0.01880677927052346,0.0014161461712963114,2.3471172358036156e-4,0.00118143444771595,0.03804787347730291,1
1_3,Clausocalanus furcatus,Calanoida,0.033884746503565724,0.011636447791973571,0,0.05202472464853105,-0.05202472464853105,-0.033884746503565724,3
1_3,Euchaeta marina,Calanoida,0.029660328366354124,0.01398853957390764,0.0012200024560111598,0.012232670379663036,-0.011012667923651877,-0.029660328366354124,3
1_3,Unidentified Acartia,Calanoida,0.02960665239445587,0.01569894977144914,0.04683501775841206,0,0.04683501775841206,0.02960665239445587,1
1_3,Mecynocera clausi,Calanoida,0.029189661995562197,0.01446494903353177,0,0.021755850723372595,-0.021755850723372595,-0.029189661995562197,3
1_3,Paraeuchaeta rubra,Calanoida,0.02182537764170243,0.015294000106612795,0.018622746287071515,0.013602873185525138,0.0050198731015463766,0.02182537764170243,1
1_3,Ditrichocorycaeus anglicus,Cyclopoida,0.018876303285884563,0.009203610160375667,0.03328975136383926,0.0067082521282530675,0.02658149923558619,0.018876303285884563,1
1_3,Nematoscelis difficilis,Euphausiacea,0.01854062661965368,0.013110992359560468,0.01872746981667977,0.0045571750060518805,0.014170294810627888,0.01854062661965368,1
1_3,Acrocalanus monachus,Calanoida,0.01766246006408781,0.01146120122817765,0.007292102595623034,0.010942171165680055,-0.003650068570057021,-0.01766246006408781,3
1_4,Eucalanus californicus,Calanoida,0.2146488612861867,0.051466539161250706,0.0014161461712963114,0.0064804108332799076,-0.005064264661983596,-0.2146488612861867,4
1_4,Calanus pacificus,Calanoida,0.10246335833011963,0.031054488977307393,0.002248742122422469,0.012869148661807299,-0.010620406539384829,-0.10246335833011963,4
1_4,Ctenocalanus vanus,Calanoida,0.04891627011514193,0.018957070121782275,0.029389404256301925,6.917609971683349e-4,0.02869764325913359,0.04891627011514193,1
1_4,Unidentified Acartia,Calanoida,0.03724869074589525,0.019597362423325902,0.04683501775841206,0.003353949320464971,0.04348106843794709,0.03724869074589525,1
1_4,Euphausia pacifica,Euphausiacea,0.03198383633818939,0.02739393924465075,0.010984167728787651,0.02008710998899585,-0.009102942260208198,-0.03198383633818939,4
1_4,Nanomia bijuga,Siphonophorae,0.02297924576342078,0.021961307893050466,0.02128177958534503,0.006283457358441201,0.014998322226903829,0.02297924576342078,1
1_4,Ditrichocorycaeus anglicus,Cyclopoida,0.019976273339863505,0.009597295647594012,0.03328975136383926,0.0020154074846676345,0.03127434387917162,0.019976273339863505,1
1_4,Nematoscelis difficilis,Euphausiacea,0.01925385682999193,0.014216142686666315,0.01872746981667977,0.002837263226935053,0.015890206589744715,0.01925385682999193,1
1_4,Paraeuchaeta rubra,Calanoida,0.018837016914524968,0.016353056872809035,0.018622746287071515,0.0035989041140562757,0.01502384217301524,0.018837016914524968,1
1_4,Acrocalanus monachus,Calanoida,0.01756719649816305,0.013736889335126535,0.007292102595623034,0.006822949996679349,4.6915259894368504e-4,0.01756719649816305,1
3_2,Eucalanus californicus,Calanoida,0.09770359721798799,0.031713521545576634,2.3471172358036156e-4,0.004091927490866159,-0.003857215767285797,-0.09770359721798799,2
3_2,Ctenocalanus vanus,Calanoida,0.0644172924647976,0.01582208379915657,0.044736481300925904,0.002424538442602096,0.042311942858323806,0.0644172924647976,3
3_2,Euchaeta marina,Calanoida,0.03934754643563506,0.01689157339866026,0.012232670379663036,0.005466212182542103,0.006766458197120934,0.03934754643563506,3
3_2,Clausocalanus furcatus,Calanoida,0.034647070158511484,0.01221904768194298,0.05202472464853105,5.709596328598113e-4,0.05145376501567124,0.034647070158511484,3
3_2,Mecynocera clausi,Calanoida,0.034331560828695346,0.01734009553016496,0.021755850723372595,0.003508647358141799,0.018247203365230797,0.034331560828695346,3
3_2,Unidentified Sagitta,Aphragmophora,0.024701786132216803,0.020691003153487108,0.003052478028517109,0.009294998672558265,-0.006242520644041155,-0.024701786132216803,2
3_2,Pleuromamma abdominalis edentata,Calanoida,0.02301582643260454,0.013954654258577089,0.013309890412410857,0.008405880939954242,0.004904009472456615,0.02301582643260454,3
3_2,Acrocalanus monachus,Calanoida,0.020402938068572195,0.013171821967882741,0.010942171165680055,0.00842780969520742,0.0025143614704726345,0.020402938068572195,3
3_2,Neocalanus gracilis,Calanoida,0.017651394717317682,0.020679930959957543,0.002911948225105155,0.013094360011144144,-0.01018241178603899,-0.017651394717317682,2
3_2,Lensia campanella,Siphonophorae,0.017582837130687246,0.014766454409176833,0.008448598031154187,0.006445049161952239,0.0020035488692019474,0.017582837130687246,3
4_2,Eucalanus californicus,Calanoida,0.28892902066119647,0.0617384973998396,0.0064804108332799076,0.004091927490866159,0.0023884833424137487,0.28892902066119647,4
4_2,Calanus pacificus,Calanoida,0.11607463901241888,0.03528629743804467,0.012869148661807299,0.0013362832322275885,0.01153286542957971,0.11607463901241888,4
4_2,Unidentified Sagitta,Aphragmophora,0.0355369761168142,0.026338748736732597,0.008407664493827483,0.009294998672558265,-8.87334178730782e-4,-0.0355369761168142,2
4_2,Euphausia pacifica,Euphausiacea,0.03502858999188607,0.0321641534684941,0.02008710998899585,0.00479648486732669,0.01529062512166916,0.03502858999188607,4
4_2,Candacia bipinnata,Calanoida,0.01918328893407092,0.0161364091933862,0.0029298419710476154,0.028352037713964297,-0.02542219574291668,-0.01918328893407092,2
4_2,Neocalanus gracilis,Calanoida,0.018128152628396885,0.02623537393292645,0,0.013094360011144144,-0.013094360011144144,-0.018128152628396885,2
4_2,Acrocalanus monachus,Calanoida,0.017963665724618067,0.015221388493461512,0.006822949996679349,0.00842780969520742,-0.0016048596985280715,-0.017963665724618067,2
4_2,Pleuromamma abdominalis edentata,Calanoida,0.015711379396227566,0.014160213335176693,0.004128380273430769,0.008405880939954242,-0.004277500666523473,-0.015711379396227566,2
4_2,Euchaeta marina,Calanoida,0.015388912742434093,0.012483284816094405,7.782849321808674e-4,0.005466212182542103,-0.004687927250361235,-0.015388912742434093,2
4_2,Rosacea cymbiformis,Siphonophorae,0.012955312735961408,0.013299482429701394,0.026725035707054683,0.0028474785439197084,0.023877557163134975,0.012955312735961408,4
4_3,Eucalanus californicus,Calanoida,0.1550063546133434,0.03978506344961914,0.0064804108332799076,2.3471172358036156e-4,0.006245699109699546,0.1550063546133434,4
4_3,Calanus pacificus,Calanoida,0.09033436774457934,0.02623464112525893,0.012869148661807299,3.1776599675569357e-4,0.012551382665051606,0.09033436774457934,4
4_3,Ctenocalanus vanus,Calanoida,0.060935632342924706,0.013828636716654985,6.917609971683349e-4,0.044736481300925904,-0.04404472030375757,-0.060935632342924706,3
4_3,Clausocalanus furcatus,Calanoida,0.03356924891945294,0.011621476389241697,1.6300719158259764e-4,0.05202472464853105,-0.05186171745694845,-0.03356924891945294,3
4_3,Euchaeta marina,Calanoida,0.029198926767688944,0.014014817168166136,7.782849321808674e-4,0.012232670379663036,-0.011454385447482169,-0.029198926767688944,3
4_3,Mecynocera clausi,Calanoida,0.029000096919730513,0.014358458533987397,0,0.021755850723372595,-0.021755850723372595,-0.029000096919730513,3
4_3,Euphausia pacifica,Euphausiacea,0.025094535056750168,0.02312032110988607,0.02008710998899585,3.881504500928218e-4,0.01969895953890303,0.025094535056750168,4
4_3,Unidentified Sagitta,Aphragmophora,0.019222337992764287,0.011689124355276543,0.008407664493827483,0.003052478028517109,0.005355186465310373,0.019222337992764287,4
4_3,Pleuromamma abdominalis edentata,Calanoida,0.01841043761529337,0.011245128234898424,0.004128380273430769,0.013309890412410857,-0.009181510138980088,-0.01841043761529337,3
4_3,Acrocalanus monachus,Calanoida,0.017340477534714672,0.010191342143347925,0.006822949996679349,0.010942171165680055,-0.004119221169000706,-0.017340477534714672,3
