,C1.T7.H9_S1.1,C1.T7.H9_S1.2,C1.T7.H9_S2.1,C1.T7.H9_S2.2,C1.T7.H9_S3.2,C1.T8.H10_S1.2,C1.T8.H10_S2.1,C1.T8.H10_S2.2,C1.T8.H10_S3.2,C2.T8.H18_S1.1,C2.T8.H18_S1.2,C2.T8.H18_S2.1,C2.T8.H18_S2.2,C2.T8.H18_S3.1,C2.T8.H18_S3.2,C2.T9.H19_S2.1,C2.T9.H19_S2.2,C2.T9.H19_S3.2,C3.T6.H25_S1.1,C3.T6.H25_S1.2,C3.T6.H25_S2.1,C3.T6.H25_S2.2,C3.T6.H25_S3.1,C3.T7.H26_S1.1,C3.T7.H26_S1.2,C3.T7.H26_S2.1,C3.T7.H26_S2.2,C3.T7.H26_S3.1,C3.T7.H26_S3.2,CT1.T1.H28_S1.1,CT1.T1.H28_S1.2,CT1.T1.H28_S2.1,CT1.T1.H28_S2.2,CT1.T1.H28_S3.1,CT1.T1.H28_S3.2,CT1.T2.H29_S1.1,CT1.T2.H29_S1.2,CT1.T2.H29_S2.1,CT1.T2.H29_S2.2,CT1.T2.H29_S3.1,CT1.T2.H29_S3.2,CT1.T3.H30_S1.1,CT1.T3.H30_S1.2,CT1.T3.H30_S2.1,CT1.T3.H30_S3.2,CT1.T4.H31_S1.1,CT1.T4.H31_S1.2,CT1.T4.H31_S2.2,CT1.T4.H31_S3.1,CT1.T4.H31_S3.2,CT1.T5.H32_S1.1,CT1.T5.H32_S1.2,CT1.T5.H32_S2.1,CT1.T5.H32_S2.2,CT1.T5.H32_S3.1,CT1.T5.H32_S3.2,CT1.T6.H33_S1.1,CT1.T6.H33_S1.2,CT1.T6.H33_S2.1,CT1.T6.H33_S2.2,CT1.T6.H33_S3.1,CT1.T6.H33_S3.2,CT1.T7.H34_S1.1,CT1.T7.H34_S1.2,CT1.T7.H34_S2.1,CT1.T7.H34_S2.2,CT1.T7.H34_S3.1,CT1.T7.H34_S3.2,CT1.T8.H35_S1.1,CT1.T8.H35_S1.2,CT1.T8.H35_S2.1,CT1.T8.H35_S2.2,CT1.T8.H35_S3.1,CT1.T8.H35_S3.2,CT2.T1.H36_S1.1,CT2.T1.H36_S1.2,CT2.T1.H36_S2.1,CT2.T1.H36_S2.2,CT2.T1.H36_S3.1,CT2.T1.H36_S3.2,CT2.T4.H39_S1.1,CT2.T4.H39_S1.2,CT2.T4.H39_S2.1,CT2.T4.H39_S2.2,CT2.T4.H39_S3.1,CT2.T4.H39_S3.2,CT2.T8.H43_S1.1,CT2.T8.H43_S1.2,CT2.T8.H43_S2.1,CT2.T8.H43_S2.2,CT2.T8.H43_S3.1,CT2.T8.H43_S3.2,20C_AllPool.1,20C_AllPool.2,20C_AllPool.3,20C_Pooled.A1.A3.1,20C_Pooled.A1.A3.2,20C_Pooled.A1.A3.3,20C_Pooled.B3.B5.1,20C_Pooled.B3.B5.2,20C_Pooled.B3.B5.3,20C_Pooled.C5.C7.1,20C_Pooled.C5.C7.2,20C_Pooled.C5.C7.3,24C_AllPool.1,24C_AllPool.2,24C_AllPool.3,24C_Pooled.A1.A3.1,24C_Pooled.A1.A3.2,24C_Pooled.A1.A3.3,24C_Pooled.B3.B5.1,24C_Pooled.B3.B5.2,24C_Pooled.B3.B5.3,24C_Pooled.C5.C7.1,24C_Pooled.C5.C7.2,24C_Pooled.C5.C7.3,28C_AllPool.1,28C_AllPool.2,28C_AllPool.3,28C_Pooled.A1.A3.1,28C_Pooled.A1.A3.2,28C_Pooled.B3.B5.1,28C_Pooled.B3.B5.2,28C_Pooled.B3.B5.3,28C_Pooled.C5.C7.1,28C_Pooled.C5.C7.2,28C_Pooled.C5.C7.3,C1.T7.H9_S1.3,C1.T7.H9_S2.3,C1.T7.H9_S3.3,C1.T8.H10_S1.3,C1.T8.H10_S3.3,C2.T8.H18_S1.3,C2.T8.H18_S2.3,C2.T8.H18_S3.3,C2.T9.H19_S2.3,C2.T9.H19_S3.3,C3.T6.H25_S1.3,C3.T6.H25_S2.3,C3.T7.H26_S1.3,C3.T7.H26_S2.3,C3.T7.H26_S3.3,CT1.T1.H28_S1.3,CT1.T1.H28_S2.3,CT1.T1.H28_S3.3,CT1.T2.H29_S1.3,CT1.T2.H29_S2.3,CT1.T3.H30_S1.3,CT1.T4.H31_S1.3,CT1.T4.H31_S2.3,CT1.T4.H31_S3.3,CT1.T5.H32_S1.3,CT1.T5.H32_S2.3,CT1.T5.H32_S3.3,CT1.T6.H33_S1.3,CT1.T6.H33_S3.3,CT1.T7.H34_S1.3,CT1.T7.H34_S2.3,CT1.T7.H34_S3.3,CT1.T8.H35_S1.3,CT1.T8.H35_S2.4,CT2.T1.H36_S1.3,CT2.T1.H36_S3.3,CT2.T4.H39_S2.3,CT2.T4.H39_S3.3,CT2.T8.H43_S1.3,CT2.T8.H43_S2.3,CT2.T8.H43_S3.3
Pleuromamma 0260bfbe825d95aca7b54a0909f97b59dc580e78,0,207,0,280,0,119,0,57,0,31,144,0,94,0,0,28,0,0,72,769,94,436,0,254,457,53,131,0,0,102,602,112,194,0,0,556,871,0,137,0,0,0,0,0,0,0,0,83,0,0,0,76,0,0,0,0,0,0,0,49,0,0,0,0,0,0,0,0,210,424,9,41,0,0,54,440,321,293,34,372,0,0,0,0,0,0,493,836,20,25,0,0,249,203,196,242,197,296,253,204,33,92,134,85,137,131,132,308,142,125,268,197,200,112,105,82,63,72,78,154,0,87,138,246,54,71,48,124,58,0,45,0,293,250,0,21,0,325,248,374,0,0,104,0,0,514,0,0,437,0,0,0,0,0,0,0,0,0,0,80,0,71,28,0,0,346,0,0
Clausocalanus furcatus 1a08bb6d37d7924e5dab4c0408f64896eacb991a,0,165,0,0,0,58,0,0,0,51,0,0,0,0,0,0,0,0,346,2171,74,314,0,1995,4333,82,324,0,0,228,2079,88,97,0,0,1145,2189,0,78,0,55,2003,1963,152,0,217,332,213,0,23,1250,3854,0,0,0,0,702,2945,77,130,0,0,78,111,0,0,0,0,200,462,0,0,0,34,28,457,17,20,0,0,0,0,0,0,0,0,143,216,0,0,0,0,615,515,401,311,227,342,3664,2207,887,57,75,103,314,238,330,253,359,161,3250,2184,2317,35,29,90,90,161,158,0,90,911,1140,1531,0,0,0,145,0,0,0,0,168,853,0,0,0,1012,0,3079,0,0,216,0,0,1400,96,625,2812,0,0,3538,0,0,2279,0,0,0,0,105,0,15,0,0,0,0,0,0
Pleuromamma 1e823715b95b2e76d7b69608b26072704c7c2ef1,0,60,0,14,0,12,0,67,0,9,16,0,26,0,0,13,0,0,0,24,0,42,0,0,20,8,18,0,0,5,33,17,47,0,0,24,24,0,6,0,0,0,0,0,0,0,0,10,0,0,0,14,0,0,0,0,0,0,0,22,0,0,0,0,0,0,0,0,25,59,9,82,0,0,16,154,93,82,9,137,0,0,0,0,0,0,84,93,31,86,0,0,167,153,177,56,22,55,27,12,6,144,229,116,93,102,122,82,32,28,41,27,28,212,176,123,51,68,61,33,0,13,11,19,84,132,62,38,1,0,8,0,41,50,0,22,0,18,20,24,0,0,10,0,0,18,0,0,13,0,0,0,0,0,0,0,0,0,0,12,0,13,7,0,0,52,0,0
Metridia pacifica 21ed13fe3ace8060314f604c98eb7b593d0e6ba2,0,2882,0,1570,1159,1009,0,502,0,0,1046,381,1583,0,0,0,148,0,0,980,0,473,0,529,1597,160,380,0,0,0,4293,1282,2223,0,0,1650,1871,404,594,0,0,773,761,1093,0,0,301,918,0,0,995,2847,699,1333,138,144,260,2176,0,1554,0,0,159,1145,0,0,0,0,1513,2064,0,327,0,254,0,2920,3452,2638,138,3964,0,38,0,0,0,0,1127,1520,0,210,0,0,3110,2716,2621,3974,3411,4724,4365,2127,0,757,1693,638,2197,2831,2663,6170,3394,3145,5439,4446,4248,1417,911,1011,2044,2270,2136,1684,3028,3264,2734,5866,766,862,521,1531,1056,495,791,0,2562,3792,0,166,0,731,379,2043,0,0,3654,3254,94,2715,901,298,2358,0,0,4567,1366,0,2908,0,1858,0,0,2232,115,502,1391,0,0,1800,0,0
Eucalanus californicus 247f09ccc8ae0ecc2da039900610e5494db93abe,0,90,0,0,73,0,0,4,225,0,5,8,16,5,34,0,0,2202,0,0,18,62,0,0,0,9,17,0,5,0,10,0,4,11,0,0,0,90,554,0,20,0,0,21,0,0,0,64,0,24,0,24,93,333,34,153,0,0,123,271,0,0,45,6,12,57,6,75,0,42,0,41,12,56,0,94,76,132,53,472,178,456,1,3,21,1246,0,3,11,8,31,92,416,312,281,156,119,210,335,237,188,206,439,217,89,84,92,115,68,37,187,157,132,125,108,180,19,16,33,0,0,6,19,27,12,19,6,99,0,9,0,0,0,43,339,0,1310,0,7,11,0,0,0,0,39,0,45,0,78,0,0,5,66,0,0,0,8,0,0,204,0,0,4,0,23,0,0,3
Metridia pacifica 2cfd457adc6936d89195dd4765ae81286f8b0ed5,52,2688,65,1317,529,1006,74,713,0,82,900,401,1444,0,0,38,202,15,0,69,0,112,0,0,111,0,58,0,0,79,2233,1127,1826,15,22,388,389,126,183,0,0,396,364,194,0,0,102,420,0,0,544,1427,537,938,0,0,0,241,94,1188,0,0,130,1669,11,12,0,0,1248,1743,35,614,28,171,76,3285,4181,2956,111,4314,0,43,15,47,0,0,790,1029,37,406,0,0,3661,3512,3670,3773,2774,4191,2234,1123,57,1261,2710,1018,2902,3565,3393,5297,2926,2940,2747,2318,2175,2620,1595,1800,2898,3593,2825,1533,2704,1917,1417,2904,1506,1620,1048,1474,792,313,617,0,2105,2985,0,315,45,0,130,560,0,0,1842,2426,70,638,355,193,565,0,0,2802,982,0,380,0,2616,0,0,1780,412,613,1637,44,47,1316,0,0
 2f9a39c8d8b69f7eedcd3582326b652370ce2ab1,68,3420,0,156,7683,538,159,577,21046,144,539,664,1903,304,5362,2326,15221,12424,155,1124,0,0,262,0,0,0,0,0,0,0,457,0,0,323,819,0,0,1009,2158,0,91,0,0,0,0,0,0,0,270,1359,0,0,0,0,0,0,0,0,0,819,215,699,0,0,0,151,346,1294,711,2299,408,7413,1159,13087,158,2775,0,300,19,673,0,0,2682,5910,0,0,3226,5177,229,329,1452,10807,8848,5942,4818,7725,7397,11229,225,224,223,3848,7057,4363,2716,3816,3497,11697,6695,5052,250,216,131,4921,3338,4636,1766,2273,4127,2329,3214,0,0,0,1828,2099,1092,4534,0,3097,228,5274,967,2473,24520,20208,0,436,0,0,0,0,0,0,3706,0,2412,0,0,0,66,0,0,0,0,0,191,23,539,1094,2647,449,22,5046,0,6217,0,4885
Metridia 32c7429ef986d3d6e6568889cab2755dd190fdbc,0,96,0,0,40,0,0,12,0,0,3,13,17,0,0,0,0,23,0,1,0,30,0,0,0,0,12,0,0,0,11,0,13,0,1,0,0,68,134,0,0,0,0,17,0,0,0,51,0,0,8,29,185,414,0,0,0,0,30,165,0,0,26,37,2,5,0,0,19,32,0,20,4,19,0,27,214,172,17,405,0,12,0,0,0,0,0,7,4,3,0,0,68,45,44,43,36,50,70,31,18,22,51,25,36,42,53,58,42,37,65,64,56,37,25,35,32,30,30,22,0,30,27,51,18,23,10,41,0,12,0,0,0,80,0,0,31,0,16,15,0,0,0,0,3,0,51,0,12,0,0,10,133,0,0,0,37,0,0,23,0,0,21,0,2,0,0,0
Calanus helgolandicus 341d37f9958a54163d7987e0dc5bb17818c5c7d8,0,110,0,0,88,0,0,195,0,0,0,0,77,0,0,0,126,44,0,0,0,0,0,0,0,0,0,0,0,0,27,28,34,0,20,1,0,0,0,0,0,0,0,0,0,0,0,37,0,0,17,37,0,3,0,0,0,2,0,75,0,0,0,59,0,245,0,156,0,14,0,541,0,65,0,86,113,79,0,101,31,439,292,698,576,2928,19,37,0,345,62,962,313,287,312,45,50,72,49,20,0,275,478,272,284,288,309,86,43,43,45,33,44,563,372,300,294,318,256,0,39,19,25,48,366,396,319,63,0,30,0,0,0,128,8,119,95,0,0,11,0,0,0,35,55,0,0,0,0,0,0,59,0,0,0,0,111,0,0,173,347,0,0,675,2277,27,0,703
Metridia pacifica 3855bfab8b2afdb2b740530c990e9a2535c5a15b,81,6218,167,3594,1031,2054,167,1428,10,317,2082,1002,4029,0,0,99,253,0,0,188,0,169,0,0,271,23,62,0,0,312,6406,2895,4523,24,55,353,613,211,423,0,0,612,520,160,0,0,143,776,0,0,842,2529,564,1378,0,0,0,322,370,2953,0,0,566,2756,0,95,0,0,2678,4832,170,2188,0,392,342,10339,8265,7383,421,11783,0,45,0,39,0,0,1624,2384,280,1143,0,0,10699,9996,9059,8976,7052,10426,4688,2348,564,3837,8489,3663,6637,7841,7838,12120,6187,5021,5640,4558,4239,6119,3837,5139,4882,5759,4685,2694,4573,2485,2281,4809,2132,2752,1399,3166,1974,271,1167,0,4829,4378,0,188,0,80,116,550,0,0,3363,4837,166,582,345,201,1147,0,0,3093,1184,0,0,0,3387,0,0,3397,323,1014,2604,0,0,1962,0,0
 3907c0c3540893fea852cf1e2e15ee876e097dc1,0,520,0,0,0,0,0,0,0,0,0,0,442,0,0,0,0,0,0,805,0,0,0,293,384,0,0,0,0,0,244,156,178,0,0,634,1045,5732,13480,0,0,789,587,11807,0,89,93,0,0,0,33,282,89,272,158,538,0,93,947,6050,0,0,208,266,0,171,465,2045,1698,5625,0,565,240,2607,0,1508,0,230,0,306,263,899,0,717,152,2611,0,0,0,0,0,1047,2365,1584,1339,1268,1175,1753,1146,851,306,991,1789,1068,755,1074,936,1865,1100,747,1056,853,580,1164,844,1250,488,570,1098,309,456,252,367,455,459,502,268,699,0,0,0,0,0,1004,1455,493,0,343,0,322,0,0,0,42,846,376,11544,65,3866,0,0,130,78,0,37,0,282,0,671,2731,202,164,0,614,516,0,0,437
Metridia pacifica 3a4660f8928b0bba5379764b63c8f98ae30a1d3b,0,636,0,1551,1258,0,0,345,207,0,0,0,341,0,12,0,0,0,115,1764,352,2285,18,645,1429,59,161,0,0,0,1653,633,925,162,392,1743,2747,2025,4172,357,860,2273,2378,146,0,0,220,739,0,0,176,606,194,546,396,609,0,202,176,1433,0,0,0,0,0,0,0,0,519,893,0,57,110,892,0,819,1202,1073,0,1526,14,62,0,0,0,0,954,1560,0,55,0,0,780,718,589,1354,987,1448,1480,739,153,165,434,238,426,524,507,1638,857,783,1713,1366,1340,255,184,206,347,439,331,0,661,778,727,1433,114,122,80,0,784,343,0,41,0,2458,48,0,0,573,1089,2067,0,0,748,867,717,2187,3209,548,1278,0,0,564,324,71,0,0,0,0,0,429,0,0,292,0,0,1068,0,0
Calanus helgolandicus 50ae18a387ee0c27a601b2de29233b88891665e2,58,3354,0,163,614,179,619,4299,147,164,319,605,2062,0,0,551,1789,1681,0,0,0,0,0,0,0,0,0,0,10,54,1240,492,824,117,452,14,40,0,2,0,40,0,0,0,0,16,14,295,0,179,46,239,11,45,0,0,142,355,644,2486,98,203,779,2011,15181,47764,4998,18809,168,1145,1740,36637,100,823,486,8809,3475,3858,270,6392,686,3289,6792,17470,7909,72574,212,459,3152,20057,4053,27691,29474,24291,20157,4613,4217,6233,1617,1045,1273,25431,56785,25413,10396,12520,12766,3205,1791,1225,900,596,537,40503,23335,28549,6834,8401,7270,314,442,89,131,243,17532,19811,13350,1628,19,81,46,0,547,780,0,1493,1479,0,0,45,0,0,28,168,1080,0,0,0,398,0,0,134,39,0,70,0,1936,15724,7969,8992,13411,313,400,14051,23842,65,996,12421
 5153fd153d032ca08987dc412a9c67b6794b21bf,0,234,0,51,96,26,0,95,0,0,8,19,110,57,633,35,66,3691,0,0,0,0,0,0,0,0,0,0,0,0,102,97,131,0,8,0,4,0,0,0,0,0,0,0,0,0,0,0,0,0,31,148,36,184,22,38,0,0,0,0,0,0,21,0,0,29,0,46,0,63,0,121,0,40,11,238,203,266,43,741,203,1070,46,139,228,5409,64,106,0,81,200,974,594,531,369,447,419,602,266,170,200,249,579,324,195,201,216,439,205,136,194,170,134,292,164,260,93,72,86,29,43,37,48,108,44,77,35,128,0,0,0,0,0,140,3164,0,2095,0,0,0,0,0,0,37,28,0,0,0,0,0,0,90,50,0,0,0,0,0,0,773,0,0,20,46,451,0,0,132
 562a6c89616b1cf51f15caa15b0e5a565dfe0427,0,119,0,0,800,0,0,108,0,0,11,86,175,0,0,0,161,16,0,12,0,25,0,0,26,39,126,0,0,0,49,76,114,0,77,32,33,0,83,0,0,107,113,0,0,0,0,91,0,0,21,75,14,34,0,0,0,1,0,121,0,0,0,0,0,71,0,0,22,55,0,463,0,225,0,58,103,128,0,159,166,1354,71,200,71,835,5,21,0,32,55,369,224,172,173,89,99,103,88,55,0,94,195,130,150,135,175,103,65,50,89,81,72,218,125,154,70,64,124,0,39,43,45,86,62,66,0,56,0,160,0,0,0,157,44,122,0,0,0,49,0,0,0,60,164,14,0,38,0,0,0,84,0,0,0,0,0,0,0,106,0,0,10,74,158,0,0,52
Calanus 5c28fb044703f8d7dc9a17c20a178f0e34feb322,58,3314,67,1554,669,922,96,1082,13,107,1039,387,1770,0,0,58,328,36,0,0,0,0,0,0,0,0,0,0,0,108,2220,1083,1976,71,85,99,115,0,0,8,3,0,0,17,0,0,40,421,0,0,170,503,138,351,0,0,0,105,114,1325,0,0,238,1819,0,54,0,0,1186,1931,50,1164,41,363,106,4532,4866,3708,182,5009,0,254,0,59,0,0,824,1236,81,775,0,0,4192,3856,3915,3335,2705,4202,1065,629,167,1453,3305,1259,2841,3648,3624,4626,2780,2444,1233,966,883,2934,1699,1975,2827,3521,2836,1391,2077,729,680,1235,1557,1716,1311,1448,521,244,354,0,2146,2157,0,317,0,0,0,246,0,0,686,1456,320,120,0,0,300,0,0,547,255,0,171,0,2016,0,0,1219,488,560,1166,0,0,724,0,0
 6950a504c858e51241cac98cb4b1b8cad81eff0e,0,324,0,306,1308,86,0,57,0,0,73,85,339,0,0,0,49,0,0,114,35,146,0,89,220,49,108,0,0,42,444,407,646,45,38,372,326,424,662,3,4,266,297,0,0,0,38,272,0,0,83,257,214,464,368,326,0,0,0,132,0,0,0,0,0,0,0,0,242,375,0,56,34,251,0,126,318,219,21,351,0,178,0,0,0,0,79,122,0,0,0,0,181,151,146,414,454,444,461,318,0,47,49,35,119,149,141,592,340,314,547,505,454,57,34,46,101,98,128,221,328,395,383,552,24,39,0,186,158,555,59,0,149,480,93,61,0,111,185,410,0,0,217,466,185,303,753,164,243,0,0,356,251,156,0,0,39,0,0,221,0,49,89,0,0,73,0,0
Metridia pacifica 6b976e008f3c98aa86cb64aa686cbfcb409c8f0a,0,1887,0,859,650,591,0,247,0,0,627,259,828,0,0,0,56,0,0,428,56,246,0,428,691,0,91,0,0,0,2859,887,1195,0,0,750,1113,232,475,0,0,402,275,358,0,0,184,437,0,0,468,1321,441,806,0,0,294,1818,0,839,0,0,128,566,0,0,0,0,753,1402,0,313,0,103,64,2442,1858,1606,125,2715,0,0,0,0,0,0,576,747,38,143,0,0,1971,1755,1621,2443,2000,2808,2152,1040,0,548,1309,518,1310,1748,1567,3648,2214,1831,2758,2435,2141,931,569,771,1031,1265,1213,936,1484,1414,1174,2363,368,406,242,1118,762,238,594,0,1587,1883,0,75,0,292,224,1064,0,0,2434,1886,45,1490,463,188,1108,0,0,2089,818,0,1929,0,1068,0,0,1313,50,290,882,0,0,1053,0,0
Calanus helgolandicus 6e6b2ae850506cc0ea7baa4492214e7987501560,77,4999,90,688,1324,546,323,2607,91,217,762,750,2849,0,34,321,1235,1248,0,0,0,0,0,0,0,0,0,0,9,150,2289,1133,1664,144,369,45,117,0,10,0,0,0,0,0,20,0,34,538,0,0,173,654,85,238,0,8,104,496,454,2775,0,0,722,2741,845,1926,608,1971,669,2315,483,9191,169,760,406,9068,5146,4972,327,7563,390,2474,1582,3872,1844,13566,690,1123,678,4655,861,5596,13679,12347,11543,4578,3978,5752,1421,922,545,8193,18556,7443,8478,10404,10097,5916,3330,2392,1620,1349,1192,16927,9673,10506,6754,7928,6465,914,1422,404,446,915,8444,9549,6586,2521,131,252,185,0,1514,2088,220,1767,1543,0,0,218,0,0,174,755,1115,0,0,0,397,0,0,568,209,0,300,0,3161,1216,1671,2270,5379,571,985,4483,8006,284,0,4116
Neocalanus cristatus 7761526519fda29c5c9ac6663b370054e80b7263,0,49,0,0,0,13,0,37,0,3,0,2,0,0,0,7,0,0,0,0,24,72,0,0,0,0,10,0,0,12,306,48,93,0,0,25,82,37,248,0,16,378,298,46,0,12,7,36,0,0,107,492,7,43,0,0,48,104,217,528,0,0,0,0,117,283,0,0,0,23,0,78,0,0,2,29,57,53,0,173,0,0,22,66,0,0,9,8,19,60,0,0,537,443,387,123,91,169,1037,742,526,143,325,163,176,217,221,88,63,36,522,418,327,194,120,157,110,103,120,0,0,77,115,127,80,66,39,14,0,0,3,0,11,31,0,6,0,0,0,15,0,0,0,0,2,0,0,35,405,0,0,226,0,0,24,0,0,45,0,24,36,0,0,53,0,0,0,0
Calanus helgolandicus 78f54f41acba54d14189a57d673d19a7e9c4b936,18,811,6,88,111,115,45,818,19,8,159,124,564,0,0,16,220,0,0,0,0,0,0,0,0,0,0,0,0,5,155,178,338,30,58,2,1,0,0,0,0,0,0,1,0,0,0,53,0,0,27,80,10,27,0,0,0,1,23,436,0,0,74,830,75,144,0,0,159,231,54,1799,0,113,21,1199,1797,1249,62,1566,0,205,0,96,0,0,120,160,99,1503,0,49,2732,2627,2555,675,571,860,95,74,9,1870,4239,1529,2086,2494,2604,1010,559,467,157,137,102,4251,2564,2618,2021,2353,1920,290,496,84,73,143,2423,2679,1952,459,42,44,69,0,370,503,0,229,0,0,0,15,0,0,71,324,135,7,0,0,14,0,0,114,39,0,0,0,1063,0,0,243,1033,188,498,0,0,131,0,0
Paracalanus parvus 961cd5ce154310c7fd54468560aca8d35041c8c7,62,4060,0,0,0,267,0,0,0,360,1000,0,0,0,0,0,0,35,128,780,0,0,0,1323,1563,0,0,0,0,85,1238,0,0,0,0,161,475,0,0,0,30,825,674,0,0,71,71,11,0,0,348,1741,0,0,0,0,927,3675,0,0,0,0,216,182,0,2,0,0,89,566,0,0,0,12,525,8755,295,455,0,0,14,57,0,0,0,0,184,434,0,0,0,0,1558,1275,963,2698,2165,3318,2077,1607,704,242,456,248,365,442,416,2584,1526,964,1623,1199,1002,150,0,167,111,141,216,360,316,180,368,499,0,60,0,2708,0,0,69,0,1731,211,0,0,0,101,0,705,0,0,33,0,43,91,0,100,1889,0,0,1008,0,0,1316,0,138,0,0,43,0,403,0,0,0,49,0,0
Metridia pacifica 97d5948bd4b4362b9bfcff8f47c1af49259ea0d2,0,623,0,357,902,204,0,101,0,0,189,83,328,0,30,0,75,29,64,633,41,247,0,444,1623,135,231,0,0,157,1910,392,660,0,0,1360,1671,326,451,0,0,740,648,0,0,96,242,489,0,0,709,1989,351,672,122,171,178,1716,0,316,0,0,0,158,0,0,0,0,372,608,0,54,0,119,0,415,544,402,0,646,0,30,0,0,0,0,503,566,0,23,0,0,359,333,318,865,726,1091,2044,1031,166,96,127,63,241,305,326,1177,688,692,2607,2212,2041,123,79,85,353,313,265,360,561,1590,1336,2524,77,73,40,277,141,417,0,0,332,1699,100,91,0,591,225,1784,0,0,1209,848,57,1925,642,334,1286,0,0,2947,486,57,2659,0,205,0,0,480,0,71,175,0,0,621,0,0
Calanus 9b9f6e13b644886afad8864d6601b2000dae17a0,0,93,0,0,37,0,0,20,46,0,3,7,28,1,6,0,0,380,0,0,0,0,0,0,0,0,0,0,1,0,1,0,7,1,5,0,0,0,2,0,0,0,0,0,0,0,0,26,0,2,1,7,19,33,0,0,0,0,27,138,0,0,35,37,75,250,80,253,0,13,0,118,6,49,0,32,181,191,16,305,59,378,12,28,155,1275,0,6,11,34,44,176,123,100,87,14,17,32,15,10,28,118,257,129,61,82,83,27,14,18,14,11,8,224,132,145,62,49,81,8,0,6,5,7,94,95,57,45,0,9,0,0,0,37,16,0,482,0,0,1,0,0,0,0,15,0,0,0,1,0,0,2,22,0,0,0,30,33,0,142,0,0,16,0,269,0,0,65
 a19023e2938b2d4c19d5e2b8c4962e8bcd73177d,0,53,0,19,1985,5,0,0,39,0,0,44,98,0,5,27,0,0,0,0,29,159,0,86,57,36,122,0,0,0,254,119,203,0,50,46,107,225,1212,31,160,118,118,0,0,0,0,75,0,0,9,46,22,80,364,853,0,32,0,52,0,0,0,0,0,0,0,0,21,200,0,95,93,472,0,49,38,84,0,127,588,2404,0,0,0,472,0,0,0,7,0,85,328,263,212,293,276,345,426,291,176,89,166,126,73,89,0,199,111,58,272,250,186,0,0,0,0,0,0,0,0,0,18,44,0,0,0,48,0,261,0,0,0,57,45,0,0,0,23,39,0,0,0,0,187,25,115,16,0,0,0,19,15,61,0,0,0,0,0,142,0,0,0,0,0,0,0,0
Pleuromamma a32d276e30f76e771318e8c516046bc05f72db69,0,247,21,255,1006,0,31,141,52,0,0,96,174,0,70,0,0,0,239,3000,62,407,0,714,1777,159,475,0,0,0,623,275,479,90,159,1045,1796,1776,4112,32,24,4675,4398,260,0,146,170,432,0,0,174,582,114,273,769,1044,127,329,192,1645,0,0,28,97,0,0,0,0,137,264,0,0,15,132,0,77,127,134,21,342,0,199,0,0,0,0,0,117,0,0,0,0,287,208,194,366,284,408,857,450,123,0,55,26,122,140,168,505,239,222,1041,798,741,43,0,35,73,100,139,151,158,363,398,746,0,0,0,162,44,170,0,0,0,761,446,0,0,1274,182,1162,0,0,0,240,398,949,2571,1738,691,0,0,433,88,239,254,0,77,0,0,72,0,0,63,0,0,0,0,0
Metridia pacifica b0c15e6164ee940205efe0f1e1a0a0c19435ec9f,358,26277,2417,60429,7074,15312,292,1827,38,2943,15432,3552,12831,0,20,284,396,224,683,5513,652,3376,0,4804,6955,178,508,0,0,4844,116117,18911,30899,63,214,11868,21317,5507,15078,47,327,4525,4326,3751,14,2414,5240,6813,0,49,4824,17233,6364,17879,510,976,4897,23429,2189,11668,0,0,1745,5933,0,40,0,0,24254,51419,164,1650,232,1305,1743,45407,25186,24695,1683,43767,0,95,0,20,0,0,12423,19998,226,627,0,0,29592,24827,21245,59765,48846,70217,58325,28122,12253,5818,12727,5924,11104,13597,13425,66250,34323,30243,55843,44257,41064,5576,3307,5792,7261,8752,7702,13661,21395,20579,19221,41159,1613,1913,1006,11909,25454,1525,7685,0,31375,19076,158,281,110,1838,1635,8040,0,0,40956,23850,619,14723,7880,1156,36243,323,0,16959,8993,110,13138,0,6827,0,0,21023,179,3364,6774,0,0,12590,0,0
Rhincalanus b39500169f19f6f7dc74cde23a266fe3bd9d8079,0,144,10,79,25,61,0,71,3,0,0,0,66,0,54,0,0,34,0,0,0,0,0,0,0,0,0,0,0,0,98,82,141,0,0,0,0,0,0,0,0,0,0,0,0,0,0,0,0,0,24,65,114,229,0,14,0,0,0,0,0,0,0,22,0,0,0,0,20,47,0,19,0,0,0,84,331,236,0,479,0,59,0,0,0,0,81,102,0,24,0,0,134,108,123,230,193,257,96,56,32,41,87,39,89,115,110,282,181,199,118,95,102,80,41,49,76,78,76,89,154,73,56,128,48,37,27,65,0,13,39,0,18,140,202,0,0,0,0,28,0,0,45,107,14,4,0,0,9,0,0,88,100,0,0,0,41,0,0,85,0,29,112,0,0,48,0,0
 bb43537ab7d266d059e40deb9e1f8536790adc35,0,401,0,151,3744,38,0,67,0,18,63,117,374,40,200,62,127,65,57,329,104,259,63,267,520,247,740,0,0,70,523,346,474,142,234,383,518,491,1679,0,64,647,608,0,0,75,62,533,28,103,164,405,112,320,768,1523,15,69,87,312,0,0,0,0,0,4,0,0,129,381,0,213,0,510,18,297,203,246,26,338,198,1829,30,107,19,305,91,119,0,13,20,108,470,368,333,568,500,619,770,577,271,115,193,135,207,216,209,522,385,280,763,550,585,123,87,90,85,98,114,104,108,253,309,486,30,51,0,228,0,916,0,0,88,613,905,138,0,147,155,522,0,0,0,201,592,372,593,174,767,0,0,375,105,376,77,0,0,0,0,112,0,28,20,20,63,0,0,25
 e01f93ca2ee277a2bc78e4f8f0e3ee68b98bf1fc,4,101,0,0,57,4,0,29,30,2,4,5,19,0,0,0,0,411,0,0,1,10,0,0,0,0,21,0,2,0,0,0,3,15,0,0,0,11,15,0,1,0,0,6,0,0,1,40,0,6,0,15,17,74,0,0,0,0,18,167,0,0,16,60,196,615,86,482,0,15,12,200,5,46,6,29,207,172,12,372,43,413,30,47,218,2208,0,0,10,58,62,351,218,155,155,28,16,31,41,19,26,229,498,260,104,168,144,29,13,26,37,27,24,410,218,259,85,96,128,0,0,13,13,31,214,231,127,38,0,6,0,0,6,59,0,8,741,0,0,7,0,0,0,0,20,0,0,0,1,0,0,15,37,0,0,0,52,88,105,174,52,0,37,33,669,0,0,95
Metridia pacifica e199318c40876066960330bd9ea208fb7639a760,30,1815,0,412,285,313,70,1136,0,59,394,284,1082,0,0,57,280,23,0,0,0,44,0,0,0,0,14,0,0,45,773,497,898,14,23,60,96,44,89,0,0,164,165,51,0,0,25,245,0,0,150,548,76,177,0,0,0,75,107,1043,0,0,162,1299,133,252,0,0,417,672,103,2323,25,180,88,2493,2744,2256,149,2945,0,48,74,127,0,0,295,514,196,1509,0,0,4324,3835,3851,1500,1164,1819,683,386,129,2616,5926,2292,2978,3691,3589,1983,1065,987,665,529,543,5051,3260,3773,2774,3295,2768,513,807,342,332,641,2778,3334,2079,642,85,83,118,0,640,951,0,264,56,0,0,48,0,0,202,561,62,0,0,27,142,0,0,632,170,0,33,0,1474,0,0,478,948,267,596,83,109,249,146,0
Neocalanus cristatus e396f514beb6bb0e29a828575cc7fea775d24085,0,86,0,0,0,25,0,24,0,5,0,4,0,0,0,0,0,0,0,0,0,205,0,0,0,0,89,0,0,41,504,114,124,0,0,90,211,90,378,0,0,801,785,170,0,0,28,64,0,0,371,1173,24,144,0,0,27,125,139,597,0,0,0,0,9,10,0,0,0,23,0,14,0,0,2,45,75,72,0,215,0,0,8,14,0,0,18,25,2,17,0,0,259,217,217,108,96,149,954,606,191,59,88,55,152,154,141,164,108,65,1038,723,700,72,53,55,100,103,126,0,0,222,307,531,38,40,33,37,0,0,10,0,29,117,0,7,0,0,0,89,0,0,0,0,6,0,116,194,335,0,0,868,0,0,87,0,0,3,0,18,13,0,0,8,0,0,0,0
Pleuromamma fa7356df1a872486053eb1a14ff614012cdadde9,0,35,0,25,444,0,0,30,763,0,0,0,26,0,50,0,0,0,323,2405,103,474,789,650,710,33,187,0,0,0,182,42,74,293,628,275,624,1281,4365,360,851,4289,3952,59,0,0,49,131,0,0,22,100,7,21,786,1487,0,257,294,851,0,0,0,0,0,0,0,0,7,56,0,0,23,143,0,22,15,23,0,87,126,365,0,0,0,0,0,22,0,0,0,17,218,207,156,218,174,237,627,357,273,0,61,40,61,38,49,117,40,33,351,279,255,25,0,21,11,7,15,0,4,19,38,91,0,0,0,0,5,38,0,111,0,139,374,0,0,476,175,370,0,0,0,12,1411,168,1313,875,509,0,0,35,7,149,0,0,0,0,0,16,0,0,4,0,0,0,0,0
 ff62c6fc3f5f5a03af66155247b74210ad634523,5,185,0,0,147,13,0,31,28,4,15,12,32,0,124,0,0,609,0,0,0,74,0,0,0,62,208,0,4,0,10,0,13,12,0,0,0,74,140,0,0,0,0,35,0,0,7,86,0,0,0,75,174,483,54,90,0,0,24,279,0,0,15,100,8,20,14,45,0,48,10,62,11,78,6,32,400,238,25,580,51,471,7,10,72,551,0,7,9,12,9,78,189,163,183,85,64,116,184,112,35,110,221,108,97,173,104,123,78,54,190,139,190,197,110,134,88,113,121,0,0,56,84,175,89,107,72,109,0,36,0,0,22,205,512,9,1069,0,37,88,0,0,0,0,29,0,99,0,28,0,0,59,260,0,0,0,90,7,27,77,23,0,88,9,228,0,0,29
Other,39,8718,6,1257,9574,1965,23,1428,17163,243,2864,156,1099,556,17224,312,4783,13047,1808,18447,2676,15749,3518,9151,19793,6095,16333,18837,93625,293,13144,2238,2900,20632,37278,7809,12476,7340,24180,50946,97983,7978,7456,18448,35530,2294,2179,11566,41011,98327,2678,10175,1837,4403,38613,48744,14317,73079,1643,10879,2611,23519,284,1218,4382,16468,769,2952,3230,7391,44,5102,409,10877,340,12196,5783,3972,43,5479,1733,13050,874,3435,2945,36662,2822,5151,50,1695,648,6903,31122,26145,20308,15514,12730,20737,73298,34486,7136,11815,23649,12472,11137,13363,13865,21268,12333,8209,83372,80847,54623,16838,10380,13697,6644,7677,11207,3174,6842,41787,25675,55838,5183,7060,3591,8697,1471,3084,952,2655,8103,13935,64269,3749,8308,10596,9278,21005,833,2002,5840,4472,121216,12309,13172,4511,66230,100,28162,17986,2942,7506,53710,8544,2642,3197,913,8440,1324,1730,1273,2434,13525,5311,12,2956
