"","C1-T7-H9_S1","C1-T7-H9_S2","C1-T7-H9_S3","C1-T8-H10_S1","C1-T8-H10_S2","C1-T8-H10_S3","C2-T8-H18_S1","C2-T8-H18_S2","C2-T8-H18_S3","C2-T9-H19_S2","C2-T9-H19_S3","C3-T6-H25_S1","C3-T6-H25_S2","C3-T6-H25_S3","C3-T7-H26_S1","C3-T7-H26_S2","20C_Pooled-A1-A3.1","20C_Pooled-A1-A3.2","20C_Pooled-A1-A3.3","24C_Pooled-A1-A3.1","24C_Pooled-A1-A3.2","24C_Pooled-A1-A3.3","28C_Pooled-A1-A3.1","28C_Pooled-A1-A3.2"
" 10c3d1c8405b910ef842f394542a5580dc7e9010",719.333333333333,0,0,295.5,0,0,677,103.333333333333,0,0,0,73,0,0,397.333333333333,0,1022,694,1035,1151,739,688,470,566
"Calanus helgolandicus 2010a621a13cf49374bf4c950a42175421a652b0",143,0,162,0,0,0,0,541,136,181,294,0,0,0,167,0,243,218,343,382,165,184,125,162
"Neocalanus cristatus 207114b11583026b14531339aeff5641dd94caec",19,0,0,24,0,0,7,46.3333333333333,0,0,0,21,105,0,62.3333333333333,27,110,91,99,160,127,112,51,76
"Metridia pacifica 21ed13fe3ace8060314f604c98eb7b593d0e6ba2",1471,875.333333333333,827,900,251,0,1202.66666666667,1918.66666666667,0,104.666666666667,0,570.333333333333,284,0,1389.66666666667,180,3974,3411,4724,6170,3394,3145,1684,3028
"Metridia pacifica 2cfd457adc6936d89195dd4765ae81286f8b0ed5",1404.66666666667,724.666666666667,421,811.5,393.5,0,1029,1610,0,185,30,23,80.6666666666667,0,223.666666666667,19.3333333333333,3773,2774,4191,5297,2926,2940,1533,2704
" 2f9a39c8d8b69f7eedcd3582326b652370ce2ab1",2674,52,5390,383,368,13160,550,1680,10062,12585,6212,571.666666666667,0,262,0,0,7725,7397,11229,11697,6695,5052,2329,3214
"Metridia pacifica 3855bfab8b2afdb2b740530c990e9a2535c5a15b",3155,1911.66666666667,651,1610.5,797.5,5,2409.33333333333,3136.33333333333,0,180,0,89.3333333333333,95,0,273.666666666667,28.3333333333333,8976,7052,10426,12120,6187,5021,2694,4573
" 3907c0c3540893fea852cf1e2e15ee876e097dc1",406.333333333333,0,0,0,0,0,0,482,485,164.333333333333,0,382.666666666667,0,0,333,0,1268,1175,1753,1865,1100,747,309,456
" 3b46a0689c4dc296a5046eb3cfb003a0ca04e7fe",101.666666666667,0,43,0,6,6.5,0,105.333333333333,25,1,0,0,45.6666666666667,0,36.3333333333333,16.6666666666667,124,73,148,146,110,79,34,49
"Calanus helgolandicus 50ae18a387ee0c27a601b2de29233b88891665e2",1680,60.6666666666667,347.5,112.5,2459,73.5,343.333333333333,1149,0,1277.66666666667,1580,0,0,0,15,0,4613,4217,6233,3205,1791,1225,314,442
" 5153fd153d032ca08987dc412a9c67b6794b21bf",120.666666666667,17,48,13,47.5,0,2.66666666666667,89.6666666666667,1284.66666666667,33.6666666666667,2893,0,0,0,0,0,447,419,602,439,205,136,29,43
"Metridia pacifica 5548f5906a4522e2196d674ad3826fb4fc8430b8",45,111,520,23,19,0,46.3333333333333,231,0,4,0,9,50.3333333333333,0,90.6666666666667,15.3333333333333,409,292,475,501,271,230,139,231
" 5c28fb044703f8d7dc9a17c20a178f0e34feb322",1606.66666666667,714,456.5,638,589,6.5,1097.33333333333,1438,0,234.333333333333,18,0,0,0,82,0,3335,2705,4202,4626,2780,2444,1391,2077
"Paracalanus parvus 5d9ee140b17e218e06fffae434d6dad14ebb91db",712.666666666667,0,0,198,0,0,515.666666666667,70.3333333333333,0,0,0,101.666666666667,0,0,375.666666666667,0,763,462,996,1168,832,617,339,443
" 6950a504c858e51241cac98cb4b1b8cad81eff0e",170,154.666666666667,931.5,72.5,28.5,0,74,301.333333333333,31,36.6666666666667,0,75,122,0,239.666666666667,52.3333333333333,414,454,444,592,340,314,221,328
"Metridia pacifica 6b976e008f3c98aa86cb64aa686cbfcb409c8f0a",1001.66666666667,540.333333333333,444,592.5,123.5,0,738,990,0,43.6666666666667,0,240,175.333333333333,0,727.666666666667,30.3333333333333,2443,2000,2808,3648,2214,1831,936,1484
"Calanus helgolandicus 6db8cc221939cdc8c55a0191ffe9bdeca0679b0e",18.3333333333333,0,206.5,0,33.5,0,0,60,0,59.3333333333333,0,0,0,0,0,0,45,63,77,67,49,41,21,18
"Calanus helgolandicus 6e6b2ae850506cc0ea7baa4492214e7987501560",2532.33333333333,303,788,365.5,1465,45.5,831,1895.66666666667,84.6666666666667,1107.66666666667,1395.5,0,0,0,72.6666666666667,0,4578,3978,5752,5916,3330,2392,914,1422
"Calanus helgolandicus 78f54f41acba54d14189a57d673d19a7e9c4b936",429.333333333333,45.3333333333333,77.5,92,431.5,9.5,179,397,0,155,0,0,0,0,5,0,675,571,860,1010,559,467,290,496
"Paracalanus parvus 961cd5ce154310c7fd54468560aca8d35041c8c7",2276.66666666667,0,0,168,0,0,1030.33333333333,70.3333333333333,0,0,17.5,336.333333333333,0,0,1197,0,2698,2165,3318,2584,1526,964,360,316
"Metridia pacifica 97d5948bd4b4362b9bfcff8f47c1af49259ea0d2",300,166,659.5,102,50.5,0,173.666666666667,703.333333333333,43.3333333333333,55.3333333333333,14.5,429.333333333333,171,0,1283.66666666667,122,865,726,1091,1177,688,692,360,561
" a32d276e30f76e771318e8c516046bc05f72db69",136.333333333333,106.666666666667,588,0,86,26,0,343.666666666667,172,0,0,1504.33333333333,217,0,1217.66666666667,211.333333333333,366,284,408,505,239,222,151,158
"Metridia pacifica b0c15e6164ee940205efe0f1e1a0a0c19435ec9f",12848,29433.3333333333,4299.5,11498.5,1059.5,19,16583.3333333333,11819.6666666667,59.3333333333333,320.333333333333,167,2678,1887.66666666667,0,6599.66666666667,228.666666666667,59765,48846,70217,66250,34323,30243,13661,21395
" b308f1ff1c8a4490fc47c87f05295b7e5a4a6610",43,5,54,0,0,0,0,192,0,0,0,57,17,0,68,0,64,75,94,123,46,26,32,28
" b39500169f19f6f7dc74cde23a266fe3bd9d8079",69.6666666666667,29.6666666666667,19,50,35.5,1.5,6,68.6666666666667,85.3333333333333,0,17,0,0,0,9.33333333333333,0,230,193,257,282,181,199,89,154
" bb43537ab7d266d059e40deb9e1f8536790adc35",209.666666666667,50.3333333333333,2330,19,33.5,0,56.3333333333333,368,381.666666666667,109,32.5,177.666666666667,172.666666666667,63,436.333333333333,329,568,500,619,522,385,280,104,108
"Metridia pacifica c106e1cd25bef13848fb5696229c97e7ec724fc1",44,202,124,0,0,0,57,455,0,0,0,256,194,0,654,0,206,86,201,229,130,103,62,127
" c621ead91f54c394ee29a0669ebe477d85be4b7d",704.333333333333,0,0,340,0,0,733.333333333333,105,0,0,0,72.3333333333333,0,0,352.333333333333,0,982,851,1214,1364,1004,779,472,696
"Metridia pacifica e199318c40876066960330bd9ea208fb7639a760",829,165.666666666667,184,215.5,603,0,364.333333333333,772.333333333333,0,200.333333333333,39.5,0,14.6666666666667,0,16,4.66666666666667,1500,1164,1819,1983,1065,987,513,807
"Neocalanus gracilis f439140f389fcafab48955b2d982492c4de5820f",0,0,0,0,0,0,0,0,0,0,0,345,318,0,32.6666666666667,367.333333333333,63,34,72,94,83,63,55,37
"Clausocalanus furcatus f8a30baa160074c5d81f39bbfa5ce59111caa57a",69.6666666666667,0,0,86.5,0,0,121.333333333333,191,0,0,0,338,99.6666666666667,0,959.666666666667,22,365,286,201,395,177,212,166,254
"NA Other",4352,546.666666666667,2656.5,339,125.5,4367,2709.33333333333,4398.33333333333,3530.66666666667,3239.83333333333,4819.5,7734.16666666667,8165.83333333333,464,12775.3333333333,4933.16666666667,7721,6476,11036,11521,6304,3939,1138,3340
