,Sample_name,cycle_num,Pool,sample_id,sample_num
1,C1.T7.H9_S1.1,30,1,C1.T7.H9_S1,C1.T7.H9_S1
2,C1.T7.H9_S1.2,30,2,C1.T7.H9_S1,C1.T7.H9_S1
3,C1.T7.H9_S2.1,30,1,C1.T7.H9_S2,C1.T7.H9_S2
4,C1.T7.H9_S2.2,30,2,C1.T7.H9_S2,C1.T7.H9_S2
5,C1.T7.H9_S3.2,30,2,C1.T7.H9_S3,C1.T7.H9_S3
6,C1.T8.H10_S1.2,30,2,C1.T8.H10_S1,C1.T8.H10_S1
7,C1.T8.H10_S2.1,30,1,C1.T8.H10_S2,C1.T8.H10_S2
8,C1.T8.H10_S2.2,30,2,C1.T8.H10_S2,C1.T8.H10_S2
9,C1.T8.H10_S3.2,30,2,C1.T8.H10_S3,C1.T8.H10_S3
10,C2.T8.H18_S1.1,30,1,C2.T8.H18_S1,C2.T8.H18_S1
11,C2.T8.H18_S1.2,30,2,C2.T8.H18_S1,C2.T8.H18_S1
12,C2.T8.H18_S2.1,30,1,C2.T8.H18_S2,C2.T8.H18_S2
13,C2.T8.H18_S2.2,30,2,C2.T8.H18_S2,C2.T8.H18_S2
14,C2.T8.H18_S3.1,30,1,C2.T8.H18_S3,C2.T8.H18_S3
15,C2.T8.H18_S3.2,30,2,C2.T8.H18_S3,C2.T8.H18_S3
16,C2.T9.H19_S2.1,30,1,C2.T9.H19_S2,C2.T9.H19_S2
17,C2.T9.H19_S2.2,30,2,C2.T9.H19_S2,C2.T9.H19_S2
18,C2.T9.H19_S3.2,30,2,C2.T9.H19_S3,C2.T9.H19_S3
19,C3.T6.H25_S1.1,30,1,C3.T6.H25_S1,C3.T6.H25_S1
20,C3.T6.H25_S1.2,30,2,C3.T6.H25_S1,C3.T6.H25_S1
21,C3.T6.H25_S2.1,30,1,C3.T6.H25_S2,C3.T6.H25_S2
22,C3.T6.H25_S2.2,30,2,C3.T6.H25_S2,C3.T6.H25_S2
23,C3.T6.H25_S3.1,30,1,C3.T6.H25_S3,C3.T6.H25_S3
24,C3.T7.H26_S1.1,30,1,C3.T7.H26_S1,C3.T7.H26_S1
25,C3.T7.H26_S1.2,30,2,C3.T7.H26_S1,C3.T7.H26_S1
26,C3.T7.H26_S2.1,30,1,C3.T7.H26_S2,C3.T7.H26_S2
27,C3.T7.H26_S2.2,30,2,C3.T7.H26_S2,C3.T7.H26_S2
28,C3.T7.H26_S3.1,30,1,C3.T7.H26_S3,C3.T7.H26_S3
29,C3.T7.H26_S3.2,30,2,C3.T7.H26_S3,C3.T7.H26_S3
30,CT1.T1.H28_S1.1,30,1,CT1.T1.H28_S1,CT1.T1.H28_S1
31,CT1.T1.H28_S1.2,30,2,CT1.T1.H28_S1,CT1.T1.H28_S1
32,CT1.T1.H28_S2.1,30,1,CT1.T1.H28_S2,CT1.T1.H28_S2
33,CT1.T1.H28_S2.2,30,2,CT1.T1.H28_S2,CT1.T1.H28_S2
34,CT1.T1.H28_S3.1,30,1,CT1.T1.H28_S3,CT1.T1.H28_S3
35,CT1.T1.H28_S3.2,30,2,CT1.T1.H28_S3,CT1.T1.H28_S3
36,CT1.T2.H29_S1.1,30,1,CT1.T2.H29_S1,CT1.T2.H29_S1
37,CT1.T2.H29_S1.2,30,2,CT1.T2.H29_S1,CT1.T2.H29_S1
38,CT1.T2.H29_S2.1,30,1,CT1.T2.H29_S2,CT1.T2.H29_S2
39,CT1.T2.H29_S2.2,30,2,CT1.T2.H29_S2,CT1.T2.H29_S2
40,CT1.T2.H29_S3.1,30,1,CT1.T2.H29_S3,CT1.T2.H29_S3
41,CT1.T2.H29_S3.2,30,2,CT1.T2.H29_S3,CT1.T2.H29_S3
42,CT1.T3.H30_S1.1,30,1,CT1.T3.H30_S1,CT1.T3.H30_S1
43,CT1.T3.H30_S1.2,30,2,CT1.T3.H30_S1,CT1.T3.H30_S1
44,CT1.T3.H30_S2.1,30,1,CT1.T3.H30_S2,CT1.T3.H30_S2
45,CT1.T3.H30_S3.2,30,2,CT1.T3.H30_S3,CT1.T3.H30_S3
46,CT1.T4.H31_S1.1,30,1,CT1.T4.H31_S1,CT1.T4.H31_S1
47,CT1.T4.H31_S1.2,30,2,CT1.T4.H31_S1,CT1.T4.H31_S1
48,CT1.T4.H31_S2.2,30,2,CT1.T4.H31_S2,CT1.T4.H31_S2
49,CT1.T4.H31_S3.1,30,1,CT1.T4.H31_S3,CT1.T4.H31_S3
50,CT1.T4.H31_S3.2,30,2,CT1.T4.H31_S3,CT1.T4.H31_S3
51,CT1.T5.H32_S1.1,30,1,CT1.T5.H32_S1,CT1.T5.H32_S1
52,CT1.T5.H32_S1.2,30,2,CT1.T5.H32_S1,CT1.T5.H32_S1
53,CT1.T5.H32_S2.1,30,1,CT1.T5.H32_S2,CT1.T5.H32_S2
54,CT1.T5.H32_S2.2,30,2,CT1.T5.H32_S2,CT1.T5.H32_S2
55,CT1.T5.H32_S3.1,30,1,CT1.T5.H32_S3,CT1.T5.H32_S3
56,CT1.T5.H32_S3.2,30,2,CT1.T5.H32_S3,CT1.T5.H32_S3
57,CT1.T6.H33_S1.1,30,1,CT1.T6.H33_S1,CT1.T6.H33_S1
58,CT1.T6.H33_S1.2,30,2,CT1.T6.H33_S1,CT1.T6.H33_S1
59,CT1.T6.H33_S2.1,30,1,CT1.T6.H33_S2,CT1.T6.H33_S2
60,CT1.T6.H33_S2.2,30,2,CT1.T6.H33_S2,CT1.T6.H33_S2
61,CT1.T6.H33_S3.1,30,1,CT1.T6.H33_S3,CT1.T6.H33_S3
62,CT1.T6.H33_S3.2,30,2,CT1.T6.H33_S3,CT1.T6.H33_S3
63,CT1.T7.H34_S1.1,30,1,CT1.T7.H34_S1,CT1.T7.H34_S1
64,CT1.T7.H34_S1.2,30,2,CT1.T7.H34_S1,CT1.T7.H34_S1
65,CT1.T7.H34_S2.1,30,1,CT1.T7.H34_S2,CT1.T7.H34_S2
66,CT1.T7.H34_S2.2,30,2,CT1.T7.H34_S2,CT1.T7.H34_S2
67,CT1.T7.H34_S3.1,30,1,CT1.T7.H34_S3,CT1.T7.H34_S3
68,CT1.T7.H34_S3.2,30,2,CT1.T7.H34_S3,CT1.T7.H34_S3
69,CT1.T8.H35_S1.1,30,1,CT1.T8.H35_S1,CT1.T8.H35_S1
70,CT1.T8.H35_S1.2,30,2,CT1.T8.H35_S1,CT1.T8.H35_S1
71,CT1.T8.H35_S2.1,30,1,CT1.T8.H35_S2,CT1.T8.H35_S2
72,CT1.T8.H35_S2.2,30,2,CT1.T8.H35_S2,CT1.T8.H35_S2
73,CT1.T8.H35_S3.1,30,1,CT1.T8.H35_S3,CT1.T8.H35_S3
74,CT1.T8.H35_S3.2,30,2,CT1.T8.H35_S3,CT1.T8.H35_S3
75,CT2.T1.H36_S1.1,30,1,CT2.T1.H36_S1,CT2.T1.H36_S1
76,CT2.T1.H36_S1.2,30,2,CT2.T1.H36_S1,CT2.T1.H36_S1
77,CT2.T1.H36_S2.1,30,1,CT2.T1.H36_S2,CT2.T1.H36_S2
78,CT2.T1.H36_S2.2,30,2,CT2.T1.H36_S2,CT2.T1.H36_S2
79,CT2.T1.H36_S3.1,30,1,CT2.T1.H36_S3,CT2.T1.H36_S3
80,CT2.T1.H36_S3.2,30,2,CT2.T1.H36_S3,CT2.T1.H36_S3
81,CT2.T4.H39_S1.1,30,1,CT2.T4.H39_S1,CT2.T4.H39_S1
82,CT2.T4.H39_S1.2,30,2,CT2.T4.H39_S1,CT2.T4.H39_S1
83,CT2.T4.H39_S2.1,30,1,CT2.T4.H39_S2,CT2.T4.H39_S2
84,CT2.T4.H39_S2.2,30,2,CT2.T4.H39_S2,CT2.T4.H39_S2
85,CT2.T4.H39_S3.1,30,1,CT2.T4.H39_S3,CT2.T4.H39_S3
86,CT2.T4.H39_S3.2,30,2,CT2.T4.H39_S3,CT2.T4.H39_S3
87,CT2.T8.H43_S1.1,30,1,CT2.T8.H43_S1,CT2.T8.H43_S1
88,CT2.T8.H43_S1.2,30,2,CT2.T8.H43_S1,CT2.T8.H43_S1
89,CT2.T8.H43_S2.1,30,1,CT2.T8.H43_S2,CT2.T8.H43_S2
90,CT2.T8.H43_S2.2,30,2,CT2.T8.H43_S2,CT2.T8.H43_S2
91,CT2.T8.H43_S3.1,30,1,CT2.T8.H43_S3,CT2.T8.H43_S3
92,CT2.T8.H43_S3.2,30,2,CT2.T8.H43_S3,CT2.T8.H43_S3
93,20C_AllPool.1,20,1,20C_AllPool,Calibration
94,20C_AllPool.2,20,2,20C_AllPool,Calibration
95,20C_AllPool.3,20,3,20C_AllPool,Calibration
96,20C_Pooled.A1.A3.1,20,1,20C_Pooled.A1.A3,Calibration
97,20C_Pooled.A1.A3.2,20,2,20C_Pooled.A1.A3,Calibration
98,20C_Pooled.A1.A3.3,20,3,20C_Pooled.A1.A3,Calibration
99,20C_Pooled.B3.B5.1,20,1,20C_Pooled.B3.B5,Calibration
100,20C_Pooled.B3.B5.2,20,2,20C_Pooled.B3.B5,Calibration
101,20C_Pooled.B3.B5.3,20,3,20C_Pooled.B3.B5,Calibration
102,20C_Pooled.C5.C7.1,20,1,20C_Pooled.C5.C7,Calibration
103,20C_Pooled.C5.C7.2,20,2,20C_Pooled.C5.C7,Calibration
104,20C_Pooled.C5.C7.3,20,3,20C_Pooled.C5.C7,Calibration
105,24C_AllPool.1,24,1,24C_AllPool,Calibration
106,24C_AllPool.2,24,2,24C_AllPool,Calibration
107,24C_AllPool.3,24,3,24C_AllPool,Calibration
108,24C_Pooled.A1.A3.1,24,1,24C_Pooled.A1.A3,Calibration
109,24C_Pooled.A1.A3.2,24,2,24C_Pooled.A1.A3,Calibration
110,24C_Pooled.A1.A3.3,24,3,24C_Pooled.A1.A3,Calibration
111,24C_Pooled.B3.B5.1,24,1,24C_Pooled.B3.B5,Calibration
112,24C_Pooled.B3.B5.2,24,2,24C_Pooled.B3.B5,Calibration
113,24C_Pooled.B3.B5.3,24,3,24C_Pooled.B3.B5,Calibration
114,24C_Pooled.C5.C7.1,24,1,24C_Pooled.C5.C7,Calibration
115,24C_Pooled.C5.C7.2,24,2,24C_Pooled.C5.C7,Calibration
116,24C_Pooled.C5.C7.3,24,3,24C_Pooled.C5.C7,Calibration
117,28C_AllPool.1,28,1,28C_AllPool,Calibration
118,28C_AllPool.2,28,2,28C_AllPool,Calibration
119,28C_AllPool.3,28,3,28C_AllPool,Calibration
120,28C_Pooled.A1.A3.1,28,1,28C_Pooled.A1.A3,Calibration
121,28C_Pooled.A1.A3.2,28,2,28C_Pooled.A1.A3,Calibration
122,28C_Pooled.B3.B5.1,28,1,28C_Pooled.B3.B5,Calibration
123,28C_Pooled.B3.B5.2,28,2,28C_Pooled.B3.B5,Calibration
124,28C_Pooled.B3.B5.3,28,3,28C_Pooled.B3.B5,Calibration
125,28C_Pooled.C5.C7.1,28,1,28C_Pooled.C5.C7,Calibration
126,28C_Pooled.C5.C7.2,28,2,28C_Pooled.C5.C7,Calibration
127,28C_Pooled.C5.C7.3,28,3,28C_Pooled.C5.C7,Calibration
128,C1.T7.H9_S1.3,30,3,C1.T7.H9_S1,C1.T7.H9_S1
129,C1.T7.H9_S2.3,30,3,C1.T7.H9_S2,C1.T7.H9_S2
130,C1.T7.H9_S3.3,30,3,C1.T7.H9_S3,C1.T7.H9_S3
131,C1.T8.H10_S1.3,30,3,C1.T8.H10_S1,C1.T8.H10_S1
132,C1.T8.H10_S3.3,30,3,C1.T8.H10_S3,C1.T8.H10_S3
133,C2.T8.H18_S1.3,30,3,C2.T8.H18_S1,C2.T8.H18_S1
134,C2.T8.H18_S2.3,30,3,C2.T8.H18_S2,C2.T8.H18_S2
135,C2.T8.H18_S3.3,30,3,C2.T8.H18_S3,C2.T8.H18_S3
136,C2.T9.H19_S2.3,30,3,C2.T9.H19_S2,C2.T9.H19_S2
137,C2.T9.H19_S3.3,30,3,C2.T9.H19_S3,C2.T9.H19_S3
138,C3.T6.H25_S1.3,30,3,C3.T6.H25_S1,C3.T6.H25_S1
139,C3.T6.H25_S2.3,30,3,C3.T6.H25_S2,C3.T6.H25_S2
140,C3.T7.H26_S1.3,30,3,C3.T7.H26_S1,C3.T7.H26_S1
141,C3.T7.H26_S2.3,30,3,C3.T7.H26_S2,C3.T7.H26_S2
142,C3.T7.H26_S3.3,30,3,C3.T7.H26_S3,C3.T7.H26_S3
143,CT1.T1.H28_S1.3,30,3,CT1.T1.H28_S1,CT1.T1.H28_S1
144,CT1.T1.H28_S2.3,30,3,CT1.T1.H28_S2,CT1.T1.H28_S2
145,CT1.T1.H28_S3.3,30,3,CT1.T1.H28_S3,CT1.T1.H28_S3
146,CT1.T2.H29_S1.3,30,3,CT1.T2.H29_S1,CT1.T2.H29_S1
147,CT1.T2.H29_S2.3,30,3,CT1.T2.H29_S2,CT1.T2.H29_S2
148,CT1.T3.H30_S1.3,30,3,CT1.T3.H30_S1,CT1.T3.H30_S1
149,CT1.T4.H31_S1.3,30,3,CT1.T4.H31_S1,CT1.T4.H31_S1
150,CT1.T4.H31_S2.3,30,3,CT1.T4.H31_S2,CT1.T4.H31_S2
151,CT1.T4.H31_S3.3,30,3,CT1.T4.H31_S3,CT1.T4.H31_S3
152,CT1.T5.H32_S1.3,30,3,CT1.T5.H32_S1,CT1.T5.H32_S1
153,CT1.T5.H32_S2.3,30,3,CT1.T5.H32_S2,CT1.T5.H32_S2
154,CT1.T5.H32_S3.3,30,3,CT1.T5.H32_S3,CT1.T5.H32_S3
155,CT1.T6.H33_S1.3,30,3,CT1.T6.H33_S1,CT1.T6.H33_S1
156,CT1.T6.H33_S3.3,30,3,CT1.T6.H33_S3,CT1.T6.H33_S3
157,CT1.T7.H34_S1.3,30,3,CT1.T7.H34_S1,CT1.T7.H34_S1
158,CT1.T7.H34_S2.3,30,3,CT1.T7.H34_S2,CT1.T7.H34_S2
159,CT1.T7.H34_S3.3,30,3,CT1.T7.H34_S3,CT1.T7.H34_S3
160,CT1.T8.H35_S1.3,30,3,CT1.T8.H35_S1,CT1.T8.H35_S1
161,CT1.T8.H35_S2.4,30,4,CT1.T8.H35_S2,CT1.T8.H35_S2
162,CT2.T1.H36_S1.3,30,3,CT2.T1.H36_S1,CT2.T1.H36_S1
163,CT2.T1.H36_S3.3,30,3,CT2.T1.H36_S3,CT2.T1.H36_S3
164,CT2.T4.H39_S2.3,30,3,CT2.T4.H39_S2,CT2.T4.H39_S2
165,CT2.T4.H39_S3.3,30,3,CT2.T4.H39_S3,CT2.T4.H39_S3
166,CT2.T8.H43_S1.3,30,3,CT2.T8.H43_S1,CT2.T8.H43_S1
167,CT2.T8.H43_S2.3,30,3,CT2.T8.H43_S2,CT2.T8.H43_S2
168,CT2.T8.H43_S3.3,30,3,CT2.T8.H43_S3,CT2.T8.H43_S3
