"","20C_AllPool.1","20C_AllPool.2","20C_AllPool.3","24C_AllPool.1","24C_AllPool.2","24C_AllPool.3","28C_AllPool.1","28C_AllPool.2","28C_AllPool.3","C1.T7.H9_S1.1","C1.T7.H9_S1.2","C1.T8.H10_S1.2","C2.T8.H18_S1.1","C2.T8.H18_S1.2","C3.T6.H25_S1.1","C3.T6.H25_S1.2","C3.T7.H26_S1.1","C3.T7.H26_S1.2","CT1.T1.H28_S1.1","CT1.T1.H28_S1.2","CT1.T2.H29_S1.1","CT1.T2.H29_S1.2","CT1.T3.H30_S1.1","CT1.T3.H30_S1.2","CT1.T4.H31_S1.1","CT1.T4.H31_S1.2","CT1.T5.H32_S1.1","CT1.T5.H32_S1.2","CT1.T6.H33_S1.1","CT1.T6.H33_S1.2","CT1.T7.H34_S1.1","CT1.T7.H34_S1.2","CT1.T8.H35_S1.1","CT1.T8.H35_S1.2","CT2.T1.H36_S1.1","CT2.T1.H36_S1.2","CT2.T4.H39_S1.1","CT2.T4.H39_S1.2","CT2.T8.H43_S1.1","CT2.T8.H43_S1.2","C1.T7.H9_S1.3","C1.T8.H10_S1.3","C2.T8.H18_S1.3","C3.T6.H25_S1.3","C3.T7.H26_S1.3","CT1.T1.H28_S1.3","CT1.T2.H29_S1.3","CT1.T3.H30_S1.3","CT1.T4.H31_S1.3","CT1.T5.H32_S1.3","CT1.T6.H33_S1.3","CT1.T7.H34_S1.3","CT1.T8.H35_S1.3","CT2.T1.H36_S1.3","CT2.T8.H43_S1.3"
"Pleuromamma.0260bfbe825d95aca7b54a0909f97b59dc580e78",249,203,196,137,131,132,63,72,78,0,207,119,31,144,72,769,254,457,102,602,556,871,0,0,0,0,0,76,0,0,0,0,210,424,54,440,0,0,493,836,124,45,293,325,374,104,514,0,437,0,0,0,80,71,346
"Ctenocalanus vanus.0de53510347e58dabda2dc43270f04ad3ea2da5c",348,284,206,111,110,104,0,0,0,0,270,0,23,100,163,1177,1176,1298,0,757,330,680,726,784,0,91,0,228,6217,31320,76,95,0,54,0,78,0,242,186,292,144,0,176,253,588,0,174,0,1079,0,14587,49,0,0,0
"Metridia.10c3d1c8405b910ef842f394542a5580dc7e9010",225,229,186,173,198,187,128,173,161,21,1428,382,68,658,0,115,123,583,38,608,228,239,259,187,27,49,287,662,45,370,46,235,196,300,56,1808,0,0,208,319,709,209,1305,104,486,206,236,99,467,696,278,201,177,279,255
"Rhincalanus.1784e869dc2724619a035c17ab1fff64ceb125f7",252,193,141,129,125,123,52,52,75,0,65,0,0,0,0,0,0,0,0,8,0,0,0,0,0,0,7,29,0,0,0,0,0,15,0,57,102,592,11,22,26,0,0,0,0,0,0,0,0,16,0,0,565,0,0
"Ctenocalanus vanus.19e2d8924e99f1a60555875f40f2f4abbcb91b22",60,40,62,48,0,56,69,0,41,0,55,86,0,49,0,72,85,291,0,278,245,271,290,275,0,15,157,469,0,99,0,42,29,49,0,130,0,0,63,101,0,94,86,200,409,160,331,192,139,701,104,0,0,17,87
"Clausocalanus furcatus.1a08bb6d37d7924e5dab4c0408f64896eacb991a",615,515,401,314,238,330,90,161,158,0,165,58,51,0,346,2171,1995,4333,228,2079,1145,2189,2003,1963,217,332,1250,3854,702,2945,78,111,200,462,28,457,0,0,143,216,145,0,168,1012,3079,216,1400,625,2812,3538,2279,0,105,15,0
"Pleuromamma.1e823715b95b2e76d7b69608b26072704c7c2ef1",167,153,177,93,102,122,51,68,61,0,60,12,9,16,0,24,0,20,5,33,24,24,0,0,0,0,0,14,0,0,0,0,25,59,16,154,0,0,84,93,38,8,41,18,24,10,18,0,13,0,0,0,12,13,52
"Neocalanus cristatus.207114b11583026b14531339aeff5641dd94caec",83,58,67,41,76,63,0,68,68,0,57,48,0,21,0,0,0,64,0,501,241,180,509,465,0,45,285,913,0,0,0,0,33,0,0,0,0,0,0,0,0,0,0,63,123,169,168,215,211,951,0,0,0,0,0
"Metridia pacifica.21ed13fe3ace8060314f604c98eb7b593d0e6ba2",3110,2716,2621,2197,2831,2663,2044,2270,2136,0,2882,1009,0,1046,0,980,529,1597,0,4293,1650,1871,773,761,0,301,995,2847,260,2176,159,1145,1513,2064,0,2920,0,38,1127,1520,1531,791,2562,731,2043,3654,2715,298,2358,4567,2908,1858,2232,502,1800
"Eucalanus californicus.247f09ccc8ae0ecc2da039900610e5494db93abe",416,312,281,89,84,92,19,16,33,0,90,0,0,5,0,0,0,0,0,10,0,0,0,0,0,0,0,24,0,0,45,6,0,42,0,94,178,456,0,3,99,0,0,0,11,0,0,0,78,5,0,8,204,0,0
"Metridia pacifica.2cfd457adc6936d89195dd4765ae81286f8b0ed5",3661,3512,3670,2902,3565,3393,2898,3593,2825,52,2688,1006,82,900,0,69,0,111,79,2233,388,389,396,364,0,102,544,1427,0,241,130,1669,1248,1743,76,3285,0,43,790,1029,1474,617,2105,0,560,1842,638,193,565,2802,380,2616,1780,613,1316
".2f9a39c8d8b69f7eedcd3582326b652370ce2ab1",8848,5942,4818,2716,3816,3497,1766,2273,4127,68,3420,538,144,539,155,1124,0,0,0,457,0,0,0,0,0,0,0,0,0,0,0,0,711,2299,158,2775,0,0,3226,5177,4534,228,967,436,0,0,0,0,0,0,0,191,1094,449,6217
"Metridia.32c7429ef986d3d6e6568889cab2755dd190fdbc",68,45,44,36,42,53,32,30,30,0,96,0,0,3,0,1,0,0,0,11,0,0,0,0,0,0,8,29,0,0,26,37,19,32,0,27,0,12,0,7,41,0,0,0,15,0,0,0,12,10,0,37,23,0,0
"Calanus helgolandicus.341d37f9958a54163d7987e0dc5bb17818c5c7d8",313,287,312,284,288,309,294,318,256,0,110,0,0,0,0,0,0,0,0,27,1,0,0,0,0,0,17,37,0,2,0,59,0,14,0,86,31,439,19,37,63,0,0,0,11,0,0,0,0,59,0,111,173,0,27
"Metridia pacifica.3855bfab8b2afdb2b740530c990e9a2535c5a15b",10699,9996,9059,6637,7841,7838,4882,5759,4685,81,6218,2054,317,2082,0,188,0,271,312,6406,353,613,612,520,0,143,842,2529,0,322,566,2756,2678,4832,342,10339,0,45,1624,2384,3166,1167,4829,80,550,3363,582,201,1147,3093,0,3387,3397,1014,1962
"Oithona similis.388725f240f778bbad66a1a652b752a88fd3956a",371,296,221,82,136,104,14,34,62,0,252,47,35,63,18,77,107,111,9,209,30,116,97,82,0,0,24,202,42,110,0,0,34,270,115,1532,0,0,22,30,242,0,105,0,0,0,7,0,135,46,36,0,0,0,0
".3907c0c3540893fea852cf1e2e15ee876e097dc1",2365,1584,1339,755,1074,936,488,570,1098,0,520,0,0,0,0,805,293,384,0,244,634,1045,789,587,89,93,33,282,0,93,208,266,1698,5625,0,1508,263,899,0,0,699,0,0,343,322,0,376,65,3866,130,37,282,2731,164,0
"Metridia pacifica.3a4660f8928b0bba5379764b63c8f98ae30a1d3b",780,718,589,426,524,507,347,439,331,0,636,0,0,0,115,1764,645,1429,0,1653,1743,2747,2273,2378,0,220,176,606,0,202,0,0,519,893,0,819,14,62,954,1560,0,0,0,573,2067,748,2187,548,1278,564,0,0,429,0,1068
"Metridia.3a7c698a38f760bccb4381b3ff98dec1468bda94",0,0,0,34,49,0,0,0,0,0,142,108,0,75,0,0,0,17,0,76,36,37,32,13,0,0,0,56,0,0,0,0,92,135,0,220,0,0,0,0,110,39,99,0,0,45,48,6,0,47,0,0,83,63,37
".3b46a0689c4dc296a5046eb3cfb003a0ca04e7fe",81,81,67,52,84,70,48,60,72,0,184,0,0,0,0,0,0,0,0,0,0,0,0,0,0,0,15,51,0,0,0,73,39,54,0,55,0,51,9,0,121,0,0,0,109,0,0,0,0,67,0,65,76,15,9
"Calanus helgolandicus.50ae18a387ee0c27a601b2de29233b88891665e2",29474,24291,20157,10396,12520,12766,6834,8401,7270,58,3354,179,164,319,0,0,0,0,54,1240,14,40,0,0,16,14,46,239,142,355,779,2011,168,1145,486,8809,686,3289,212,459,1628,46,547,0,45,28,0,0,398,134,70,1936,8992,313,65
".5153fd153d032ca08987dc412a9c67b6794b21bf",594,531,369,195,201,216,93,72,86,0,234,26,0,8,0,0,0,0,0,102,0,4,0,0,0,0,31,148,0,0,21,0,0,63,11,238,203,1070,64,106,128,0,0,0,0,0,0,0,0,90,0,0,773,0,0
"Metridia pacifica.5548f5906a4522e2196d674ad3826fb4fc8430b8",135,112,85,65,105,84,62,0,76,0,135,46,0,41,0,27,31,77,0,390,130,191,91,114,0,0,26,135,0,0,0,0,242,368,0,44,0,28,0,0,0,0,98,0,164,261,260,40,0,167,0,0,275,0,0
".562a6c89616b1cf51f15caa15b0e5a565dfe0427",224,172,173,150,135,175,70,64,124,0,119,0,0,11,0,12,0,26,0,49,32,33,107,113,0,0,21,75,0,1,0,0,22,55,0,58,166,1354,5,21,56,0,0,0,49,0,14,38,0,84,0,0,106,0,0
"Neocalanus.56db9b8934558866af0f1f1eaf48a1122b20eb51",25,16,18,8,5,14,0,0,12,0,0,0,0,0,0,0,0,0,11,69,28,36,116,114,0,0,58,204,0,27,0,0,0,7,0,0,0,0,0,0,0,0,0,0,0,0,0,0,114,145,18,0,0,0,0
".58aec46ab4910cf08bbfda67e8aa7321828ce906",162,148,141,126,148,146,84,112,122,0,86,0,0,0,0,0,0,0,0,20,0,0,39,18,0,0,0,17,0,0,0,6,0,24,0,38,45,641,0,0,54,0,0,0,0,0,0,0,0,17,0,0,60,0,0
"Calanus.5c28fb044703f8d7dc9a17c20a178f0e34feb322",4192,3856,3915,2841,3648,3624,2827,3521,2836,58,3314,922,107,1039,0,0,0,0,108,2220,99,115,0,0,0,40,170,503,0,105,238,1819,1186,1931,106,4532,0,254,824,1236,1448,354,2146,0,246,686,120,0,300,547,171,2016,1219,560,724
"Paracalanus parvus.5d9ee140b17e218e06fffae434d6dad14ebb91db",194,192,170,127,130,162,100,98,170,18,1270,273,54,586,11,185,98,627,36,581,144,190,341,332,19,28,158,797,35,329,45,147,119,265,56,1735,0,0,124,237,850,123,907,109,402,120,149,109,361,875,374,158,82,248,119
".6950a504c858e51241cac98cb4b1b8cad81eff0e",181,151,146,119,149,141,101,98,128,0,324,86,0,73,0,114,89,220,42,444,372,326,266,297,0,38,83,257,0,0,0,0,242,375,0,126,0,178,79,122,186,59,149,111,410,217,303,164,243,356,0,39,221,49,73
"Metridia pacifica.6b976e008f3c98aa86cb64aa686cbfcb409c8f0a",1971,1755,1621,1310,1748,1567,1031,1265,1213,0,1887,591,0,627,0,428,428,691,0,2859,750,1113,402,275,0,184,468,1321,294,1818,128,566,753,1402,64,2442,0,0,576,747,1118,594,1587,292,1064,2434,1490,188,1108,2089,1929,1068,1313,290,1053
"Calanus helgolandicus.6db8cc221939cdc8c55a0191ffe9bdeca0679b0e",196,157,150,111,169,166,111,108,110,0,55,0,0,0,0,0,0,0,0,20,0,0,0,0,0,0,0,6,0,0,0,0,0,48,0,0,165,1403,0,0,0,0,0,0,0,0,0,0,0,0,0,0,112,0,0
"Calanus helgolandicus.6e6b2ae850506cc0ea7baa4492214e7987501560",13679,12347,11543,8478,10404,10097,6754,7928,6465,77,4999,546,217,762,0,0,0,0,150,2289,45,117,0,0,0,34,173,654,104,496,722,2741,669,2315,406,9068,390,2474,690,1123,2521,185,1514,0,218,174,0,0,397,568,300,3161,2270,571,284
"Neocalanus cristatus.7761526519fda29c5c9ac6663b370054e80b7263",537,443,387,176,217,221,110,103,120,0,49,13,3,0,0,0,0,0,12,306,25,82,378,298,12,7,107,492,48,104,0,0,0,23,2,29,0,0,9,8,14,3,11,0,15,0,0,35,405,226,24,0,24,0,0
"Calanus helgolandicus.78f54f41acba54d14189a57d673d19a7e9c4b936",2732,2627,2555,2086,2494,2604,2021,2353,1920,18,811,115,8,159,0,0,0,0,5,155,2,1,0,0,0,0,27,80,0,1,74,830,159,231,21,1199,0,205,120,160,459,69,370,0,15,71,7,0,14,114,0,1063,243,188,131
"Pleuromamma borealis.7ed69f089c6a810c9434950899ffa09ad91e3f6d",256,193,147,40,48,45,10,7,17,0,42,0,0,0,83,526,197,230,0,171,131,360,0,0,0,0,0,9,0,0,0,0,16,89,0,156,0,0,111,229,0,0,0,121,95,7,89,0,273,0,0,0,1,0,29
"Ctenocalanus vanus.7f93c2356b7a75855bf23901a4a4946a09c74ed6",197,186,136,61,73,82,42,0,48,0,109,41,0,32,95,441,463,903,57,528,307,624,874,953,39,30,326,1030,196,1128,18,23,0,55,11,282,0,9,80,127,52,0,38,339,558,0,336,295,420,988,507,0,16,0,0
".856adbbd6780d096aa923a18481a9884b70edf25",123,0,88,0,0,59,0,0,0,0,0,0,0,0,19,39,140,147,0,0,0,0,0,0,0,0,0,0,73,152,0,0,29,103,15,94,0,0,0,0,61,0,0,0,123,0,0,0,0,0,77,0,2106,0,0
"Calanus helgolandicus.894f73dc6883f29a838304fd218efdfaf12bd154",480,495,403,304,369,388,267,324,246,0,126,0,0,0,0,0,0,0,0,0,0,5,0,0,0,0,0,0,0,0,0,0,0,0,0,155,147,1132,0,79,0,0,0,0,38,0,0,0,0,0,0,0,0,0,0
"Paracalanus parvus.961cd5ce154310c7fd54468560aca8d35041c8c7",1558,1275,963,365,442,416,111,141,216,62,4060,267,360,1000,128,780,1323,1563,85,1238,161,475,825,674,71,71,348,1741,927,3675,216,182,89,566,525,8755,14,57,184,434,2708,69,1731,101,705,33,91,100,1889,1008,1316,138,43,403,49
"Metridia pacifica.97d5948bd4b4362b9bfcff8f47c1af49259ea0d2",359,333,318,241,305,326,353,313,265,0,623,204,0,189,64,633,444,1623,157,1910,1360,1671,740,648,96,242,709,1989,178,1716,0,158,372,608,0,415,0,30,503,566,277,0,332,591,1784,1209,1925,334,1286,2947,2659,205,480,71,621
"Calanus.9b9f6e13b644886afad8864d6601b2000dae17a0",123,100,87,61,82,83,62,49,81,0,93,0,0,3,0,0,0,0,0,1,0,0,0,0,0,0,1,7,0,0,35,37,0,13,0,32,59,378,0,6,45,0,0,0,1,0,0,0,1,2,0,30,142,0,0
".a19023e2938b2d4c19d5e2b8c4962e8bcd73177d",328,263,212,73,89,0,0,0,0,0,53,5,0,0,0,0,86,57,0,254,46,107,118,118,0,0,9,46,0,32,0,0,21,200,0,49,588,2404,0,0,48,0,0,0,39,0,25,16,0,19,0,0,142,0,0
"Pleuromamma.a32d276e30f76e771318e8c516046bc05f72db69",287,208,194,122,140,168,73,100,139,0,247,0,0,0,239,3000,714,1777,0,623,1045,1796,4675,4398,146,170,174,582,127,329,28,97,137,264,0,77,0,199,0,117,162,0,0,1274,1162,0,949,1738,691,433,254,77,72,0,0
"Metridia pacifica.b0c15e6164ee940205efe0f1e1a0a0c19435ec9f",29592,24827,21245,11104,13597,13425,7261,8752,7702,358,26277,15312,2943,15432,683,5513,4804,6955,4844,116117,11868,21317,4525,4326,2414,5240,4824,17233,4897,23429,1745,5933,24254,51419,1743,45407,0,95,12423,19998,11909,7685,31375,1838,8040,40956,14723,1156,36243,16959,13138,6827,21023,3364,12590
"Rhincalanus.b39500169f19f6f7dc74cde23a266fe3bd9d8079",134,108,123,89,115,110,76,78,76,0,144,61,0,0,0,0,0,0,0,98,0,0,0,0,0,0,24,65,0,0,0,22,20,47,0,84,0,59,81,102,65,39,18,0,28,45,4,0,9,88,0,41,85,29,48
"NA.b4f1ebf501eb18abdf4c773ae170c08177107dd4",109,107,91,0,43,0,0,0,20,0,0,0,0,0,18,129,38,0,12,219,0,34,168,131,0,0,0,168,0,41,0,0,0,0,0,0,0,0,0,0,0,0,0,0,0,0,0,0,80,72,0,0,0,0,0
".bb43537ab7d266d059e40deb9e1f8536790adc35",470,368,333,207,216,209,85,98,114,0,401,38,18,63,57,329,267,520,70,523,383,518,647,608,75,62,164,405,15,69,0,0,129,381,18,297,198,1829,91,119,228,0,88,147,522,0,372,174,767,375,77,0,112,28,0
"Metridia pacifica.bd47ade374a1d1bb53455acb57695af761642b75",238,233,0,0,138,0,0,0,0,0,211,120,0,107,0,0,94,73,0,790,245,213,110,65,0,0,103,177,0,299,0,0,499,575,0,497,0,0,205,204,188,0,622,63,222,705,390,0,1075,289,312,0,302,0,195
"Clausocalanus furcatus.c40ce5c9da5927cd51e1e3df99e36cc3984796e8",253,226,161,0,133,0,50,0,0,0,183,0,0,91,247,2421,1155,2614,0,579,1372,2662,886,825,151,161,0,403,3587,15747,0,0,0,265,0,0,31,170,386,444,0,0,0,804,1909,0,1651,279,1620,423,11010,0,0,0,251
"Metridia.c621ead91f54c394ee29a0669ebe477d85be4b7d",0,0,262,98,167,160,0,172,166,0,1252,412,46,675,0,117,72,437,0,566,203,233,251,221,0,28,191,636,30,278,38,196,177,305,42,1478,0,0,160,315,861,268,1479,100,548,413,234,123,433,681,396,0,176,391,446
"Metridia.daa82d75f78ac8d5bb5259c9020511942c2ef050",0,0,49,0,40,48,0,0,51,0,135,46,0,57,0,0,24,55,0,64,63,64,42,23,0,0,0,84,0,0,0,0,62,114,26,363,0,0,37,64,61,0,89,0,0,0,0,0,0,52,0,0,0,0,0
"Neocalanus gracilis.dabec5c8e3721be348236817cddd3c31eb1647ce",126,97,88,39,60,0,0,0,41,0,0,0,0,0,386,2498,101,167,0,267,0,40,0,0,33,42,45,160,0,255,0,0,0,0,0,0,155,394,0,0,0,0,0,520,0,0,0,0,536,78,101,0,0,0,0
"Pseudocalanus elongatus.dbd95065a6787486d688fdf5fdc905e08c92b3c7",43,26,25,13,14,11,0,5,9,0,50,0,0,0,0,0,9,12,0,199,0,0,0,0,0,0,48,199,0,0,0,0,0,15,10,202,0,0,0,0,28,0,0,0,13,0,0,0,10,146,0,0,0,0,0
".e01f93ca2ee277a2bc78e4f8f0e3ee68b98bf1fc",218,155,155,104,168,144,85,96,128,4,101,4,2,4,0,0,0,0,0,0,0,0,0,0,0,1,0,15,0,0,16,60,0,15,6,29,43,413,0,0,38,0,6,0,7,0,0,0,1,15,0,52,174,0,0
"NA.e09b485dd4d1bd133e7845d395237f38d661eb69",14919,12507,9252,4325,4936,5908,2399,2741,5695,0,0,0,0,0,0,0,0,0,0,297,0,0,0,0,1778,1311,0,0,48,111,0,0,0,0,0,0,0,0,0,0,0,0,0,0,0,0,0,0,41863,0,0,0,18,0,0
"Metridia pacifica.e199318c40876066960330bd9ea208fb7639a760",4324,3835,3851,2978,3691,3589,2774,3295,2768,30,1815,313,59,394,0,0,0,0,45,773,60,96,164,165,0,25,150,548,0,75,162,1299,417,672,88,2493,0,48,295,514,642,118,640,0,48,202,0,27,142,632,33,1474,478,267,249
"Neocalanus cristatus.e396f514beb6bb0e29a828575cc7fea775d24085",259,217,217,152,154,141,100,103,126,0,86,25,5,0,0,0,0,0,41,504,90,211,801,785,0,28,371,1173,27,125,0,0,0,23,2,45,0,0,18,25,37,10,29,0,89,0,0,194,335,868,87,0,18,0,0
"NA.e3ae586897aa7a7c500791a9116c709eafcbbce4",121,74,53,12,20,29,0,0,0,0,116,0,0,0,0,0,121,156,0,236,0,0,0,0,0,0,0,0,11,19,0,0,0,97,0,190,0,0,0,0,369,0,0,0,17,0,0,0,438,0,0,0,0,0,0
"Metridia pacifica.f10fe77e3403856fcab6288232f5f46a50261607",71,0,55,0,0,0,28,40,49,0,133,86,0,57,0,0,0,0,0,108,37,47,19,18,0,0,0,48,0,0,0,0,55,95,0,323,0,0,0,26,138,105,196,0,0,147,89,0,0,156,0,0,132,0,55
"Neocalanus gracilis.f439140f389fcafab48955b2d982492c4de5820f",30,0,16,0,25,27,0,0,20,0,0,0,0,0,45,553,0,59,0,156,0,19,0,0,0,25,37,79,0,31,0,0,0,0,0,0,0,22,0,19,0,0,0,437,39,44,21,0,159,110,0,0,0,0,0
"Clausocalanus furcatus.f8a30baa160074c5d81f39bbfa5ce59111caa57a",170,205,211,165,155,199,128,87,110,0,97,111,0,55,0,434,269,1060,99,1207,761,923,696,579,85,201,599,1462,0,302,20,173,214,291,0,146,0,0,133,209,112,62,309,580,1550,604,1228,668,919,2439,497,79,258,0,145
"Pleuromamma.fa7356df1a872486053eb1a14ff614012cdadde9",218,207,156,61,38,49,11,7,15,0,35,0,0,0,323,2405,650,710,0,182,275,624,4289,3952,0,49,22,100,0,257,0,0,7,56,0,22,126,365,0,22,0,0,0,476,370,0,168,875,509,35,0,0,16,0,0
"Clausocalanus furcatus.feb7c743a91055e70bfa4286091f360a580f26c7",0,0,0,0,0,0,0,60,52,0,120,0,0,76,0,515,156,705,0,476,1050,1280,262,277,0,0,0,168,260,1661,0,0,106,177,0,0,0,11,265,429,0,0,0,367,1028,0,1535,0,663,252,2367,79,0,0,293
".ff62c6fc3f5f5a03af66155247b74210ad634523",189,163,183,97,173,104,88,113,121,5,185,13,4,15,0,0,0,0,0,10,0,0,0,0,0,7,0,75,0,0,15,100,0,48,6,32,51,471,0,7,109,0,22,0,88,0,0,0,28,59,0,90,77,0,0
"Calanus helgolandicus.2010a621a13cf49374bf4c950a42175421a652b0",441,443,340,335,387,326,328,383,297,0,0,0,0,0,0,0,0,0,0,0,0,0,0,0,0,0,0,0,0,0,0,0,0,0,0,0,0,0,0,0,143,0,0,0,167,0,0,0,0,342,191,179,284,0,100
"Pleuromamma.b308f1ff1c8a4490fc47c87f05295b7e5a4a6610",206,141,147,106,109,109,71,77,72,0,0,0,0,0,0,0,0,0,0,0,0,0,0,0,0,0,0,0,0,0,0,0,0,0,0,0,0,0,0,0,43,0,0,57,68,0,32,271,30,85,0,29,15,0,0
"Metridia pacifica.c106e1cd25bef13848fb5696229c97e7ec724fc1",57,87,90,61,70,91,48,85,49,0,0,0,0,0,0,0,0,0,0,0,0,0,0,0,0,0,0,0,0,0,0,0,0,0,0,0,0,0,0,0,44,0,57,256,654,215,567,249,174,245,0,0,94,46,177
"Metridia pacifica.f0f0d90e0b068596c08719d08b82987032ec3857",248,256,260,216,229,252,258,226,188,0,0,0,0,0,0,0,0,0,0,0,0,0,0,0,0,0,0,0,0,0,0,0,0,0,0,0,0,0,0,0,90,0,0,0,149,0,82,65,0,575,0,96,77,0,111
"Other",10902,9063,6920,4255,5012,4852,2347,2765,3108,0,2145,159,17,121,723,9121,4692,10107,31,3764,2228,4032,2170,1980,162,153,312,1783,3773,20800,41,228,1288,3621,9,2613,1088,8355,822,2005,4251,52,2537,6223,11546,2744,4682,1900,15031,7325,22855,1707,3531,671,3002
