"","20C_AllPool.1","20C_AllPool.2","20C_AllPool.3","24C_AllPool.1","24C_AllPool.2","24C_AllPool.3","28C_AllPool.1","28C_AllPool.2","28C_AllPool.3","C1.T7.H9","C1.T8.H10","C2.T8.H18","C2.T9.H19","C3.T6.H25","C3.T7.H26","CT1.T1.H28","CT1.T2.H29","CT1.T3.H30","CT1.T4.H31","CT1.T5.H32","CT1.T6.H33","CT1.T7.H34","CT1.T8.H35","CT2.T1.H36","CT2.T4.H39","CT2.T8.H43"
" 02093d4b1f1d2e1fcf497230b517e5990a1f4a38",0,0,0,0,0,0,0,0,0,22,154,0,0,63,0,0,73,0,0,0,37,0,35,32,86,0
" 1fd0cca87a452616bd107a2dba731bf07d51aeef",0,0,0,0,629,0,0,227,0,4282,3696,8046,10216,0,0,0,0,0,0,0,0,0,4482,0,2934,7492
" 2f9a39c8d8b69f7eedcd3582326b652370ce2ab1",8848,5942,4818,2716,3816,3497,1766,2273,4127,37916,55644,73752,100358,3954,0,10610,11340,0,3390,0,3466,5088,57636,8792,27276,64644
" 35575e116e325762dc8dd4b84658d0f40e9893bc",0,0,0,0,0,0,0,0,0,32,0,0,265,31,143,0,0,0,0,0,60,32,161,99,882,0
" 3907c0c3540893fea852cf1e2e15ee876e097dc1",2365,1584,1339,755,1074,936,488,570,1098,2438,0,5802,986,2296,1998,2932,65622,26496,8096,3160,14254,8216,27336,4416,11544,2968
" 3b46a0689c4dc296a5046eb3cfb003a0ca04e7fe",81,81,67,52,84,70,48,60,72,782,50,782,6,274,318,50,1216,0,208,3984,454,276,412,3148,102,36
" 4542bee4db4c3075a68a0a82768eab3497580077",0,220,154,0,99,93,0,0,0,31,253,17,7544,0,0,0,0,0,111,5,440,176,372,0,759,8
" 499488cac0be3a2185ce9f654a389130100bac2f",0,0,0,0,0,0,0,0,0,136,0,1206,954,14,220,0,116,0,6,616,0,0,0,116,564,0
" 49acecd02ccd5770ea0f75f351550aa447901a5c",0,204,131,0,83,89,0,0,0,42,36,0,745,0,0,0,0,0,64,0,82,0,29,0,97,11
" 5153fd153d032ca08987dc412a9c67b6794b21bf",594,531,369,195,201,216,93,72,86,1018,242,8262,11774,0,0,806,8,0,0,1198,0,192,1994,3044,15184,3114
" 562a6c89616b1cf51f15caa15b0e5a565dfe0427",224,172,173,150,135,175,70,64,124,1135,108,473,299,37,240,540,162,258,91,228,122,71,871,458,2929,534
" 58aec46ab4910cf08bbfda67e8aa7321828ce906",162,148,141,126,148,146,84,112,122,427,101,214,264,0,0,282,22,57,25,71,49,240,845,291,2092,408
" 5de8320dd52839006fa55b8e9e94758699aab65f",49,0,0,14,0,0,0,0,0,0,0,210,0,2106,1272,80,14410,0,1490,0,5948,0,0,0,0,0
" 6950a504c858e51241cac98cb4b1b8cad81eff0e",181,151,146,119,149,141,101,98,128,2837,202,1219,110,591,876,2490,2847,727,553,2475,132,39,1179,1173,178,274
" 6b518c427c01dcb2d856adda991fd08f6a6c3638",0,0,4,0,0,0,0,8,0,0,0,0,0,817,42,5,411,0,170,46,110,0,0,0,0,0
" 6d73948ba71bef2c78986a84eaea1a093e7badd1",0,0,0,6,0,0,0,13,0,0,0,39,0,0,92,0,0,0,22,119,0,0,12,9,0,0
" 7058329838365cb375806f2cef16b428e1910d10",496,299,0,0,0,0,0,0,0,1302,1938,300,1768,0,0,0,0,0,0,0,0,210,1486,530,0,2318
" 7171b7d06f2220d0937ca447d56276f280db375e",52,41,31,14,11,12,0,0,5,0,0,0,0,0,0,0,0,0,0,30,0,0,0,0,0,0
" 74f9bdd8535b4c6fc6cb14fdc86019d1de069cb0",243,0,0,60,0,0,0,0,0,3959,67,71434,1887,0,81,144,538,0,0,12,0,0,0,97,0,27
" 752ee5d1eb330fc163da83ca9ce2b4b43c516f38",0,0,0,0,0,0,0,0,0,19,0,0,364,37,131,0,0,0,0,0,146,0,115,83,915,0
" 856adbbd6780d096aa923a18481a9884b70edf25",123,0,88,0,0,59,0,0,0,61,14,0,1626,75,522,0,0,0,0,0,414,302,2344,185,14103,67
" 9a70de23c085314e6ab43e55dcb56fce70587663",271,0,0,84,0,0,44,47,0,146,37,1399,870,25,41,63,0,0,0,0,21,0,0,112,16,19
" 9eb9bcecb427fec7490eb8091ae120d4cbd47c0f",0,0,0,0,0,0,0,0,0,509,59,42,0,234,207,276,932,434,43,818,25,0,275,0,968,0
" a19023e2938b2d4c19d5e2b8c4962e8bcd73177d",328,263,212,73,89,0,0,0,0,2366,44,249,27,211,340,813,1921,252,75,1469,84,0,1023,298,3464,92
" a200a5e36062c3f55c14ae2fa7529f542abf7271",66,31,30,53,0,29,46,0,0,34,0,0,62,0,0,29,0,0,0,0,0,0,128,7,223,78
" bb43537ab7d266d059e40deb9e1f8536790adc35",470,368,333,207,216,209,85,98,114,5440,105,2418,392,1114,2296,2582,4100,1429,1568,4148,560,4,1345,1176,2571,376
" cb7758e8f39b2aeb6e8fc6931a0f1bfd99f5dd32",0,0,0,0,0,0,0,0,0,22,0,37,0,20,187,188,93,15,93,0,40,0,0,102,0,0
" cba418bc94dc3a64e15200ce11bda8c6e0582205",30,20,18,0,0,0,0,0,0,0,0,0,0,84,533,119,187,48,245,22,115,2,0,71,0,0
" ce727816c673d819552f1acf79236fc5e4178ce7",38,38,41,0,55,22,16,28,48,29,0,0,0,0,0,0,0,0,0,0,0,6,0,0,0,0
" e01f93ca2ee277a2bc78e4f8f0e3ee68b98bf1fc",218,155,155,104,168,144,85,96,128,412,126,190,2320,22,60,76,54,12,96,316,370,3400,1008,1670,7322,1152
" ece56b1db36cafe8ce16da6836d580dc30c143ce",0,0,0,0,0,0,0,0,0,876,0,1419,0,221,2583,89,520,0,119,978,0,0,46,0,0,0
" ff62c6fc3f5f5a03af66155247b74210ad634523",189,163,183,97,173,104,88,113,121,964,144,1852,3374,222,724,128,626,70,242,2390,606,652,618,2738,2798,288
"Acartia Acartia danae 953f575003c1e038640b89d2ec04ddae519ec438",0,0,0,0,0,0,0,0,0,0,0,0,0,63,222,50,642,378,319,0,845,0,0,36,0,0
"Byrathis penicillatus 114d9a26e85197775de9b4d539b22900e02bb33c",23,22,0,0,0,0,0,0,0,424,0,901,0,0,0,0,241,0,192,446,0,0,41,0,0,0
"Calanus 1da9dc29d5832bb4022e894cbce86897df521a33",104,94,86,84,88,97,90,97,110,80,0,39,0,0,0,0,0,0,0,8,0,85,0,48,0,0
"Calanus 3638e2bc130cd088660c3c1f0dfea71f1801e86e",0,0,0,0,0,0,0,0,0,310,416,47,0,0,0,623,120,0,49,43,264,0,468,755,560,370
"Calanus 363a7fed6b4ef59f0d3847483c765d95cd1bc297",134,118,115,102,71,99,0,72,0,22,0,18,282,0,0,0,0,0,0,9,33,622,143,242,900,88
"Calanus 5c28fb044703f8d7dc9a17c20a178f0e34feb322",4192,3856,3915,2841,3648,3624,2827,3521,2836,7875,2467,7606,739,0,246,8005,345,17,761,1964,1715,4127,6442,20129,313,3640
"Calanus 6d4fadad6ed332d69b01f5b6a9fb97752337e30f",26,0,21,16,0,32,0,0,0,0,0,0,99,0,0,0,0,0,0,0,0,98,0,0,281,56
"Calanus 842a2506f3fd4a072c55a891ee9086fec57ce362",56,73,45,0,53,0,82,67,0,44,0,40,80,0,8,0,0,0,0,32,0,74,21,34,0,0
"Calanus 9b9f6e13b644886afad8864d6601b2000dae17a0",123,100,87,61,82,83,62,49,81,184,66,98,862,0,2,29,2,0,29,84,165,793,328,741,2176,336
"Calanus b7e0a792f7202517d04a74a0a5b2c65867540302",380,360,260,137,175,263,152,224,0,378,0,217,0,0,0,0,0,0,0,49,0,222,0,0,0,0
"Calanus helgolandicus 2010a621a13cf49374bf4c950a42175421a652b0",441,443,340,335,387,326,328,383,297,305,0,677,475,0,167,323,0,0,0,342,191,179,284,0,1122,357
"Calanus helgolandicus 341d37f9958a54163d7987e0dc5bb17818c5c7d8",313,287,312,284,288,309,294,318,256,291,195,213,384,0,11,199,1,0,37,116,77,571,1140,379,7916,2155
"Calanus helgolandicus 50ae18a387ee0c27a601b2de29233b88891665e2",29474,24291,20157,10396,12520,12766,6834,8401,7270,5917,5290,4477,6993,0,55,4455,96,0,902,514,3998,115171,63016,24003,146613,69106
"Calanus helgolandicus 6db8cc221939cdc8c55a0191ffe9bdeca0679b0e",196,157,150,111,169,166,111,108,110,468,67,180,178,0,0,188,1,0,11,36,0,127,676,303,2693,259
"Calanus helgolandicus 6e6b2ae850506cc0ea7baa4492214e7987501560",13679,12347,11543,8478,10404,10097,6754,7928,6465,10082,3752,8434,6114,0,227,7793,172,20,969,1935,4129,14861,21236,29038,36217,18003
"Calanus helgolandicus 78f54f41acba54d14189a57d673d19a7e9c4b936",2732,2627,2555,2086,2494,2604,2021,2353,1920,1579,1066,1728,465,0,15,1294,10,1,67,297,460,2186,3632,6580,301,2062
"Calanus helgolandicus 894f73dc6883f29a838304fd218efdfaf12bd154",480,495,403,304,369,388,267,324,246,346,690,287,0,0,38,1580,6,0,43,4,333,0,737,736,1279,590
"Calanus helgolandicus a145a40787b04637744888e0e1580dd7b4dbbd1b",0,0,0,48,0,75,0,0,66,0,21,0,61,0,0,0,0,0,0,0,0,399,46,72,844,177
"Calocalanus styliremis 8621efe7a8640bc1c6ee9a6853dc555b10b9601f",0,18,0,0,0,0,0,0,0,20,0,0,0,0,0,14,0,0,464,26,1031,0,8,13,0,0
"Calocalanus styliremis fee2b972e2337c7fec774733831482a13e032658",0,0,0,0,0,0,0,0,0,0,0,0,0,41,0,15,33,101,0,31,121,0,0,47,0,12
"Candacia bipinnata 686fd8b59c6f87b27fe6a21b366a0e4b838135e1",65,38,33,0,0,0,0,0,0,0,0,0,0,73,0,262,2224,0,57,181,4603,0,0,0,0,0
"Clausocalanus furcatus 0656642f62c1149ffd9a6000db43c45838593471",0,0,0,0,0,0,0,0,0,2,0,0,0,412,274,126,860,397,0,17,26,0,15,0,27,74
"Clausocalanus furcatus 13d4114046cb395e85da1be98837a9c692eb7728",0,0,0,0,0,0,0,0,0,0,0,0,0,224,368,178,961,100,506,0,3251,0,0,0,0,99
"Clausocalanus furcatus 1a08bb6d37d7924e5dab4c0408f64896eacb991a",615,515,401,314,238,330,90,161,158,310,58,1072,0,3917,9813,2708,4963,4743,3597,8642,6133,189,801,537,0,359
"Clausocalanus furcatus 47fee77eb15aeb9efa7931aa8ff1bf58daa8e10c",214,208,204,205,158,223,161,150,161,0,0,134,0,0,40,0,0,33,0,212,0,100,0,0,0,0
"Clausocalanus furcatus 6b07660f743f9e1c643619d1f389bcbfcf57ec7b",192,181,149,221,172,208,193,167,153,0,0,422,0,0,215,0,0,194,0,959,0,175,0,0,0,0
"Clausocalanus furcatus 7d30749dc626d812e4fe8fddce6bae2923e56070",0,0,0,0,0,0,0,0,0,0,0,0,0,62,71,50,157,277,554,105,536,0,0,0,0,0
"Clausocalanus furcatus c40ce5c9da5927cd51e1e3df99e36cc3984796e8",253,226,161,0,133,0,50,0,0,183,0,644,0,4329,5995,991,5984,1990,1932,905,30441,3,265,0,234,1081
"Clausocalanus furcatus f07422dab8587806440ce31551c5c29726d1d1c7",238,219,199,191,143,201,79,103,142,37,0,241,0,0,213,0,79,110,0,720,0,0,32,0,0,0
"Clausocalanus furcatus f8a30baa160074c5d81f39bbfa5ce59111caa57a",170,205,211,165,155,199,128,87,110,209,173,937,0,1313,2945,1949,2941,2006,1319,4551,918,272,763,225,0,487
"Clausocalanus furcatus feb7c743a91055e70bfa4286091f360a580f26c7",0,0,0,0,0,0,0,60,52,120,0,769,0,1359,1936,1041,3954,539,663,428,4288,79,304,0,11,987
"Ctenocalanus vanus 0820a7f507d89fdcba7a016992fe29a4255663da",124,76,67,59,92,89,83,49,81,0,0,45,0,0,0,0,0,0,0,0,26,54,0,0,0,0
"Ctenocalanus vanus 0de53510347e58dabda2dc43270f04ad3ea2da5c",348,284,206,111,110,104,0,0,0,414,0,543,0,1593,3062,757,1184,1510,1381,228,52124,220,54,78,242,478
"Ctenocalanus vanus 19e2d8924e99f1a60555875f40f2f4abbcb91b22",60,40,62,48,0,56,69,0,41,55,180,359,0,272,785,438,847,757,154,1327,203,42,78,187,0,251
"Ctenocalanus vanus 1c7aee32d52c5a25d862a3e148b6cf04ab8f88da",96,77,72,61,75,71,83,58,84,0,0,186,0,0,0,0,0,0,0,0,223,79,0,0,0,0
"Ctenocalanus vanus 2e7fd9b83cde32c49dd67fab73609fefc6b7bec1",78,60,58,48,60,61,30,0,36,14,0,65,1,0,57,0,20,39,0,193,0,0,5,0,0,0
"Ctenocalanus vanus 7f93c2356b7a75855bf23901a4a4946a09c74ed6",197,186,136,61,73,82,42,0,48,161,41,300,7,875,1924,585,1279,2162,500,2344,1831,41,71,338,9,208
"Ctenocalanus vanus e6e62aec4e6530ec9d88231193468a1b57ca384e",0,0,60,0,0,0,0,48,63,127,0,563,0,222,736,153,396,194,257,113,2963,99,0,0,0,208
"Dioithona oculata 46f27f2f56e61a28864cdb558572ac9e8bdbb3c8",50,49,0,0,0,0,0,0,0,0,0,0,0,38,216,78,26,41,0,57,16,0,49,89,0,0
"Dioithona oculata 8a0f626ac39dbf2bba4f983d8f13c759e59b0051",0,19,0,0,0,0,0,0,0,0,0,0,0,30,277,16,26,31,0,55,23,0,0,21,0,0
"Eucalanus californicus 247f09ccc8ae0ecc2da039900610e5494db93abe",416,312,281,89,84,92,19,16,33,542,458,900,7024,174,84,128,1418,42,332,1416,788,418,710,1662,3856,296
"Metridia 10c3d1c8405b910ef842f394542a5580dc7e9010",225,229,186,173,198,187,128,173,161,2158,591,2341,0,219,1192,852,703,545,543,1645,693,482,673,2964,0,782
"Metridia 14c23d62f3cde5e060e5aa22522eeea5c941e860",66,0,59,29,0,40,35,0,0,172,0,103,0,33,41,0,190,0,40,867,74,76,154,711,0,0
"Metridia 32c7429ef986d3d6e6568889cab2755dd190fdbc",68,45,44,36,42,53,32,30,30,378,24,226,108,94,54,56,506,34,126,1558,390,214,234,1712,28,28
"Metridia 3a7c698a38f760bccb4381b3ff98dec1468bda94",0,0,0,34,49,0,0,0,0,252,147,174,0,0,17,121,121,51,0,103,0,0,310,421,0,37
"Metridia 57032ed98d1880faa541a6164b1166c24a0b0150",12,20,10,7,23,16,0,19,20,25,0,69,0,0,9,0,43,0,0,85,0,0,0,40,0,0
"Metridia 5e14eb69f3ded47e81cbde8662320eb91d4db274",0,0,0,0,0,0,0,0,0,105,0,30,0,12,36,178,179,0,0,27,0,0,69,0,0,71
"Metridia c621ead91f54c394ee29a0669ebe477d85be4b7d",0,0,262,98,167,160,0,172,166,2113,680,2515,0,217,1057,979,670,595,461,1508,704,234,658,2712,0,921
"Metridia daa82d75f78ac8d5bb5259c9020511942c2ef050",0,0,49,0,40,48,0,0,51,392,92,292,0,0,158,128,254,130,0,272,0,0,352,1074,0,202
"Metridia pacifica 0c84003ceec1fb7c3e6c2c04c0221e1bcf2c45f0",338,348,249,118,188,172,0,0,0,0,0,0,0,0,0,510,340,0,838,0,0,0,676,584,0,294
"Metridia pacifica 1db1b49185d0d4cf20f888eb9992b256f76a4651",0,0,0,0,0,0,0,0,0,0,0,411,0,131,443,207,289,0,254,199,3244,99,0,0,0,190
"Metridia pacifica 21ed13fe3ace8060314f604c98eb7b593d0e6ba2",3110,2716,2621,2197,2831,2663,2044,2270,2136,17386,4604,18728,628,5126,9418,29600,16270,5850,7154,24178,13796,6324,13010,30010,76,9314
"Metridia pacifica 2cfd457adc6936d89195dd4765ae81286f8b0ed5",3661,3512,3670,2902,3565,3393,2898,3593,2825,14460,4820,15834,1230,622,1458,19280,4158,2294,2174,14460,3806,8876,12062,34346,392,7156
"Metridia pacifica 366bcd23a104bbca5cc64b6ce7fb0156ce975c1c",900,684,546,307,0,0,0,0,0,0,0,963,0,0,0,1901,0,0,1093,477,0,0,0,0,0,0
"Metridia pacifica 3855bfab8b2afdb2b740530c990e9a2535c5a15b",10699,9996,9059,6637,7841,7838,4882,5759,4685,33004,9652,33274,1080,1106,1812,45162,5054,2986,4132,19180,7290,13608,27960,84302,168,14786
"Metridia pacifica 3949ba94f0477add06d64a4ce6018ac190c245c1",59,63,66,46,66,74,60,48,53,195,0,411,0,414,324,56,99,0,0,43,0,0,0,116,0,202
"Metridia pacifica 3a4660f8928b0bba5379764b63c8f98ae30a1d3b",780,718,589,426,524,507,347,439,331,9144,1186,5718,0,12392,8722,12194,34600,10690,4474,6972,3622,0,5800,9824,152,7274
"Metridia pacifica 5548f5906a4522e2196d674ad3826fb4fc8430b8",135,112,85,65,105,84,62,0,76,3016,168,1664,24,356,636,5022,4234,490,172,3186,74,0,2210,1614,56,0
"Metridia pacifica 5c8ad94781a3e58614f1bada8d5faa13dd04610d",26,39,27,0,30,0,49,59,0,43,0,85,4,0,33,0,56,0,0,175,0,61,38,50,0,0
"Metridia pacifica 6b976e008f3c98aa86cb64aa686cbfcb409c8f0a",1971,1755,1621,1310,1748,1567,1031,1265,1213,11028,2864,10368,262,2492,4548,18612,9046,2446,3458,11886,9760,3524,7868,19964,0,5114
"Metridia pacifica 97d5948bd4b4362b9bfcff8f47c1af49259ea0d2",359,333,318,241,305,326,353,313,265,5434,610,5522,390,3602,8434,10466,12750,3444,4226,15008,9738,726,3266,4506,60,3426
"Metridia pacifica 97eba237b82c30ea20f6265eafa44e2dcba9c3da",0,110,0,87,0,0,0,0,0,580,0,376,0,66,0,0,880,0,70,2392,190,376,0,1832,8,0
"Metridia pacifica b0c15e6164ee940205efe0f1e1a0a0c19435ec9f",29592,24827,21245,11104,13597,13425,7261,8752,7702,270886,50308,170774,2590,27394,40970,472946,153494,27544,102164,147696,110642,29090,200452,305238,230,91728
"Metridia pacifica b49b5b962f90500633efdc08ccee2e44af816ced",0,0,0,0,0,0,0,0,0,106,0,451,0,559,562,797,1784,362,0,279,0,0,0,0,0,459
"Metridia pacifica bd47ade374a1d1bb53455acb57695af761642b75",238,233,0,0,138,0,0,0,0,2842,240,2284,0,126,778,5202,2556,510,2150,1862,1476,0,2752,3048,0,1208
"Metridia pacifica c106e1cd25bef13848fb5696229c97e7ec724fc1",57,87,90,61,70,91,48,85,49,370,0,512,0,450,654,576,1121,249,174,368,0,0,94,123,0,177
"Metridia pacifica e199318c40876066960330bd9ea208fb7639a760",4324,3835,3851,2978,3691,3589,2774,3295,2768,6704,3274,6820,1360,88,124,6150,578,814,824,3506,2516,6640,10292,23076,882,5818
"Metridia pacifica f0811d7c1afc61b0190a200923bc854777e6fbc5",0,45,49,0,0,0,0,0,0,0,0,0,0,2440,1348,548,0,2362,758,578,640,0,0,0,0,0
"Metridia pacifica f0f0d90e0b068596c08719d08b82987032ec3857",248,256,260,216,229,252,258,226,188,167,0,412,67,0,149,185,82,65,0,575,0,96,77,75,0,111
"Metridia pacifica f10fe77e3403856fcab6288232f5f46a50261607",71,0,55,0,0,0,28,40,49,542,382,506,0,0,0,510,346,74,0,408,0,0,564,992,0,162
"Neocalanus 01cfa38140aa27513302c83969784a3f310533bf",0,0,0,0,0,0,13,0,0,0,24,0,0,56,0,162,232,296,94,854,64,0,0,72,0,0
"Neocalanus 56db9b8934558866af0f1f1eaf48a1122b20eb51",25,16,18,8,5,14,0,0,12,0,0,0,0,78,0,160,278,504,252,814,194,4,14,74,0,0
"Neocalanus bf5fb30ed1cb71468ac5f842314f3b9841142760",19,20,0,24,0,0,17,20,0,0,0,0,0,117,317,0,0,282,0,0,175,0,0,0,120,0
"Neocalanus cristatus 207114b11583026b14531339aeff5641dd94caec",83,58,67,41,76,63,0,68,68,114,96,320,0,756,536,2222,2294,2594,644,5184,772,0,66,590,0,0
"Neocalanus cristatus 7761526519fda29c5c9ac6663b370054e80b7263",537,443,387,176,217,221,110,103,120,63,53,47,13,96,25,461,408,757,460,875,921,445,161,314,141,96
"Neocalanus cristatus e396f514beb6bb0e29a828575cc7fea775d24085",259,217,217,152,154,141,100,103,126,246,118,310,14,410,356,1578,1770,3900,854,5160,1950,44,136,818,60,124
"Neocalanus gracilis cf20a5c3684c767dd7a47573041ed57b174d91b4",37,22,0,29,0,0,24,14,0,0,0,0,0,25,42,0,0,58,0,0,127,0,0,0,167,0
"Neocalanus gracilis dabec5c8e3721be348236817cddd3c31eb1647ce",126,97,88,39,60,0,0,0,41,0,0,0,0,5118,9075,351,73,35849,914,283,1598,0,0,0,549,0
"Neocalanus gracilis f439140f389fcafab48955b2d982492c4de5820f",30,0,16,0,25,27,0,0,20,0,0,0,0,1989,1200,355,43,1139,335,226,472,0,0,11,22,19
"Oithona 3ee6b510572d6e1b7383d68344ead7b479c01cb5",60,0,0,51,0,0,0,0,0,233,52,211,0,0,81,54,45,22,0,190,0,0,73,101,0,0
"Oithona similis 388725f240f778bbad66a1a652b752a88fd3956a",371,296,221,82,136,104,14,34,62,494,47,203,0,95,218,218,153,179,135,272,193,0,304,1837,0,52
"Oithona similis 8f7921169991363296cbef39f3d968cafbdfc591",0,0,0,0,0,0,0,0,0,327,46,146,0,0,0,79,0,57,0,171,0,0,159,371,0,0
"Oncaea mediterranea 2a24470d9f6f016d43a270ded06f52d73df93b2b",51,0,0,0,0,0,0,0,0,30,0,0,0,24,0,96,108,0,37,36,0,0,70,67,0,17
"Paracalanus parvus 1ab3bca392087a2194bf40e8c0e37d000a0a7081",167,203,182,119,198,176,127,132,206,418,0,286,10,0,0,0,0,0,0,353,0,150,0,142,0,57
"Paracalanus parvus 5bed824b32b484e7e3b783c154b19bd28e749adb",144,137,190,130,142,81,103,0,89,152,0,0,0,0,0,0,0,0,0,105,0,31,0,0,0,0
"Paracalanus parvus 5d9ee140b17e218e06fffae434d6dad14ebb91db",194,192,170,127,130,162,100,98,170,2138,396,1758,0,305,1127,745,483,782,408,1830,738,350,473,2829,0,480
"Paracalanus parvus 6719cb4eb8e5354c1a45ffde7b33672581382a84",224,212,205,152,191,203,98,130,231,209,0,91,7,0,0,0,0,0,0,70,0,89,0,67,0,6
"Paracalanus parvus 961cd5ce154310c7fd54468560aca8d35041c8c7",1558,1275,963,365,442,416,111,141,216,6830,336,3302,35,1009,3591,1399,757,1599,2042,3097,5918,538,710,10433,71,667
"Paracalanus parvus 9c1f29a7bb544b3ebd2d985b47670334284c6050",380,340,295,172,219,236,79,91,101,595,0,230,0,0,0,0,0,0,0,166,0,53,0,115,0,0
"Pegea dd7072b661c5b53f5177a820ab2c1ca431c1df7b",199,160,155,71,102,98,0,28,86,0,0,0,0,0,0,0,0,0,0,0,0,0,3147,239,239,0
"Pleuromamma 0260bfbe825d95aca7b54a0909f97b59dc580e78",249,203,196,137,131,132,63,72,78,669,221,812,49,1944,1269,1114,2078,0,520,76,49,0,764,1613,0,1720
"Pleuromamma 1e823715b95b2e76d7b69608b26072704c7c2ef1",167,153,177,93,102,122,51,68,61,113,87,142,35,104,70,112,72,0,23,14,22,0,187,511,0,346
"Pleuromamma 2655c6ab73c0d798851414a6bc09fc1b4469d3a9",58,58,29,0,0,0,0,0,0,227,12241,287,0,3000,226,11592,119455,0,71,444,0,0,1870,23,2170,0
"Pleuromamma 3b4deef68ab606924924048c116ef0c7c34ec1f4",247,206,183,109,151,163,66,74,100,29,0,0,0,282,0,0,10,0,0,0,0,0,0,12,0,16
"Pleuromamma 5746f43063ff1ae03ed18e54fec36f56f3bba3ef",68,67,73,48,112,43,0,0,81,40,46,0,22,0,0,0,0,0,0,0,0,0,121,262,0,154
"Pleuromamma 929371ba7bc4e9291b5d49829c93c66c67d836c3",292,273,273,211,180,230,125,113,156,306,0,0,0,10664,0,0,326,0,0,0,0,0,0,62,0,752
"Pleuromamma 971d71ff274bf68463802e6c3ce1479a814b1f81",111,84,74,64,61,80,38,72,62,0,0,0,0,0,0,0,0,0,0,0,0,0,58,0,42,43
"Pleuromamma a32d276e30f76e771318e8c516046bc05f72db69",287,208,194,122,140,168,73,100,139,3810,448,3094,0,10328,8574,4528,24610,22142,2878,7432,5094,404,1240,1528,398,234
"Pleuromamma abdominalis 10d98a9e8191737474408e3922019918cf9ce20e",57,38,38,0,0,0,0,0,0,1164,1164,2220,0,410,1446,7314,7218,0,182,596,0,0,2468,146,1910,0
"Pleuromamma b308f1ff1c8a4490fc47c87f05295b7e5a4a6610",206,141,147,106,109,109,71,77,72,102,0,192,0,74,68,249,164,271,30,101,0,29,15,29,0,0
"Pleuromamma b87a6f0f02e462d8aba180cca20863b9c69bf65a",0,0,0,0,0,0,0,0,0,89,0,124,0,212,183,120,349,0,0,0,0,0,92,0,0,425
"Pleuromamma bf87a932b56f5ea063f60d58296ef8446602c4ad",0,0,0,0,0,0,0,0,0,174,0,380,0,514,615,506,1542,459,223,485,0,0,71,0,0,0
"Pleuromamma borealis 387d4852e3e92fa092e4d58207f93a07a1040fd7",398,330,221,82,65,75,11,27,30,4,0,0,0,5924,0,0,298,0,0,0,208,0,0,158,0,58
"Pleuromamma borealis 7ed69f089c6a810c9434950899ffa09ad91e3f6d",256,193,147,40,48,45,10,7,17,69,27,59,0,1590,568,228,712,0,305,9,47,0,148,327,0,392
"Pleuromamma cedcb1af2b62e6d6afea91c34a7db2530337e833",89,67,99,57,79,86,89,70,86,816,86,0,0,1334,0,56,162,0,0,0,0,0,0,1234,0,692
"Pleuromamma fa7356df1a872486053eb1a14ff614012cdadde9",218,207,156,61,38,49,11,7,15,1094,1808,1178,0,9490,3900,5284,18474,18350,1378,5228,2804,0,490,302,982,78
"Pseudocalanus elongatus 0171cc759ee283cc9c17ac4964b6e648bd6aef3b",20,10,3,9,6,3,0,9,5,7,0,0,0,0,1,0,0,0,0,20,0,0,0,0,0,0
"Pseudocalanus elongatus 14185f4dd88bc581f98ab10ffd2cb11423e579a1",19,10,0,0,9,0,0,0,0,44,10,0,0,0,0,189,0,0,0,245,0,0,0,109,0,0
"Pseudocalanus elongatus dbd95065a6787486d688fdf5fdc905e08c92b3c7",43,26,25,13,14,11,0,5,9,78,0,0,0,0,34,199,0,0,10,393,0,0,15,212,0,0
"Rhincalanus 14b9ad84102f6b00cde2ca65946dd1e9ce5121c3",36,50,35,19,21,53,32,30,21,95,0,110,0,0,29,101,0,0,0,112,0,0,55,76,0,65
"Rhincalanus 1784e869dc2724619a035c17ab1fff64ceb125f7",252,193,141,129,125,123,52,52,75,214,232,478,3786,0,0,136,0,0,0,158,0,568,1566,1112,21532,5194
"Rhincalanus 1c13e9ef7e8cb97448c9556c5cae61a9ab171c33",186,154,124,74,126,112,82,94,71,78,246,92,1482,0,0,24,0,0,0,8,14,1072,944,640,15926,4394
"Rhincalanus b39500169f19f6f7dc74cde23a266fe3bd9d8079",134,108,123,89,115,110,76,78,76,672,348,960,68,0,56,974,8,0,18,1268,0,126,342,2542,118,510
"Rhincalanus b7e9dc36de1a879d6ec7460013fa62304a3aabc1",122,128,123,102,113,118,76,92,78,50,0,453,481,0,0,0,0,0,0,0,0,17,114,0,788,228
"Other",2231,1728,1197,414,398,499,142,177,161,3306,4182,4209,5595,18357,28291,5908,17737,7006,3642,7421,35906,4256,11483,2994,23476,3104
