"","Hash"
"1","0260bfbe825d95aca7b54a0909f97b59dc580e78"
"2","10c3d1c8405b910ef842f394542a5580dc7e9010"
"3","1a08bb6d37d7924e5dab4c0408f64896eacb991a"
"4","21ed13fe3ace8060314f604c98eb7b593d0e6ba2"
"5","2cfd457adc6936d89195dd4765ae81286f8b0ed5"
"6","2f9a39c8d8b69f7eedcd3582326b652370ce2ab1"
"7","3855bfab8b2afdb2b740530c990e9a2535c5a15b"
"8","388725f240f778bbad66a1a652b752a88fd3956a"
"9","3907c0c3540893fea852cf1e2e15ee876e097dc1"
"10","3a4660f8928b0bba5379764b63c8f98ae30a1d3b"
"11","50ae18a387ee0c27a601b2de29233b88891665e2"
"12","5153fd153d032ca08987dc412a9c67b6794b21bf"
"13","562a6c89616b1cf51f15caa15b0e5a565dfe0427"
"14","5c28fb044703f8d7dc9a17c20a178f0e34feb322"
"15","5d9ee140b17e218e06fffae434d6dad14ebb91db"
"16","6950a504c858e51241cac98cb4b1b8cad81eff0e"
"17","6b976e008f3c98aa86cb64aa686cbfcb409c8f0a"
"18","6db8cc221939cdc8c55a0191ffe9bdeca0679b0e"
"19","6e6b2ae850506cc0ea7baa4492214e7987501560"
"20","7761526519fda29c5c9ac6663b370054e80b7263"
"21","78f54f41acba54d14189a57d673d19a7e9c4b936"
"22","7ed69f089c6a810c9434950899ffa09ad91e3f6d"
"23","894f73dc6883f29a838304fd218efdfaf12bd154"
"24","961cd5ce154310c7fd54468560aca8d35041c8c7"
"25","97d5948bd4b4362b9bfcff8f47c1af49259ea0d2"
"26","a32d276e30f76e771318e8c516046bc05f72db69"
"27","b0c15e6164ee940205efe0f1e1a0a0c19435ec9f"
"28","bb43537ab7d266d059e40deb9e1f8536790adc35"
"29","e199318c40876066960330bd9ea208fb7639a760"
"30","e396f514beb6bb0e29a828575cc7fea775d24085"
"31","f8a30baa160074c5d81f39bbfa5ce59111caa57a"
"32","fa7356df1a872486053eb1a14ff614012cdadde9"
"33","c106e1cd25bef13848fb5696229c97e7ec724fc1"
"34","other"
"36","1784e869dc2724619a035c17ab1fff64ceb125f7"
"38","1c13e9ef7e8cb97448c9556c5cae61a9ab171c33"
"40","247f09ccc8ae0ecc2da039900610e5494db93abe"
"43","32c7429ef986d3d6e6568889cab2755dd190fdbc"
"44","341d37f9958a54163d7987e0dc5bb17818c5c7d8"
"46","387d4852e3e92fa092e4d58207f93a07a1040fd7"
"49","3b46a0689c4dc296a5046eb3cfb003a0ca04e7fe"
"53","58aec46ab4910cf08bbfda67e8aa7321828ce906"
"61","929371ba7bc4e9291b5d49829c93c66c67d836c3"
"65","b39500169f19f6f7dc74cde23a266fe3bd9d8079"
"67","e01f93ca2ee277a2bc78e4f8f0e3ee68b98bf1fc"
"71","ff62c6fc3f5f5a03af66155247b74210ad634523"
"74","10d98a9e8191737474408e3922019918cf9ce20e"
"79","2655c6ab73c0d798851414a6bc09fc1b4469d3a9"
"84","363a7fed6b4ef59f0d3847483c765d95cd1bc297"
"91","5548f5906a4522e2196d674ad3826fb4fc8430b8"
"100","85077e08965d11e7bf3ed5bab4bfd42a4968aa89"
"101","856adbbd6780d096aa923a18481a9884b70edf25"
"104","9b9f6e13b644886afad8864d6601b2000dae17a0"
"105","a19023e2938b2d4c19d5e2b8c4962e8bcd73177d"
"111","e09b485dd4d1bd133e7845d395237f38d661eb69"
"115","2010a621a13cf49374bf4c950a42175421a652b0"
"116",NA
