"","size_fraction","sample_id","object_annotation_category","dryweight_C_mg_sum_taxa","dryweight_C_ug_sum_taxa","dryweight_C_mg_sum_sample","dryweight_C_ug_sum_sample","sample_conc","potemp2","density2","oxy_sat","Sal2","NO2","nitracline_depth","NO3","fluorescence","hypoxia_depth","chl_max_depth","PO4","SIL","NH4","beam_depth","chl_max","mixedlayerdepths","intergrated_chl","day_night_0_1","distance_from_shore","PAR_1_depth_adj","cycle","Sample_ID_short","PC1","Longitude","Latitude","log10_dryweight_C_ug_m2_taxa","dryweight_C_mg_m2_taxa","log10_dryweight_C_ug_m2_sample","dryweight_C_mg_m2_sample","biomass_prop_taxa"
"1","0.2-0.5","c1_t7_h9","Calanoida",0.125985077573389,125.985077573389,0.541629623556351,541.629623556351,68.7279768570362,13.6354125,25.27231875,68.65825,33.72105625,0.271166667,4.793,17.5485,4.377575,127.52,14.88966667,1.386,16.9485,0.108,10.919,4.7989,34.31751471,43.229,1,54.45089622,30,"1","C1-T7-H9",6.573255037,-122.4661,36.18643,4.83616346798063,8.65869949579576,6.29458241647663,37.2251082328661,0.232603742657515
"2","0.2-0.5","c1_t8_h10","Calanoida",0.158060339794421,158.060339794421,0.24159121802706,241.59121802706,222.638981531289,14.52624375,25.12710625,73.9570625,33.7726125,0.293333333,5.056,6.879666667,3.06598125,117.599,33.74833333,0.619,4.617666667,0.519666667,8.4375,3.9444,39.60784898,93.982,0,57.2760461,30,"1","C1-T8-H10",4.157659552,-122.4958,36.11382,5.06297685755575,35.1903930723194,5.48724711617426,53.7876227284482,0.654247042111926
"3","0.2-0.5","c2_t8_h18","Calanoida",0.283687499268448,283.687499268448,0.497341494320199,497.3414943202,82.1986615770011,15.59365,24.5697,64.668,33.34975,0.221166667,4.771,6.914333333,1.7352,127.517,14.88933333,0.475166667,5.279,0.129666667,14.889,8.5157,12.36120755,10.001,0,89.04467932,6,"2","C2-T8-H18",3.495869841,-123.0914,36.42905,5.64787327763796,23.3187327459929,6.20927690145198,40.8808051798261,0.570407863627409
"4","0.2-0.5","c2_t9_h19","Calanoida",0.460083286358189,460.083286358189,0.534621466945654,534.621466945654,338.983237265562,15.85675,24.06715,69.2275,32.7728,0.3052,4.576,7.3326,1.59615,129.5,30.76966667,0.668,5.1062,0.433,26.8,4.107233333,18.6269982,11.23,1,107.295263,6,"2","C2-T9-H19",2.811058313,-123.226,36.46062,6.13140753039466,155.960521821477,6.28155895805323,181.227715576901,0.860577651299134
"5","0.2-0.5","c3_t6_h25","Calanoida",0.154566891502616,154.566891502616,0.257992319902224,257.992319902224,58.3137294015454,18.84853125,23.309125,79.10425,32.70948125,0.0165,114.277,-0.069,-0.00258125,349.6695,109.1806667,0.336,1.0475,-0.013,22.833,0.642766667,36.93443854,8.3977,0,772.3392208,103,"3","C3-T6-H25",-4.6044581,-130.477,34.56042,5.04062695734944,9.01337188552156,5.55292981665771,15.0444943304552,0.599114313019841
"6","0.2-0.5","c3_t7_h26","Calanoida",0.159929246647332,159.929246647332,0.231418381446422,231.418381446422,74.5250396058564,18.9034875,23.2842875,72.4185,32.6949375,0.0215,109.923,-0.061,0.03025,361.5635,105.2116667,0.3,1.2055,-0.0135,22.834,0.657333333,34.44530282,0.053271,1,772.3906546,103,"3","C3-T7-H26",-4.437854817,-130.4595,34.52752,5.07473150897666,11.9187334405272,5.44422724741467,17.2464640428178,0.691082729244473
"7","0.2-0.5","ct1_t1_h28","Calanoida",0.741289814781358,741.289814781358,1.32764899582882,1327.64899582882,1.37980706033375,17.38964375,23.8663625,65.336625,32.97244375,0.013,59.8,0.207,0.26435,361.5505,43.67766667,0.370333333,1.022333333,0.021666667,39.707,2.921366667,44.12433944,112.6,0,602.6631245,5,"T1","CT1-T1-H28",-2.054216937,-128.5755,34.96055,6.60839166189657,1.02283692018881,7.19116498473037,1.83189945808961,0.558347738830315
"8","0.2-0.5","ct1_t2_h29","Calanoida",0.403810252914717,403.810252914717,0.555456030655264,555.456030655264,2.22464351698328,18.16554375,23.51706875,68.402375,32.7602,0.0065,80.1,-0.06,0.0202625,312.9815,70.47466667,0.3345,1.135,0.0035,58.565,0.948566667,49.90714574,0.1229,1,524.1840843,11,"T1","CT1-T2-H29",-3.394650309,-127.5728,35.0498,6.000945096628,0.898333861238103,6.31978945321114,1.2356916575665,0.726988691505154
"9","0.2-0.5","ct1_t3_h30","Calanoida",0.264200747882128,264.200747882128,0.360551958288693,360.551958288693,51.8912003745752,18.16806875,23.51549375,70.3971875,32.75895,0.0085,94.339,-0.073,0.00883125,258.4555,78.41433333,0.3345,1.0805,0.007,73.452,1.302366667,47.52148287,24.685,1,450.7865706,86,"T1","CT1-T3-H30",-3.727302931,-126.6352,35.02288,5.57670922282657,13.7096939474641,5.88763607474087,18.7094739130041,0.732767474447006
"10","0.2-0.5","ct1_t4_h31","Calanoida",0.577570557892373,577.570557892373,0.773554648269511,773.554648269511,34.9142822531758,18.11386875,23.52309375,78.3553125,32.751575,0.01,81.135,-0.0975,0.04135,276.3005,58.56533333,0.331,0.9545,-0.0155,50.625,1.3489,43.3434391,39.938,0,353.6559397,84,"T1","CT1-T4-H31",-3.259153374,-125.5235,35.09508,6.35883061310142,20.1654614793785,6.6509963181568,27.0081053279378,0.746644802903626
"11","0.2-0.5","ct1_t5_h32","Calanoida",0.355961944860211,355.961944860211,0.458826056405147,458.826056405147,64.2348364715355,17.41111875,23.60625,81.763,32.63924375,0.032,60.184,0.115333333,0.1357875,295.1365,44.66966667,0.364,1.203666667,0.021333333,40.7,2.300733333,40.373965,105.72,0,287.1546375,5,"T1","CT1-T5-H32",-2.057413352,-124.7213,35.11383,5.87482382867812,22.8651573181854,6.12867117615598,29.4726167020641,0.775810222394812
"12","0.2-0.5","ct1_t6_h33","Calanoida",0.536989184282219,536.989184282219,0.754786676136084,754.786676136084,60.1059748080334,17.67494737,23.63878421,73.37931422,32.76398421,0.004,89.237,-0.021333333,0.0678,286.213,55.58733333,0.339,1.184,0.008,47.647,1.4834,43.86420492,44.366,1,220.3050539,78,"T1","CT1-T6-H33",-2.808803596,-123.8861,35.15777,6.28597795330458,32.2762583826534,6.62643516116064,45.3671889412747,0.711444970161878
"13","0.2-0.5","ct1_t7_h34","Calanoida",0.68217485278037,682.17485278037,0.977922091339471,977.922091339471,117.330500619764,16.22978889,24.64262778,71.93337769,33.63152222,0.18025,5.198,4.7105,0.991344444,272.3325,44.66933333,0.55525,2.63575,0.1955,8.935,1.644233333,49.89389011,61.179,1,164.3233095,55,"T1","CT1-T7-H34",1.021747674,-123.1012,35.20463,6.52528600735903,80.0399169869345,6.88543000565461,114.740088543987,0.697575869102197
"14","0.2-0.5","ct1_t8_h35","Calanoida",0.151033176925054,151.033176925054,0.238191100378154,238.191100378154,61.9837497007883,16.601525,24.4496125,62.516375,33.49135,0.13575,34.766,1.831,1.00973125,211.846,24.81766667,0.41225,2.2655,0.52375,19.854,1.631833333,30.76237143,8.3863,0,119.4843272,10,"T1","CT1-T8-H35",1.240985634,-122.3004,35.1785,5.01749952741663,9.3616026350374,5.47307329425074,14.7639775467948,0.634084047159077
"15","0.2-0.5","ct2_t1_h36","Calanoida",0.134926887101711,134.926887101711,0.170858780070834,170.858780070834,503.42355618215,15.831225,24.523775,70.634,33.3592625,0.188328994,24.13100104,6.475130769,2.00485,144.391,19.85366667,0.649509372,5.675964988,0.23236203,17.868,2.443066667,23.89114571,68.88,1,395.8283457,60,"T2","CT2-T1-H36",2.177361041,-121.6069,35.56327,4.90473305470826,67.9253733293305,5.14083736776373,86.0143346682031,0.789698293794284
"16","0.2-0.5","ct2_t4_h39","Calanoida",0.205331153882361,205.331153882361,0.312094000903436,312.094000903436,215.297292594035,16.11135,24.6348375,81.589375,33.58603125,0.180388032,26.97258367,6.151914118,1.3498,244.565,19.854,0.633395467,5.435990441,0.222955797,13.898,2.579066667,32.90561905,46.21,1,41.86359276,45,"T2","CT2-T4-H39",1.910761547,-121.2592,35.13105,5.3246240605998,44.2072415160816,5.7433044273792,67.1929934293502,0.657914452978839
"17","0.2-0.5","ct2_t8_h43","Calanoida",0.129359294607309,129.359294607309,0.227889499030683,227.889499030683,270.040995295912,15.68699375,25.07190625,77.0835625,34.03350625,0.211496484,5.491,7.418104457,1.07124375,161.261,14.891,0.696521147,6.376082642,0.259804398,9.927,1.530533333,40.83314211,43.725,1,52.40822911,47,"T2","CT2-T8-H43",2.955154777,-120.8298,34.54325,4.8625937623111,34.9323126665349,5.42886085809784,61.5395071357326,0.567640436077715
"18","0.5-1","c1_t7_h9","Calanoida",0.347754806425408,347.754806425408,0.706220457499217,706.220457499217,68.8988475177305,13.6354125,25.27231875,68.65825,33.72105625,0.271166667,4.793,17.5485,4.377575,127.52,14.88966667,1.386,16.9485,0.108,10.919,4.7989,34.31751471,43.229,1,54.45089622,30,"1","C1-T7-H9",6.573255037,-122.4661,36.18643,5.85149765220454,23.9599053814621,6.55992745149614,48.6577756151405,0.492416783927267
"19","0.5-1","c1_t8_h10","Calanoida",0.797586897346908,797.586897346908,0.952747166110396,952.747166110396,216.278762948282,14.52624375,25.12710625,73.9570625,33.7726125,0.293333333,5.056,6.879666667,3.06598125,117.599,33.74833333,0.619,4.617666667,0.519666667,8.4375,3.9444,39.60784898,93.982,0,57.2760461,30,"1","C1-T8-H10",4.157659552,-122.4958,36.11382,6.68159079091353,172.501107501947,6.85934956531805,206.058978488837,0.837144339775964
"20","0.5-1","c2_t8_h18","Calanoida",1.156424081239,1156.424081239,1.79703493521479,1797.03493521479,81.9804731436366,15.59365,24.5697,64.668,33.34975,0.221166667,4.771,6.914333333,1.7352,127.517,14.88933333,0.475166667,5.279,0.129666667,14.889,8.5157,12.36120755,10.001,0,89.04467932,6,"2","C2-T8-H18",3.495869841,-123.0914,36.42905,7.05308783424135,94.8041933346684,7.49389332744867,147.321774244553,0.643517862996234
"21","0.5-1","c2_t9_h19","Calanoida",0.880781727424045,880.781727424045,1.11645881824872,1116.45881824872,333.262919512919,15.85675,24.06715,69.2275,32.7728,0.3052,4.576,7.3326,1.59615,129.5,30.76966667,0.668,5.1062,0.433,26.8,4.107233333,18.6269982,11.23,1,107.295263,6,"2","C2-T9-H19",2.811058313,-123.226,36.46062,6.78080983976191,293.53188993497,7.01791718591453,372.074325285512,0.788906597384078
"22","0.5-1","c3_t6_h25","Calanoida",0.748934213837035,748.934213837035,1.64089309953859,1640.89309953859,55.2033116592259,18.84853125,23.309125,79.10425,32.70948125,0.0165,114.277,-0.069,-0.00258125,349.6695,109.1806667,0.336,1.0475,-0.013,22.833,0.642766667,36.93443854,8.3977,0,772.3392208,103,"3","C3-T6-H25",-4.6044581,-130.477,34.56042,6.61865114766649,41.3436488187032,7.40299594548162,90.5827331733017,0.456418650335987
"23","0.5-1","c3_t7_h26","Calanoida",0.845620547509832,845.620547509832,1.40672118005083,1406.72118005083,74.7310807679116,18.9034875,23.2842875,72.4185,32.6949375,0.0215,109.923,-0.061,0.03025,361.5635,105.2116667,0.3,1.2055,-0.0135,22.834,0.657333333,34.44530282,0.053271,1,772.3906546,103,"3","C3-T7-H26",-4.437854817,-130.4595,34.52752,6.74007073358653,63.1941374349629,7.24901687120168,105.125794124311,0.601128752095192
"24","0.5-1","ct1_t1_h28","Calanoida",2.32544569257186,2325.44569257186,4.51797176589232,4517.97176589232,1.53867369115766,17.38964375,23.8663625,65.336625,32.97244375,0.013,59.8,0.207,0.26435,361.5505,43.67766667,0.370333333,1.022333333,0.021666667,39.707,2.921366667,44.12433944,112.6,0,602.6631245,5,"T1","CT1-T1-H28",-2.054216937,-128.5755,34.96055,7.75166699538001,3.57810210737623,8.41581844775927,6.95168429357163,0.514710098484331
"25","0.5-1","ct1_t2_h29","Calanoida",1.62499285989732,1624.99285989732,3.35105500826162,3351.05500826162,1.99438938307239,18.16554375,23.51706875,68.402375,32.7602,0.0065,80.1,-0.06,0.0202625,312.9815,70.47466667,0.3345,1.135,0.0035,58.565,0.948566667,49.90714574,0.1229,1,524.1840843,11,"T1","CT1-T2-H29",-3.394650309,-127.5728,35.0498,7.39325870084485,3.24086850734766,8.11703050307904,6.68330853056852,0.484919780752957
"26","0.5-1","ct1_t3_h30","Calanoida",0.947015868557801,947.015868557801,1.34928636427216,1349.28636427216,48.3326116341262,18.16806875,23.51549375,70.3971875,32.75895,0.0085,94.339,-0.073,0.00883125,258.4555,78.41433333,0.3345,1.0805,0.007,73.452,1.302366667,47.52148287,24.685,1,450.7865706,86,"T1","CT1-T3-H30",-3.727302931,-126.6352,35.02288,6.85331584970651,45.7717501863589,7.2073311126065,65.2145338275884,0.701864254789713
"27","0.5-1","ct1_t4_h31","Calanoida",1.57873166873015,1578.73166873015,2.73474985761021,2734.74985761021,34.2129790839222,18.11386875,23.52309375,78.3553125,32.751575,0.01,81.135,-0.0975,0.04135,276.3005,58.56533333,0.331,0.9545,-0.0155,50.625,1.3489,43.3434391,39.938,0,353.6559397,84,"T1","CT1-T4-H31",-3.259153374,-125.5235,35.09508,7.36437706234164,54.01311356139,7.91379525093306,93.5639396781771,0.577285584031345
"28","0.5-1","ct1_t5_h32","Calanoida",0.890292599245695,890.292599245695,1.33616751740678,1336.16751740678,64.2348364715355,17.41111875,23.60625,81.763,32.63924375,0.032,60.184,0.115333333,0.1357875,295.1365,44.66966667,0.364,1.203666667,0.021333333,40.7,2.300733333,40.373965,105.72,0,287.1546375,5,"T1","CT1-T5-H32",-2.057413352,-124.7213,35.11383,6.79155017189282,57.1877995243656,7.19756073351679,85.828501979202,0.666303130144614
"29","0.5-1","ct1_t6_h33","Calanoida",1.82586993492614,1825.86993492614,3.25139327931141,3251.39327931141,58.7794998864489,17.67494737,23.63878421,73.37931422,32.76398421,0.004,89.237,-0.021333333,0.0678,286.213,55.58733333,0.339,1.184,0.008,47.647,1.4834,43.86420492,44.366,1,220.3050539,78,"T1","CT1-T6-H33",-2.808803596,-123.8861,35.15777,7.50981182911421,107.323721632661,8.08683888478421,191.115270892086,0.56156538999577
"30","0.5-1","ct1_t7_h34","Calanoida",2.63634602786267,2636.34602786267,5.21626529574747,5216.26529574747,127.302532318008,16.22978889,24.64262778,71.93337769,33.63152222,0.18025,5.198,4.7105,0.991344444,272.3325,44.66933333,0.55525,2.63575,0.1955,8.935,1.644233333,49.89389011,61.179,1,164.3233095,55,"T1","CT1-T7-H34",1.021747674,-123.1012,35.20463,7.87714915706136,335.613525413439,8.55953696422784,664.043781391195,0.505408731801263
"31","0.5-1","ct1_t8_h35","Calanoida",0.344523686415432,344.523686415432,1.09492757323416,1094.92757323416,68.1540777253012,16.601525,24.4496125,62.516375,33.49135,0.13575,34.766,1.831,1.00973125,211.846,24.81766667,0.41225,2.2655,0.52375,19.854,1.631833333,30.76237143,8.3863,0,119.4843272,10,"T1","CT1-T8-H35",1.240985634,-122.3004,35.1785,5.84216284401301,23.4806941021647,6.99844349689789,74.6237789297762,0.314654315808114
"32","0.5-1","ct2_t1_h36","Calanoida",0.362696187034742,362.696187034742,0.517611888302419,517.611888302419,485.176271401698,15.831225,24.523775,70.634,33.3592625,0.188328994,24.13100104,6.475130769,2.00485,144.391,19.85366667,0.649509372,5.675964988,0.23236203,17.868,2.443066667,23.89114571,68.88,1,395.8283457,60,"T2","CT2-T1-H36",2.177361041,-121.6069,35.56327,5.89356553350887,175.971583677129,6.2492257110497,251.13300599976,0.700710697013269
"33","0.5-1","ct2_t4_h39","Calanoida",0.68046904288916,680.46904288916,0.984146867610201,984.146867610201,222.982318493823,16.11135,24.6348375,81.589375,33.58603125,0.180388032,26.97258367,6.151914118,1.3498,244.565,19.854,0.633395467,5.435990441,0.222955797,13.898,2.579066667,32.90561905,46.21,1,41.86359276,45,"T2","CT2-T4-H39",1.910761547,-121.2592,35.13105,6.52278232934353,151.732564846697,6.89177514161615,219.447350278156,0.691430380245521
"34","0.5-1","ct2_t8_h43","Calanoida",2.05062586417652,2050.62586417652,2.4818606113384,2481.8606113384,249.979847958639,15.68699375,25.07190625,77.0835625,34.03350625,0.211496484,5.491,7.418104457,1.07124375,161.261,14.891,0.696521147,6.376082642,0.259804398,9.927,1.530533333,40.83314211,43.725,1,52.40822911,47,"T2","CT2-T8-H43",2.955154777,-120.8298,34.54325,7.62590032513632,512.615141746899,7.81676380437222,620.415138276909,0.826245380102418
"35","1-2","c1_t7_h9","Calanoida",0.369189247920012,369.189247920012,1.16321936236274,1163.21936236274,47.4098277608916,13.6354125,25.27231875,68.65825,33.72105625,0.271166667,4.793,17.5485,4.377575,127.52,14.88966667,1.386,16.9485,0.108,10.919,4.7989,34.31751471,43.229,1,54.45089622,30,"1","C1-T7-H9",6.573255037,-122.4661,36.18643,5.9113093795611,17.5031986550609,7.05894675241336,55.1480296177518,0.317385748437088
"36","1-2","c1_t8_h10","Calanoida",1.79457151480952,1794.57151480952,2.66989125714392,2669.89125714392,135.670629370629,14.52624375,25.12710625,73.9570625,33.7726125,0.293333333,5.056,6.879666667,3.06598125,117.599,33.74833333,0.619,4.617666667,0.519666667,8.4375,3.9444,39.60784898,93.982,0,57.2760461,30,"1","C1-T8-H10",4.157659552,-122.4958,36.11382,7.49252156201399,243.470646864812,7.88979302290345,362.225827207856,0.672151538010295
"37","1-2","c2_t8_h18","Calanoida",1.77627671823418,1776.27671823418,5.38792724951485,5387.92724951485,53.7674257425743,15.59365,24.5697,64.668,33.34975,0.221166667,4.771,6.914333333,1.7352,127.517,14.88933333,0.475166667,5.279,0.129666667,14.889,8.5157,12.36120755,10.001,0,89.04467932,6,"2","C2-T8-H18",3.495869841,-123.0914,36.42905,7.48227472123157,95.5058265459196,8.59191603512188,289.694978294682,0.329677190499207
"38","1-2","c2_t9_h19","Calanoida",1.5261985717582,1526.1985717582,41.5836391010665,41583.6391010665,64.0419501133787,15.85675,24.06715,69.2275,32.7728,0.3052,4.576,7.3326,1.59615,129.5,30.76966667,0.668,5.1062,0.433,26.8,4.107233333,18.6269982,11.23,1,107.295263,6,"2","C2-T9-H19",2.811058313,-123.226,36.46062,7.33053532903947,97.7407327956481,10.6354620780505,2663.09734084325,0.0367019001884097
"39","1-2","c3_t6_h25","Calanoida",1.36034464349211,1360.34464349211,9.89794428462637,9897.94428462637,17.6127128382966,18.84853125,23.309125,79.10425,32.70948125,0.0165,114.277,-0.069,-0.00258125,349.6695,109.1806667,0.336,1.0475,-0.013,22.833,0.642766667,36.93443854,8.3977,0,772.3392208,103,"3","C3-T6-H25",-4.6044581,-130.477,34.56042,7.21549336095854,23.9593595669415,9.20008236654331,174.329650374583,0.137437088386627
"40","1-2","c3_t7_h26","Calanoida",1.16312464943614,1163.12464943614,7.96850879136584,7968.50879136584,36.7838881318539,18.9034875,23.2842875,72.4185,32.6949375,0.0215,109.923,-0.061,0.03025,361.5635,105.2116667,0.3,1.2055,-0.0135,22.834,0.657333333,34.44530282,0.053271,1,772.3906546,103,"3","C3-T7-H26",-4.437854817,-130.4595,34.52752,7.05886532599821,42.7842469882609,8.98325265156391,293.112735959295,0.145965158587317
"41","1-2","ct1_t1_h28","Calanoida",2.79305720111353,2793.05720111353,7.70752516499215,7707.52516499215,1.14215125216225,17.38964375,23.8663625,65.336625,32.97244375,0.013,59.8,0.207,0.26435,361.5505,43.67766667,0.370333333,1.022333333,0.021666667,39.707,2.921366667,44.12433944,112.6,0,602.6631245,5,"T1","CT1-T1-H28",-2.054216937,-128.5755,34.96055,7.934892045905,3.19009377961262,8.94995242475558,8.80315951826786,0.362380549050906
"42","1-2","ct1_t2_h29","Calanoida",1.00391352524924,1003.91352524924,7.92180443378684,7921.80443378684,0.949348666209904,18.16554375,23.51706875,68.402375,32.7602,0.0065,80.1,-0.06,0.0202625,312.9815,70.47466667,0.3345,1.135,0.0035,58.565,0.948566667,49.90714574,0.1229,1,524.1840843,11,"T1","CT1-T2-H29",-3.394650309,-127.5728,35.0498,6.91166116631241,0.953063966185451,8.97737429140742,7.52055447319124,0.126727885501377
"43","1-2","ct1_t3_h30","Calanoida",0.00618567258952279,6.18567258952279,0.168807703620843,168.807703620843,28.6645884840016,18.16806875,23.51549375,70.3971875,32.75895,0.0085,94.339,-0.073,0.00883125,258.4555,78.41433333,0.3345,1.0805,0.007,73.452,1.302366667,47.52148287,24.685,1,450.7865706,86,"T1","CT1-T3-H30",-3.727302931,-126.6352,35.02288,1.82223574520661,0.177309759275439,5.12876021868473,4.83880335722076,0.0366433074844521
"44","1-2","ct1_t4_h31","Calanoida",0.274592556893946,274.592556893946,2.37195086155544,2371.95086155544,24.500991174006,18.11386875,23.52309375,78.3553125,32.751575,0.01,81.135,-0.0975,0.04135,276.3005,58.56533333,0.331,0.9545,-0.0155,50.625,1.3489,43.3434391,39.938,0,353.6559397,84,"T1","CT1-T4-H31",-3.259153374,-125.5235,35.09508,5.61528838770048,6.72778981290633,7.77146804386401,58.1151471241457,0.115766545312781
"45","1-2","ct1_t5_h32","Calanoida",0.490388768133336,490.388768133336,2.72205639187452,2722.05639187452,64.2348364715355,17.41111875,23.60625,81.763,32.63924375,0.032,60.184,0.115333333,0.1357875,295.1365,44.66966667,0.364,1.203666667,0.021333333,40.7,2.300733333,40.373965,105.72,0,287.1546375,5,"T1","CT1-T5-H32",-2.057413352,-124.7213,35.11383,6.19519848087957,31.5000423285226,7.90914290007048,174.850847198358,0.18015378726068
"46","1-2","ct1_t6_h33","Calanoida",0.792751831649201,792.751831649201,9.18766677426745,9187.66677426745,37.652595822984,17.67494737,23.63878421,73.37931422,32.76398421,0.004,89.237,-0.021333333,0.0678,286.213,55.58733333,0.339,1.184,0.008,47.647,1.4834,43.86420492,44.366,1,220.3050539,78,"T1","CT1-T6-H33",-2.808803596,-123.8861,35.15777,6.6755102239162,29.8491643050176,9.12561729565756,345.939503607752,0.0862843473894283
"47","1-2","ct1_t7_h34","Calanoida",3.38426580631493,3384.26580631493,8.93794190847203,8937.94190847203,54.5956609492646,16.22978889,24.64262778,71.93337769,33.63152222,0.18025,5.198,4.7105,0.991344444,272.3325,44.66933333,0.55525,2.63575,0.1955,8.935,1.644233333,49.89389011,61.179,1,164.3233095,55,"T1","CT1-T7-H34",1.021747674,-123.1012,35.20463,8.12689226560679,184.76622852376,9.0980606300845,487.972846019162,0.378640389585333
"48","1-2","ct1_t8_h35","Calanoida",0.561845168611347,561.845168611347,2.55113529365048,2551.13529365048,108.791827773721,16.601525,24.4496125,62.516375,33.49135,0.13575,34.766,1.831,1.00973125,211.846,24.81766667,0.41225,2.2655,0.52375,19.854,1.631833333,30.76237143,8.3863,0,119.4843272,10,"T1","CT1-T8-H35",1.240985634,-122.3004,35.1785,6.33122631124485,61.1241628190627,7.84429375227075,277.542671494283,0.220233387860583
"49","1-2","ct2_t1_h36","Calanoida",0.494421098784484,494.421098784484,1.10294323633195,1102.94323633195,136.330522542626,15.831225,24.523775,70.634,33.3592625,0.188328994,24.13100104,6.475130769,2.00485,144.391,19.85366667,0.649509372,5.675964988,0.23236203,17.868,2.443066667,23.89114571,68.88,1,395.8283457,60,"T2","CT2-T1-H36",2.177361041,-121.6069,35.56327,6.20338758076787,67.404686753388,7.00573755494823,150.36482774399,0.448274292364107
"50","1-2","ct2_t4_h39","Calanoida",1.62765612612562,1627.65612612561,5.2164753932174,5216.4753932174,73.2595680458428,16.11135,24.6348375,81.589375,33.58603125,0.180388032,26.97258367,6.151914118,1.3498,244.565,19.854,0.633395467,5.435990441,0.222955797,13.898,2.579066667,32.90561905,46.21,1,41.86359276,45,"T2","CT2-T4-H39",1.910761547,-121.2592,35.13105,7.39489629951283,119.241384727132,8.55957724079106,382.156734028874,0.3120221995568
"51","1-2","ct2_t8_h43","Calanoida",4.7620109325774,4762.0109325774,23.2437154335123,23243.7154335123,141.059789436464,15.68699375,25.07190625,77.0835625,34.03350625,0.211496484,5.491,7.418104457,1.07124375,161.261,14.891,0.696521147,6.376082642,0.259804398,9.927,1.530533333,40.83314211,43.725,1,52.40822911,47,"T2","CT2-T8-H43",2.955154777,-120.8298,34.54325,8.46842532283951,671.728259443507,10.0537900705419,3278.75360477233,0.204873052511718
"52",">2","c1_t7_h9","Calanoida",0.270042368121569,270.042368121569,1.62967207560048,1629.67207560048,43.2872340425532,13.6354125,25.27231875,68.65825,33.72105625,0.271166667,4.793,17.5485,4.377575,127.52,14.88966667,1.386,16.9485,0.108,10.919,4.7989,34.31751471,43.229,1,54.45089622,30,"1","C1-T7-H9",6.573255037,-122.4661,36.18643,5.59857886565666,11.6893871902837,7.39613409294807,70.5439965491314,0.165703500823666
"53",">2","c1_t8_h10","Calanoida",0.719713318425251,719.713318425251,3.13224182533324,3132.24182533324,124.635219326128,14.52624375,25.12710625,73.9570625,33.7726125,0.293333333,5.056,6.879666667,3.06598125,117.599,33.74833333,0.619,4.617666667,0.519666667,8.4375,3.9444,39.60784898,93.982,0,57.2760461,30,"1","C1-T8-H10",4.157659552,-122.4958,36.11382,6.57885296386602,89.7016272938669,8.04950426528372,390.387646882882,0.229775783148123
"54",">2","c2_t8_h18","Calanoida",1.19661553287695,1196.61553287695,12.1565031778928,12156.5031778928,41.9020833333333,15.59365,24.5697,64.668,33.34975,0.221166667,4.771,6.914333333,1.7352,127.517,14.88933333,0.475166667,5.279,0.129666667,14.889,8.5157,12.36120755,10.001,0,89.04467932,6,"2","C2-T8-H18",3.495869841,-123.0914,36.42905,7.08725246171486,50.1406837765708,9.40561954655716,509.382809201995,0.0984341891221688
"55",">2","c2_t9_h19","Calanoida",0.347800905157547,347.800905157547,16.8535851719638,16853.5851719638,17.2420634920635,15.85675,24.06715,69.2275,32.7728,0.3052,4.576,7.3326,1.59615,129.5,30.76966667,0.668,5.1062,0.433,26.8,4.107233333,18.6269982,11.23,1,107.295263,6,"2","C2-T9-H19",2.811058313,-123.226,36.46062,5.85163020443993,5.99680528932358,9.7323186829977,290.5905856039,0.0206366124245255
"56",">2","c3_t6_h25","Calanoida",1.53173646734317,1531.73646734317,11.6287391440747,11628.7391440747,10.4250146435586,18.84853125,23.309125,79.10425,32.70948125,0.0165,114.277,-0.069,-0.00258125,349.6695,109.1806667,0.336,1.0475,-0.013,22.833,0.642766667,36.93443854,8.3977,0,772.3392208,103,"3","C3-T6-H25",-4.6044581,-130.477,34.56042,7.33415731679812,15.9683751021252,9.36123482554044,121.229775863101,0.131719909473045
"57",">2","c3_t7_h26","Calanoida",0.87901705454275,879.01705454275,3.19734885225042,3197.34885225042,7.68879371877231,18.9034875,23.2842875,72.4185,32.6949375,0.0215,109.923,-0.061,0.03025,361.5635,105.2116667,0.3,1.2055,-0.0135,22.834,0.657333333,34.44530282,0.053271,1,772.3906546,103,"3","C3-T7-H26",-4.437854817,-130.4595,34.52752,6.77880429970714,6.75858080766203,8.07007726173381,24.5837557719069,0.274920596770059
"58",">2","ct1_t1_h28","Calanoida",0.737743477966231,737.743477966231,12.2198962073903,12219.8962073903,0.934379152200934,17.38964375,23.8663625,65.336625,32.97244375,0.013,59.8,0.207,0.26435,361.5505,43.67766667,0.370333333,1.022333333,0.021666667,39.707,2.921366667,44.12433944,112.6,0,602.6631245,5,"T1","CT1-T1-H28",-2.054216937,-128.5755,34.96055,6.60359617334511,0.689332125483855,9.4108207390226,11.4180162582448,0.06037231948992
"59",">2","ct1_t2_h29","Calanoida",0.600363162972543,600.363162972543,3.80385827374015,3803.85827374015,0.618243642546073,18.16554375,23.51706875,68.402375,32.7602,0.0065,80.1,-0.06,0.0202625,312.9815,70.47466667,0.3345,1.135,0.0035,58.565,0.948566667,49.90714574,0.1229,1,524.1840843,11,"T1","CT1-T2-H29",-3.394650309,-127.5728,35.0498,6.39753474373406,0.371170708726627,8.24377116580511,2.35171119488612,0.157830055635126
"60",">2","ct1_t5_h32","Calanoida",0.317132951838591,317.132951838591,1.24480877518809,1244.80877518809,64.2348364715355,17.41111875,23.60625,81.763,32.63924375,0.032,60.184,0.115333333,0.1357875,295.1365,44.66966667,0.364,1.203666667,0.021333333,40.7,2.300733333,40.373965,105.72,0,287.1546375,5,"T1","CT1-T5-H32",-2.057413352,-124.7213,35.11383,5.75932109238187,20.3709833010872,7.12673720287557,79.9600881125394,0.254764392860801
"61",">2","ct1_t6_h33","Calanoida",0.0721362797618419,72.1362797618419,1.75042103176654,1750.42103176654,55.0691042703703,17.67494737,23.63878421,73.37931422,32.76398421,0.004,89.237,-0.021333333,0.0678,286.213,55.58733333,0.339,1.184,0.008,47.647,1.4834,43.86420492,44.366,1,220.3050539,78,"T1","CT1-T6-H33",-2.808803596,-123.8861,35.15777,4.27855710444563,3.97248031188147,7.46761162756141,96.3941183154007,0.0412108163994358
"62",">2","ct1_t7_h34","Calanoida",0.201225988934755,201.225988934755,13.6997598218036,13699.7598218036,31.3908137304322,16.22978889,24.64262778,71.93337769,33.63152222,0.18025,5.198,4.7105,0.991344444,272.3325,44.66933333,0.55525,2.63575,0.1955,8.935,1.644233333,49.89389011,61.179,1,164.3233095,55,"T1","CT1-T7-H34",1.021747674,-123.1012,35.20463,5.30442859953974,6.31664753637291,9.52513358040733,430.046608717896,0.0146882858934868
"63",">2","ct1_t8_h35","Calanoida",0.356809572127078,356.809572127078,10.3008567765841,10300.8567765841,116.675293554425,16.601525,24.4496125,62.516375,33.49135,0.13575,34.766,1.831,1.00973125,211.846,24.81766667,0.41225,2.2655,0.52375,19.854,1.631833333,30.76237143,8.3863,0,119.4843272,10,"T1","CT1-T8-H35",1.240985634,-122.3004,35.1785,5.87720222805642,41.6308615709556,9.23998235295091,1201.85548827004,0.0346388246983667
"64",">2","ct2_t1_h36","Calanoida",0.160689333136647,160.689333136647,1.96352128109725,1963.52128109725,66.1604006456861,15.831225,24.523775,70.634,33.3592625,0.188328994,24.13100104,6.475130769,2.00485,144.391,19.85366667,0.649509372,5.675964988,0.23236203,17.868,2.443066667,23.89114571,68.88,1,395.8283457,60,"T2","CT2-T1-H36",2.177361041,-121.6069,35.56327,5.07947289304597,10.6312706598087,7.58249471230781,129.907354633725,0.0818373269918681
"65",">2","ct2_t4_h39","Calanoida",0.150299319308573,150.299319308573,2.66548264725029,2665.48264725029,37.4464349989626,16.11135,24.6348375,81.589375,33.58603125,0.180388032,26.97258367,6.151914118,1.3498,244.565,19.854,0.633395467,5.435990441,0.222955797,13.898,2.579066667,32.90561905,46.21,1,41.86359276,45,"T2","CT2-T4-H39",1.910761547,-121.2592,35.13105,5.01262876786359,5.62817369087679,7.8881404261123,99.8128226911205,0.0563872811040888
"66",">2","ct2_t8_h43","Calanoida",0.390876455806123,390.876455806123,8.1743750076613,8174.3750076613,109.730608198221,15.68699375,25.07190625,77.0835625,34.03350625,0.211496484,5.491,7.418104457,1.07124375,161.261,14.891,0.696521147,6.376082642,0.259804398,9.927,1.530533333,40.83314211,43.725,1,52.40822911,47,"T2","CT2-T8-H43",2.955154777,-120.8298,34.54325,5.96839154025108,42.891111225971,9.00875954118065,896.979141231016,0.0478172894490135
