Sample_name,Locus,Hash,nReads
C1-T7-H9_S2.1,Leray,c240b5f38c73bcdef8ba7aea1f95273b2d40e3e5,42
C1-T7-H9_S2.1,Leray,0c5fa17f7ecf209f6fd088aa6fd53eb627bafcf0,559
C1-T7-H9_S2.1,Leray,f736c21058cc8ce107275dac622fe3b316a557a2,139
C1-T7-H9_S2.1,Leray,4dbdc9b023c5d3ceda488650fbd338ef96f092d7,347
C1-T7-H9_S2.1,Leray,c3db1f4fb87f52065f108aea13bad38e2d74d8fa,53
C1-T7-H9_S2.1,Leray,b66bf92767420eb5115b7c8aed4dc41a7d17af6d,85
C1-T7-H9_S2.1,Leray,914275e6686877e25cfdb5df6c8a42744c44f9b0,380
C1-T7-H9_S2.1,Leray,cdffdeed24846ab0fa0610d9f5c119df862c22d2,1114
C1-T7-H9_S2.1,Leray,3fa61d50fd4949e0d04c0b48f09576ec54f63232,130
C1-T7-H9_S2.1,Leray,f2de4b4c8738d490ead883366453538121354285,223
C1-T7-H9_S2.1,Leray,96b0c12782bc61deb3c003cecaa108f2e2b30186,43
C1-T7-H9_S2.1,Leray,cb03419adaeec7a7834e0141e9a7eaf66ee2db7a,9
C1-T7-H9_S2.1,Leray,5a5b0e270b0683dc34e23f7b50a7611365052f5d,8
C1-T7-H9_S2.1,Leray,a6a2a9f4b7a190289535a32a1df4a2456a5384b1,2
C1-T7-H9_S3.1,Leray,c240b5f38c73bcdef8ba7aea1f95273b2d40e3e5,1292
C1-T7-H9_S3.1,Leray,0c5fa17f7ecf209f6fd088aa6fd53eb627bafcf0,84
C1-T7-H9_S3.1,Leray,f736c21058cc8ce107275dac622fe3b316a557a2,37
C1-T7-H9_S3.1,Leray,c3db1f4fb87f52065f108aea13bad38e2d74d8fa,313
C1-T7-H9_S3.1,Leray,fe2c97a1043d00c6f439246c609f21f5739178f4,89
C1-T7-H9_S3.1,Leray,e07e8d71a4dde5c696c67e8e09be6a3d39492e6e,154
C1-T7-H9_S3.1,Leray,b37e3b9daa45e1a30a993dbde4d4ff2543572298,166
C1-T7-H9_S3.1,Leray,277b80fdb5e574c7b80b5a61bb9d14bd71fecb9b,98
C1-T7-H9_S3.1,Leray,cd461f97fea3eb247657aaf6ea054a4ff990ac82,9
C1-T7-H9_S3.1,Leray,53a2d78a68aafb3b11e35a1cd19447a1533b279f,83
C1-T7-H9_S3.1,Leray,3b40106afbb37d7c187b02f596332415ddc60eb2,13
C1-T7-H9_S3.1,Leray,8744dd2858c0eda66f6daf9c90a1b92a6ab6c820,25
C1-T7-H9_S3.1,Leray,cbe671791c5048e8f0f59c67d63016e0111f55a4,19
C1-T7-H9_S3.1,Leray,9099c667257da5b34f8afb3b01c4418dd753a116,12
C1-T7-H9_S3.1,Leray,5e0ee13fc07e6f3c533e21ac0fccb221abb9640b,10
C1-T8-H10_S1.1,Leray,c240b5f38c73bcdef8ba7aea1f95273b2d40e3e5,1894
C1-T8-H10_S1.1,Leray,0c5fa17f7ecf209f6fd088aa6fd53eb627bafcf0,47
C1-T8-H10_S1.1,Leray,4dbdc9b023c5d3ceda488650fbd338ef96f092d7,1785
C1-T8-H10_S1.1,Leray,7df189e993f359afe2e5bcaebc5218a2a5b5b64e,156
C1-T8-H10_S1.1,Leray,605d6ce88281b4bbcff711ac8afe595d978194fa,77
C1-T8-H10_S1.1,Leray,c7b90b28374bb6b5493814ed6ea9bbc95a76178c,44
C1-T8-H10_S1.1,Leray,07328927fc0c18593bb6c76c71003e458b43b9c2,35
C1-T8-H10_S1.1,Leray,7e7e3c444e485b1ef8a2ba9be584a5691c6ef8e9,12
C1-T8-H10_S1.1,Leray,85c2cce0b81b547ebd05f5623ce7881e5a8db540,27
C1-T8-H10_S1.1,Leray,e9cb7fb3c745331aaf0280a7b090f4d245bc18ad,15
C1-T8-H10_S1.1,Leray,b207e10637dd4c26bbde2449ee1b28d60cf91b84,3
C1-T8-H10_S1.1,Leray,cbb3b426b7e7791f955505edad462c4074f40c4d,3
C1-T8-H10_S3.1,Leray,c240b5f38c73bcdef8ba7aea1f95273b2d40e3e5,5618
C1-T8-H10_S3.1,Leray,c3db1f4fb87f52065f108aea13bad38e2d74d8fa,41
C1-T8-H10_S3.1,Leray,09dd172b3307dd83f12bd082cbbc5b51f5dc8dc3,1087
C1-T8-H10_S3.1,Leray,4f2327009bca5c3fe9bcbada8ff3b335b8af6295,2
C1-T8-H10_S3.1,Leray,3b40106afbb37d7c187b02f596332415ddc60eb2,7
C1-T8-H10_S3.1,Leray,628da32d7d0084faceecf85cfaaddd76b291a763,59
C1-T8-H10_S3.1,Leray,44b0729401866873e1468e7aa6c174950822f4fc,10
C1-T8-H10_S3.1,Leray,6bf52f82e2c13cbbe482ca5d4c288d53219c6a9a,2
C2-T8-H18_S1.1,Leray,c240b5f38c73bcdef8ba7aea1f95273b2d40e3e5,14600
C2-T8-H18_S1.1,Leray,0c5fa17f7ecf209f6fd088aa6fd53eb627bafcf0,301
C2-T8-H18_S1.1,Leray,4dbdc9b023c5d3ceda488650fbd338ef96f092d7,2797
C2-T8-H18_S1.1,Leray,7df189e993f359afe2e5bcaebc5218a2a5b5b64e,993
C2-T8-H18_S1.1,Leray,605d6ce88281b4bbcff711ac8afe595d978194fa,424
C2-T8-H18_S1.1,Leray,c3db1f4fb87f52065f108aea13bad38e2d74d8fa,10
C2-T8-H18_S1.1,Leray,914275e6686877e25cfdb5df6c8a42744c44f9b0,37
C2-T8-H18_S1.1,Leray,cdffdeed24846ab0fa0610d9f5c119df862c22d2,16
C2-T8-H18_S1.1,Leray,c7b90b28374bb6b5493814ed6ea9bbc95a76178c,379
C2-T8-H18_S1.1,Leray,07328927fc0c18593bb6c76c71003e458b43b9c2,247
C2-T8-H18_S1.1,Leray,7e7e3c444e485b1ef8a2ba9be584a5691c6ef8e9,313
C2-T8-H18_S1.1,Leray,625707553b70864cca54ad03fc3a16472dc922ac,12
C2-T8-H18_S1.1,Leray,ef58fe9819f05f8ed8d0d5eefa403637f33fb10c,45
C2-T8-H18_S1.1,Leray,3fa61d50fd4949e0d04c0b48f09576ec54f63232,29
C2-T8-H18_S1.1,Leray,85c2cce0b81b547ebd05f5623ce7881e5a8db540,60
C2-T8-H18_S1.1,Leray,8f00bd43b9cef841b113073b7bdea53114cd7384,21
C2-T8-H18_S1.1,Leray,d0d312dfcd78e6afa2061d2421c41799852f6d96,107
C2-T8-H18_S1.1,Leray,bc5b87bc503ce611584cdae87c40996e53f6ed74,10
C2-T8-H18_S1.1,Leray,0945340d50d9255d08bd4a504591c139b13af1d0,19
C2-T8-H18_S1.1,Leray,e9cb7fb3c745331aaf0280a7b090f4d245bc18ad,74
C2-T8-H18_S1.1,Leray,2439425b99d37e9ac683f3246f96980d412ce40c,2
C2-T8-H18_S1.1,Leray,3b40106afbb37d7c187b02f596332415ddc60eb2,8
C2-T8-H18_S1.1,Leray,6b18a206f47395d272d7c4f4a91b5e3da70e82f9,44
C2-T8-H18_S1.1,Leray,045c9a47baf503b9c988aa4826151e0e0453a5b2,47
C2-T8-H18_S1.1,Leray,ba2bdbe2274898073bb769f3d7a30caa6ba015d2,41
C2-T8-H18_S1.1,Leray,7cc2f44767d7be8ac16c82a2bb802e83b73444d2,40
C2-T8-H18_S1.1,Leray,67699186f2500d9fed3b98c89a41824904dec096,8
C2-T8-H18_S1.1,Leray,ac7542420f14af414d7f34ddf18e775660b7570e,27
C2-T8-H18_S1.1,Leray,68de381449314da89f8660b3bb26cc52c0c4e2ba,3
C2-T8-H18_S1.1,Leray,b207e10637dd4c26bbde2449ee1b28d60cf91b84,9
C2-T8-H18_S1.1,Leray,9b60a416003d9d36c43a15b001175ce94ee0bb41,6
C2-T8-H18_S1.1,Leray,0eff59f5455a58f0a93e72b8caffb081d38c1191,6
C2-T8-H18_S1.1,Leray,03fba41d417e1684ad60fd40ed312faa7e70c867,4
C2-T8-H18_S1.1,Leray,30831c9a8c2539997351cd1e1eb9abe305b770fb,4
C2-T8-H18_S1.1,Leray,34ac2f188bf73d6c52b9933ba762c46b06845238,3
C2-T8-H18_S1.1,Leray,ca9b934276bc0cd68dc3b9e087f3f57c50d1be6e,4
C2-T8-H18_S1.1,Leray,7b178011a0e827baf7476c2930d5a897a5b41b3a,3
C2-T8-H18_S1.1,Leray,970c1f61c61802f1b30949b1267fc2cb82b8195a,3
C2-T8-H18_S1.1,Leray,03911a86d818f84af5c4acb92a89481bfdb8ac50,3
C2-T8-H18_S2.1,Leray,c240b5f38c73bcdef8ba7aea1f95273b2d40e3e5,3902
C2-T8-H18_S2.1,Leray,0c5fa17f7ecf209f6fd088aa6fd53eb627bafcf0,1117
C2-T8-H18_S2.1,Leray,f736c21058cc8ce107275dac622fe3b316a557a2,822
C2-T8-H18_S2.1,Leray,add60dfdaa81b55c808fc154caf15ac941b0ca2a,347
C2-T8-H18_S2.1,Leray,a1bd8c3c579e5c0eae315dfe9ba06d3f4b917007,286
C2-T8-H18_S2.1,Leray,4dbdc9b023c5d3ceda488650fbd338ef96f092d7,910
C2-T8-H18_S2.1,Leray,5a833e0a478a012b2b934b19b76eb311d63cf891,216
C2-T8-H18_S2.1,Leray,7df189e993f359afe2e5bcaebc5218a2a5b5b64e,98
C2-T8-H18_S2.1,Leray,bf8f3bfe8fb8e23135280e64efe4cc3cc315b30c,643
C2-T8-H18_S2.1,Leray,dc6fd56e3a5e624e5fb8c5352fc980230a43baa7,78
C2-T8-H18_S2.1,Leray,68714bd4d91f5d800bb81a5f47e9e6f02384257b,78
C2-T8-H18_S2.1,Leray,ca6a338620c11bc8b0d3957d29068f6c39c68b5b,100
C2-T8-H18_S2.1,Leray,2a82828552f7ea7485386cf7416f12e08422a976,154
C2-T8-H18_S2.1,Leray,c3db1f4fb87f52065f108aea13bad38e2d74d8fa,319
C2-T8-H18_S2.1,Leray,b66bf92767420eb5115b7c8aed4dc41a7d17af6d,243
C2-T8-H18_S2.1,Leray,914275e6686877e25cfdb5df6c8a42744c44f9b0,40
C2-T8-H18_S2.1,Leray,1fb857205357fb77b9acef3e5e958356abc2cc4f,269
C2-T8-H18_S2.1,Leray,6865099a80c0043771d0151aa8bda15a713d63e3,270
C2-T8-H18_S2.1,Leray,679b9dbfcdd081bf1bc737df539777ec027d7b35,23
C2-T8-H18_S2.1,Leray,cdffdeed24846ab0fa0610d9f5c119df862c22d2,61
C2-T8-H18_S2.1,Leray,b1fb395dbe6b229152fbf62970f20f129ba0ac46,73
C2-T8-H18_S2.1,Leray,a15fa1e1831ffac3265b6f2979da3a880f156124,107
C2-T8-H18_S2.1,Leray,699998b228e39009dc3427070b6bafcf3fb8c664,103
C2-T8-H18_S2.1,Leray,6f01a43858c4adeff558f03693318ff97d09a3b6,48
C2-T8-H18_S2.1,Leray,2818e24c6b2b3f32086b1a3185fb0b1f921a18c2,176
C2-T8-H18_S2.1,Leray,3ae55dca90a0d562c35a82e1780ac82a6ee34634,189
C2-T8-H18_S2.1,Leray,513e6e6e21134f49f67315fad5db9f7dbedde6eb,526
C2-T8-H18_S2.1,Leray,3fa61d50fd4949e0d04c0b48f09576ec54f63232,86
C2-T8-H18_S2.1,Leray,bfcd14f97747c99372ec23c78dab3909d1561ea0,17
C2-T8-H18_S2.1,Leray,fe2c97a1043d00c6f439246c609f21f5739178f4,60
C2-T8-H18_S2.1,Leray,f2de4b4c8738d490ead883366453538121354285,83
C2-T8-H18_S2.1,Leray,7858e672d538afedd3af80d1eb9bdf64f76c07b5,83
C2-T8-H18_S2.1,Leray,8f00bd43b9cef841b113073b7bdea53114cd7384,24
C2-T8-H18_S2.1,Leray,9f2deb97467abc9e8db1bf961b30aed8ae0c27d5,34
C2-T8-H18_S2.1,Leray,a0dda142fd6d0c7ff2a1a3d82b08e6bf644ab72f,122
C2-T8-H18_S2.1,Leray,df9956e392c5bd889029b789b1a831516d8fea60,34
C2-T8-H18_S2.1,Leray,ca7e85d95de2fb3812bbd7089eac68fa0c36a115,186
C2-T8-H18_S2.1,Leray,bcbb33decfc217da7cce18ad04f19f8666292765,175
C2-T8-H18_S2.1,Leray,2eb0f5e42e86b60badd1cd831d053339ceeaf8f8,75
C2-T8-H18_S2.1,Leray,dcdcc36a2ce91bea11977cdc5f8261667c0d96a7,50
C2-T8-H18_S2.1,Leray,64c538d99b6d53efd0149cbb4896cfc5d55c3461,83
C2-T8-H18_S2.1,Leray,bc5b87bc503ce611584cdae87c40996e53f6ed74,5
C2-T8-H18_S2.1,Leray,e9cb7fb3c745331aaf0280a7b090f4d245bc18ad,9
C2-T8-H18_S2.1,Leray,cd461f97fea3eb247657aaf6ea054a4ff990ac82,12
C2-T8-H18_S2.1,Leray,6234ddd87d06007aa56aa67a5a4a719eb9e0c4d6,31
C2-T8-H18_S2.1,Leray,4f2327009bca5c3fe9bcbada8ff3b335b8af6295,22
C2-T8-H18_S2.1,Leray,b95338d3c9a7df5b78e7cc797e0df0c77a97ab62,17
C2-T8-H18_S2.1,Leray,3b40106afbb37d7c187b02f596332415ddc60eb2,6
C2-T8-H18_S2.1,Leray,544d979fb4fe40b47e2a5d771581166cfb50d151,11
C2-T8-H18_S2.1,Leray,1f756189737391fa69f17b84f3b9ce4f53feaeab,47
C2-T8-H18_S2.1,Leray,1a84e6f2aa276f5d18ad36aee37777543f9245cd,12
C2-T8-H18_S2.1,Leray,93130e1f30a461ddc2dccecdcd11b3381c242001,35
C2-T8-H18_S2.1,Leray,7d97ea90193aa19e3e0882ca6a7b977c2d11a472,13
C2-T8-H18_S2.1,Leray,78be39f75868a12b46cde340728608e872846a84,26
C2-T8-H18_S2.1,Leray,d2cfac82409025bfd1e14fa75921b4c92412930c,9
C2-T8-H18_S2.1,Leray,37fb916c771edbe28f8d2c2583226b7d65e74116,7
C2-T8-H18_S2.1,Leray,dbbd5c8a1de2fb3b6252570cecf7f7e41cd9e286,18
C2-T8-H18_S2.1,Leray,59dfe0d898eefb85366828dc00ee33e0ca9f4298,4
C2-T8-H18_S2.1,Leray,510aefb635594f1a34c24e692035a8adcada0347,15
C2-T8-H18_S2.1,Leray,62680b3b492e00dadfb5df31c97234d09c08bd2c,15
C2-T8-H18_S2.1,Leray,dff6df8ff57c065357dee94d6b1ff0aa7c6a0edc,14
C2-T8-H18_S2.1,Leray,f64f576ff131c8812378935aa55611ef20a7517f,10
C2-T8-H18_S2.1,Leray,725b82c641a0c709c2a030d4926341b8e34155cc,3
C2-T8-H18_S2.1,Leray,19f0c6526bcc37e5f1856204423d8ecfbbe76066,7
C2-T8-H18_S2.1,Leray,e85daff688bd670dfaf5a3ac78a918ddb7151f35,6
C2-T8-H18_S2.1,Leray,25c208e03a668c3e073411c7916d4c236fea3fee,5
C2-T9-H19_S2.1,Leray,c240b5f38c73bcdef8ba7aea1f95273b2d40e3e5,11511
C2-T9-H19_S2.1,Leray,0c5fa17f7ecf209f6fd088aa6fd53eb627bafcf0,344
C2-T9-H19_S2.1,Leray,f736c21058cc8ce107275dac622fe3b316a557a2,152
C2-T9-H19_S2.1,Leray,c3db1f4fb87f52065f108aea13bad38e2d74d8fa,34
C2-T9-H19_S2.1,Leray,b66bf92767420eb5115b7c8aed4dc41a7d17af6d,39
C2-T9-H19_S2.1,Leray,914275e6686877e25cfdb5df6c8a42744c44f9b0,6
C2-T9-H19_S2.1,Leray,b1fb395dbe6b229152fbf62970f20f129ba0ac46,30
C2-T9-H19_S2.1,Leray,3fa61d50fd4949e0d04c0b48f09576ec54f63232,15
C2-T9-H19_S2.1,Leray,02d615e4075cf9e5b2566a6d989f04efe9c35649,5
C2-T9-H19_S3.1,Leray,c240b5f38c73bcdef8ba7aea1f95273b2d40e3e5,10267
C2-T9-H19_S3.1,Leray,0c5fa17f7ecf209f6fd088aa6fd53eb627bafcf0,61
C2-T9-H19_S3.1,Leray,f736c21058cc8ce107275dac622fe3b316a557a2,203
C2-T9-H19_S3.1,Leray,add60dfdaa81b55c808fc154caf15ac941b0ca2a,940
C2-T9-H19_S3.1,Leray,c8d4ea4ae30de7d879692c6db92be3177a8bcb47,11323
C2-T9-H19_S3.1,Leray,a1bd8c3c579e5c0eae315dfe9ba06d3f4b917007,8171
C2-T9-H19_S3.1,Leray,681372c71de921567e27fd20b4339cd9edc19dc5,8488
C2-T9-H19_S3.1,Leray,bf8f3bfe8fb8e23135280e64efe4cc3cc315b30c,2228
C2-T9-H19_S3.1,Leray,40ec0b2066ec6326c7b1d54493d801dd5cd38714,4480
C2-T9-H19_S3.1,Leray,184f40711e1032904405c62370992e26243d2e97,4247
C2-T9-H19_S3.1,Leray,dc6fd56e3a5e624e5fb8c5352fc980230a43baa7,3808
C2-T9-H19_S3.1,Leray,ca6a338620c11bc8b0d3957d29068f6c39c68b5b,13
C2-T9-H19_S3.1,Leray,4a8862991dcebeb844364963e435afbfcef1a8e2,3457
C2-T9-H19_S3.1,Leray,cf0c2e302d1ba39afd8d789068fc4cc6058872e6,2988
C2-T9-H19_S3.1,Leray,3eafdd7e0292677d65676b2e27b59fb00503f03a,2514
C2-T9-H19_S3.1,Leray,648def16920ca6523c1f6118243c04b9bdf35146,2687
C2-T9-H19_S3.1,Leray,381610426e31b112903a2b0c51b0fbe9dbe1a6ba,2163
C2-T9-H19_S3.1,Leray,c3db1f4fb87f52065f108aea13bad38e2d74d8fa,15
C2-T9-H19_S3.1,Leray,2885839f4b72c349770741c1878014867992af4b,590
C2-T9-H19_S3.1,Leray,3dee74178b63146ad345080a877da2dd4cf9d7aa,1150
C2-T9-H19_S3.1,Leray,0b40dfc7414149de977a1bbda6aa25f16cb47de1,1159
C2-T9-H19_S3.1,Leray,ecb86c15f57d61ec1803cb2ffb2205658d058727,1099
C2-T9-H19_S3.1,Leray,f722d0eed517ca1485412235b83d44c18e6ccf98,355
C2-T9-H19_S3.1,Leray,ddb5f06ba67d1ca225536c0c8c9ff1f69c30ecf1,1009
C2-T9-H19_S3.1,Leray,3835c65a1bf2a2258ea46b549f80278f685b43f2,958
C2-T9-H19_S3.1,Leray,c4a975a8e666f53e87f76d1b4ca5b15c66795892,887
C2-T9-H19_S3.1,Leray,d05beac580a3e9c72f1f6838e71021872769e9eb,872
C2-T9-H19_S3.1,Leray,a8740f3d36f43ff8a9e00dc4ba9b27f310d9a4b7,835
C2-T9-H19_S3.1,Leray,b094f9f650819506ee318081af37dac831404122,804
C2-T9-H19_S3.1,Leray,a8838920b1f38bfc6039bc59c0e26e748e2c01db,800
C2-T9-H19_S3.1,Leray,1e8a8291966c172ef539251c5aad9dbd72bde6ed,563
C2-T9-H19_S3.1,Leray,662145a699a310c81faed3b997bc281deaac64c3,772
C2-T9-H19_S3.1,Leray,699998b228e39009dc3427070b6bafcf3fb8c664,349
C2-T9-H19_S3.1,Leray,e48208030b3116b76cdbb50d359ea19acea96ea9,747
C2-T9-H19_S3.1,Leray,56a3396904dee6090b5a92130412e3c0549a8514,257
C2-T9-H19_S3.1,Leray,a2cad7992d70617f236ec38b88ded0042dbbf15e,515
C2-T9-H19_S3.1,Leray,c826a4ed8ce11f9f706c6f67f259d32adf4f0022,493
C2-T9-H19_S3.1,Leray,d533075b7929cfb022b0131f4c9c0374c1c3d8c6,230
C2-T9-H19_S3.1,Leray,8509b10ca7288a160f50a08c0ec357fa1f1974fc,388
C2-T9-H19_S3.1,Leray,7858e672d538afedd3af80d1eb9bdf64f76c07b5,153
C2-T9-H19_S3.1,Leray,b3972f3948aec9b909ea4769734188fa6f9a161d,125
C2-T9-H19_S3.1,Leray,cfb779bf373803e49ba18dcbf276ecb08f201529,90
C2-T9-H19_S3.1,Leray,5fe0fce17ffc4aa67b71058c127a634e339d7fb9,84
C2-T9-H19_S3.1,Leray,02c90074622fc4d9d4041cf51de9f4ec3476d802,84
C2-T9-H19_S3.1,Leray,3b40106afbb37d7c187b02f596332415ddc60eb2,23
C2-T9-H19_S3.1,Leray,1fcf5441d358d497a4b182b240116d2f0b8df03a,53
C2-T9-H19_S3.1,Leray,2b1e8a9c1ce7a90ec2f34de16ba87cc8b05f2b0f,48
C2-T9-H19_S3.1,Leray,d2f69e49fefae05a93831b57bb89c3e15fde71eb,19
C2-T9-H19_S3.1,Leray,68de381449314da89f8660b3bb26cc52c0c4e2ba,8
C2-T9-H19_S3.1,Leray,725b82c641a0c709c2a030d4926341b8e34155cc,5
C2-T9-H19_S3.1,Leray,a2d59e9edf709cbd2f3e7493332dcf13f1231a0b,8
C2-T9-H19_S3.1,Leray,49fec89de63d406eb4fbf3d9071af4b1a176d663,7
C2-T9-H19_S3.1,Leray,7f9049571ad5e94741cb274cb7b44fce0e5826df,6
C2-T9-H19_S3.1,Leray,249c131ed1a59c91c188949a4b82dfac0fc8bf31,5
C3-T6-H25_S1.1,Leray,7df189e993f359afe2e5bcaebc5218a2a5b5b64e,56
C3-T6-H25_S1.1,Leray,68714bd4d91f5d800bb81a5f47e9e6f02384257b,108
C3-T6-H25_S1.1,Leray,605d6ce88281b4bbcff711ac8afe595d978194fa,102
C3-T6-H25_S1.1,Leray,2a82828552f7ea7485386cf7416f12e08422a976,309
C3-T6-H25_S1.1,Leray,b3360fd8035b2d769c49a3cdf25a52187188bf6e,4
C3-T6-H25_S1.1,Leray,cabd0735911e0bc90c692074077ac5668c364bc5,98
C3-T6-H25_S1.1,Leray,e9a1ccbfa9b22138de83d4e88e40ff0becc251de,90
C3-T6-H25_S1.1,Leray,dbcdc0436dc94019e54850fc03f4a79efadac140,113
C3-T6-H25_S1.1,Leray,a0dda142fd6d0c7ff2a1a3d82b08e6bf644ab72f,32
C3-T6-H25_S1.1,Leray,df9956e392c5bd889029b789b1a831516d8fea60,58
C3-T6-H25_S1.1,Leray,c7cb9c2029ddb53b74ae580eaac50b3f2cf27c4b,7
C3-T6-H25_S1.1,Leray,fe39a04ddd0818305ba03822f1b04cb8a0b67473,28
C3-T6-H25_S1.1,Leray,0b5ed86dbb6b4c8a2be9a2d60e3c1ebfea0545fa,16
C3-T6-H25_S1.1,Leray,84663ca2e60d79f0b8430edf88a65149d97ffaf2,9
C3-T6-H25_S1.1,Leray,aad705b8b41c9f088b291b19aa4eeddd63de10ed,42
C3-T6-H25_S1.1,Leray,ac088b7d6a577c9d0972a10b1659e9ed66a6d195,23
C3-T6-H25_S1.1,Leray,37fb916c771edbe28f8d2c2583226b7d65e74116,5
C3-T6-H25_S1.1,Leray,26a04a0ee662d6c71b7264771514eac1ca62c03b,15
C3-T6-H25_S1.1,Leray,1371a05ed7190a1e866393395f1f590c5cc01ef7,13
C3-T6-H25_S1.1,Leray,5d4e25e2bcc850bb225a62b460b33a395a141cfe,13
C3-T6-H25_S1.1,Leray,62768461207ccea19b8c1ce662248d5c67e0b56b,12
C3-T6-H25_S1.1,Leray,0cc7783b88175ad26d5777ca4f3a521d14a66c1c,11
C3-T6-H25_S1.1,Leray,d48fe49b6161a1b29edefe6183a88d18d72d20a3,7
C3-T6-H25_S1.1,Leray,b29876937946603cd6d5605a2c6675b188d03cd5,6
C3-T6-H25_S2.1,Leray,2a82828552f7ea7485386cf7416f12e08422a976,679
C3-T6-H25_S2.1,Leray,381610426e31b112903a2b0c51b0fbe9dbe1a6ba,56
C3-T6-H25_S2.1,Leray,667041167eae95a6faf3cc21b8714a19413acf57,942
C3-T6-H25_S2.1,Leray,a618c2b816fcf191faa8d9d0f7c5e2a9493c959c,590
C3-T6-H25_S2.1,Leray,3fa61d50fd4949e0d04c0b48f09576ec54f63232,132
C3-T6-H25_S2.1,Leray,e9a1ccbfa9b22138de83d4e88e40ff0becc251de,350
C3-T6-H25_S2.1,Leray,414dd518723569a7df72d9b9c41060262f67a121,353
C3-T6-H25_S2.1,Leray,6a51a47dd68e03608683cc867a283e731ab479cc,215
C3-T6-H25_S2.1,Leray,29c90a52a834f6613b691f916f4bc5f449911ada,177
C3-T6-H25_S2.1,Leray,64c538d99b6d53efd0149cbb4896cfc5d55c3461,83
C3-T6-H25_S2.1,Leray,00d22f3eee653833f404acb0ec2d85507a4da77f,162
C3-T6-H25_S2.1,Leray,1caacc897b2851063a7788d556673975a9dc8d97,151
C3-T6-H25_S2.1,Leray,8d4cc2e8c7f20ba7e2a4c6ee4457f0a6a9b98d45,39
C3-T6-H25_S2.1,Leray,f762f244bbea8d2121880231a2615b732ea9dc86,63
C3-T6-H25_S2.1,Leray,07320a4fcac8bfd39e26f90e7d0f90ded996dba1,58
C3-T6-H25_S2.1,Leray,8ef8f7e6f455f7e7268f0f0e6d027bbb2b9047c8,12
C3-T6-H25_S2.1,Leray,ce213e276a68f4d89e1af6d87e07e249f66c419c,13
C3-T6-H25_S2.1,Leray,694f085ae9856c843f7af813afd86351ebb0f24f,24
C3-T6-H25_S2.1,Leray,d7ed0d514bf55345c3fdf210c5d9f58c343e45c3,22
C3-T6-H25_S2.1,Leray,5fa2af605adaf6538dd78a46fbb3e1f7325f79eb,17
C3-T6-H25_S2.1,Leray,aee6835ccbeebe3986ac2cb915d482c9af7f2a24,16
C3-T6-H25_S2.1,Leray,4bcae5546703ab4ffc63a9171a494f13bb231550,15
C3-T6-H25_S2.1,Leray,fb2ad5dd67a5794790b32ed15282b2bd9d028e46,13
C3-T6-H25_S2.1,Leray,806c7ecf87d9f38ac6adf2efc0a74904dc9b1aa1,12
C3-T6-H25_S2.1,Leray,b80a125715dc8b3fa8d990cb273c2fa124127f87,12
C3-T7-H26_S1.1,Leray,c240b5f38c73bcdef8ba7aea1f95273b2d40e3e5,26
C3-T7-H26_S1.1,Leray,0c5fa17f7ecf209f6fd088aa6fd53eb627bafcf0,65
C3-T7-H26_S1.1,Leray,a1bd8c3c579e5c0eae315dfe9ba06d3f4b917007,299
C3-T7-H26_S1.1,Leray,7df189e993f359afe2e5bcaebc5218a2a5b5b64e,120
C3-T7-H26_S1.1,Leray,bf8f3bfe8fb8e23135280e64efe4cc3cc315b30c,459
C3-T7-H26_S1.1,Leray,68714bd4d91f5d800bb81a5f47e9e6f02384257b,625
C3-T7-H26_S1.1,Leray,605d6ce88281b4bbcff711ac8afe595d978194fa,142
C3-T7-H26_S1.1,Leray,2a82828552f7ea7485386cf7416f12e08422a976,728
C3-T7-H26_S1.1,Leray,914275e6686877e25cfdb5df6c8a42744c44f9b0,8
C3-T7-H26_S1.1,Leray,1fb857205357fb77b9acef3e5e958356abc2cc4f,101
C3-T7-H26_S1.1,Leray,6865099a80c0043771d0151aa8bda15a713d63e3,15
C3-T7-H26_S1.1,Leray,679b9dbfcdd081bf1bc737df539777ec027d7b35,19
C3-T7-H26_S1.1,Leray,cdffdeed24846ab0fa0610d9f5c119df862c22d2,8
C3-T7-H26_S1.1,Leray,cabd0735911e0bc90c692074077ac5668c364bc5,180
C3-T7-H26_S1.1,Leray,a15fa1e1831ffac3265b6f2979da3a880f156124,60
C3-T7-H26_S1.1,Leray,8979e4dee62edadcc1a8233ead27ae78d9a1ffd8,112
C3-T7-H26_S1.1,Leray,3ae55dca90a0d562c35a82e1780ac82a6ee34634,104
C3-T7-H26_S1.1,Leray,dbcdc0436dc94019e54850fc03f4a79efadac140,98
C3-T7-H26_S1.1,Leray,9f2deb97467abc9e8db1bf961b30aed8ae0c27d5,38
C3-T7-H26_S1.1,Leray,df9956e392c5bd889029b789b1a831516d8fea60,103
C3-T7-H26_S1.1,Leray,c7cb9c2029ddb53b74ae580eaac50b3f2cf27c4b,9
C3-T7-H26_S1.1,Leray,fe39a04ddd0818305ba03822f1b04cb8a0b67473,36
C3-T7-H26_S1.1,Leray,0945340d50d9255d08bd4a504591c139b13af1d0,15
C3-T7-H26_S1.1,Leray,3d4714ae360115c68e008c8b9ee80b21fec929e5,12
C3-T7-H26_S1.1,Leray,95773944b13609b7fd261615032afd4993ced125,94
C3-T7-H26_S1.1,Leray,0b5ed86dbb6b4c8a2be9a2d60e3c1ebfea0545fa,57
C3-T7-H26_S1.1,Leray,fc8c5b3847914524a3bdac93cbca05f2faa0b2c0,63
C3-T7-H26_S1.1,Leray,544d979fb4fe40b47e2a5d771581166cfb50d151,43
C3-T7-H26_S1.1,Leray,7ea530faa9dca3612f830069efdf745a8bf904bc,47
C3-T7-H26_S1.1,Leray,2c3949e97e03f4447ae678a03d271aa0a0805054,15
C3-T7-H26_S1.1,Leray,1a84e6f2aa276f5d18ad36aee37777543f9245cd,8
C3-T7-H26_S1.1,Leray,2f70a354cd905fd309a50f5ce14c343d62301677,13
C3-T7-H26_S1.1,Leray,60ec15ff0776c7ddbd79a3e22d46b178059f9d48,29
C3-T7-H26_S1.1,Leray,597656c7e92b7ef6e1d399914527c73b03e527a5,26
C3-T7-H26_S1.1,Leray,5ed7348655aba7c226fe31a498af5b7d0b581532,25
C3-T7-H26_S1.1,Leray,d2cfac82409025bfd1e14fa75921b4c92412930c,9
C3-T7-H26_S1.1,Leray,e22df8bdeb248b8c4e7151bf1ececa229c367ccc,17
C3-T7-H26_S1.1,Leray,9e31579f90ca64b342f7fdb31ac3e6ea1688c464,17
C3-T7-H26_S1.1,Leray,6f22faeac3237d138475fba8a20fb7184daa1c7e,16
C3-T7-H26_S1.1,Leray,6f2071c01574dc8eb3a01f1679a4b987e7bcaa61,15
C3-T7-H26_S1.1,Leray,18bc8062d256c224000582443890cdb333deb155,5
C3-T7-H26_S1.1,Leray,73ddb8741c80250b5fce318e3603fc5637b92ec0,12
C3-T7-H26_S1.1,Leray,f94fca69dfea8aafa080fcafd89cf71a9ed30ca6,7
C3-T7-H26_S1.1,Leray,fb51c9f7e4ada4bc2b72fb5426beb7081e156e0f,7
C3-T7-H26_S1.1,Leray,082bbd0f268bb53bc08e6b6538f388f555f93ed3,7
C3-T7-H26_S1.1,Leray,30831c9a8c2539997351cd1e1eb9abe305b770fb,2
C3-T7-H26_S1.1,Leray,6927b1c27b689d1e48541c27c5c625a6da617854,4
C3-T7-H26_S1.1,Leray,5115c7f2e5e04ac65b4b69b1b299fbc31a722f3b,2
C3-T7-H26_S1.1,Leray,a273066f685de84587169c9e7872aad6045ee18d,2
CT1-T1-H28_S1.1,Leray,0c5fa17f7ecf209f6fd088aa6fd53eb627bafcf0,32
CT1-T1-H28_S1.1,Leray,7df189e993f359afe2e5bcaebc5218a2a5b5b64e,161
CT1-T1-H28_S1.1,Leray,68714bd4d91f5d800bb81a5f47e9e6f02384257b,107
CT1-T1-H28_S1.1,Leray,605d6ce88281b4bbcff711ac8afe595d978194fa,61
CT1-T1-H28_S1.1,Leray,2a82828552f7ea7485386cf7416f12e08422a976,68
CT1-T1-H28_S1.1,Leray,914275e6686877e25cfdb5df6c8a42744c44f9b0,74
CT1-T1-H28_S1.1,Leray,cdffdeed24846ab0fa0610d9f5c119df862c22d2,14
CT1-T1-H28_S1.1,Leray,c7b90b28374bb6b5493814ed6ea9bbc95a76178c,31
CT1-T1-H28_S1.1,Leray,07328927fc0c18593bb6c76c71003e458b43b9c2,47
CT1-T1-H28_S1.1,Leray,c3fb89f8d0b6dbcec55b04cdfda7f019695eec6c,59
CT1-T1-H28_S1.1,Leray,dffb1771cd91f59b1e1d0a0b6070625c2eba574b,185
CT1-T1-H28_S1.1,Leray,0945340d50d9255d08bd4a504591c139b13af1d0,15
CT1-T1-H28_S1.1,Leray,84663ca2e60d79f0b8430edf88a65149d97ffaf2,34
CT1-T1-H28_S1.1,Leray,2a40548690210bda47bfd4de3aa9c95fcd73c8c2,25
CT1-T1-H28_S1.1,Leray,1567f7227a371cdfabfaa7df5f794415ecbe3cba,12
CT1-T1-H28_S1.1,Leray,63a2a634db5f8e65ce45a2cf7ba3a0c7e287b3ab,5
CT1-T1-H28_S1.1,Leray,0762b0f2d66df9217c85797bef6c93f6fb264c87,4
CT1-T1-H28_S2.1,Leray,0c5fa17f7ecf209f6fd088aa6fd53eb627bafcf0,99
CT1-T1-H28_S2.1,Leray,f736c21058cc8ce107275dac622fe3b316a557a2,32
CT1-T1-H28_S2.1,Leray,2a82828552f7ea7485386cf7416f12e08422a976,271
CT1-T1-H28_S2.1,Leray,c3db1f4fb87f52065f108aea13bad38e2d74d8fa,102
CT1-T1-H28_S2.1,Leray,b66bf92767420eb5115b7c8aed4dc41a7d17af6d,126
CT1-T1-H28_S2.1,Leray,914275e6686877e25cfdb5df6c8a42744c44f9b0,25
CT1-T1-H28_S2.1,Leray,b3360fd8035b2d769c49a3cdf25a52187188bf6e,192
CT1-T1-H28_S2.1,Leray,6865099a80c0043771d0151aa8bda15a713d63e3,145
CT1-T1-H28_S2.1,Leray,cdffdeed24846ab0fa0610d9f5c119df862c22d2,7
CT1-T1-H28_S2.1,Leray,fe2c97a1043d00c6f439246c609f21f5739178f4,43
CT1-T1-H28_S2.1,Leray,609864d9d4450e1244f00866ba30bf348a7b5c3f,340
CT1-T1-H28_S2.1,Leray,07400dec706e2853c78fd49fd403d3bd3df30ff8,23
CT1-T1-H28_S2.1,Leray,cd461f97fea3eb247657aaf6ea054a4ff990ac82,7
CT1-T1-H28_S2.1,Leray,8d4cc2e8c7f20ba7e2a4c6ee4457f0a6a9b98d45,7
CT1-T1-H28_S2.1,Leray,a155812b174fd2534a966f14f95982cbbe17cd8e,76
CT1-T1-H28_S2.1,Leray,acf75ffb18c5fccd11f08b4b994b63465b7e1166,6
CT1-T1-H28_S2.1,Leray,33d4a8f114a434c804866eb4a6f0246b79c28317,17
CT1-T1-H28_S2.1,Leray,5fe0d9b2016e54e38346cb324075fae532b872d5,16
CT1-T1-H28_S2.1,Leray,857b2dcb751d32e8bf5c543c7fcafd4d55f85575,11
CT1-T1-H28_S2.1,Leray,7b8231f3ca216eedc049fd64f3b8500b5982ae82,6
CT1-T1-H28_S2.1,Leray,93b0379a34ae059e09f29bdd6b69174ab10cf647,3
CT1-T1-H28_S3.1,Leray,c240b5f38c73bcdef8ba7aea1f95273b2d40e3e5,6398
CT1-T1-H28_S3.1,Leray,f736c21058cc8ce107275dac622fe3b316a557a2,15
CT1-T1-H28_S3.1,Leray,b66bf92767420eb5115b7c8aed4dc41a7d17af6d,58
CT1-T1-H28_S3.1,Leray,6865099a80c0043771d0151aa8bda15a713d63e3,47
CT1-T1-H28_S3.1,Leray,679b9dbfcdd081bf1bc737df539777ec027d7b35,1111
CT1-T1-H28_S3.1,Leray,4f1941d0bfc10715082b44cecf5b24c35382c975,216
CT1-T1-H28_S3.1,Leray,0fb244af03c52021238649fda66757df9dc4e01b,459
CT1-T1-H28_S3.1,Leray,fe2c97a1043d00c6f439246c609f21f5739178f4,139
CT1-T1-H28_S3.1,Leray,c7fc577c9f97603c5cb446e67c7c09ce3050a61f,315
CT1-T1-H28_S3.1,Leray,71c3bf45322b69313db922b1a285e15940170f0a,294
CT1-T1-H28_S3.1,Leray,33839e927895fe65dd93c481f467024b5ba0e3bf,200
CT1-T1-H28_S3.1,Leray,c954f7e93c3728218a8ecbd26075d61d60905dff,25
CT1-T1-H28_S3.1,Leray,bc5b87bc503ce611584cdae87c40996e53f6ed74,13
CT1-T1-H28_S3.1,Leray,0a19cb3e89d835f71f2511817816e72a13f12504,119
CT1-T1-H28_S3.1,Leray,cd461f97fea3eb247657aaf6ea054a4ff990ac82,45
CT1-T1-H28_S3.1,Leray,af871fea3d6bee4a98005345ec2cd76974f86c51,82
CT1-T1-H28_S3.1,Leray,4f2327009bca5c3fe9bcbada8ff3b335b8af6295,47
CT1-T1-H28_S3.1,Leray,b95338d3c9a7df5b78e7cc797e0df0c77a97ab62,18
CT1-T1-H28_S3.1,Leray,2041f6b207b2daddfa4826ea21b6469a08e84de4,62
CT1-T1-H28_S3.1,Leray,97632053d61f1fad7e5b97573daaf02cb196fe59,61
CT1-T1-H28_S3.1,Leray,6c38af928852fb67e5ff4a876379e374f5a33d25,54
CT1-T1-H28_S3.1,Leray,b54f54efa1521499c08730d488740a337df4b531,51
CT1-T1-H28_S3.1,Leray,d87346798bc596e049ed7a73a6a3577585531a64,48
CT1-T1-H28_S3.1,Leray,a74eeebefa63696b84c329460c3922b8ded410a9,42
CT1-T1-H28_S3.1,Leray,2f70a354cd905fd309a50f5ce14c343d62301677,28
CT1-T1-H28_S3.1,Leray,72bd6999fe015a1eadf05d7631c332c4a71ace5c,40
CT1-T1-H28_S3.1,Leray,c2b31e7f83dc3a59451f7db6714da0a0dd74a2c5,16
CT1-T1-H28_S3.1,Leray,3fdfd5cae5ad9abd680b01523b895198661a1c47,13
CT1-T1-H28_S3.1,Leray,8fd3e861fc6d88fa1a12b398a2ac39b4ca8dd442,23
CT1-T1-H28_S3.1,Leray,f40453b90e9aef99a029ca83726434c386cccf18,18
CT1-T1-H28_S3.1,Leray,dd05f6ca0253c97a9721ef0a9e9ac90286aeb4e2,10
CT1-T1-H28_S3.1,Leray,690ca69afbb4baf2cee0a52ca617accd4a42b135,8
CT1-T1-H28_S3.1,Leray,d0e647cf0ef4e1f39439f66ad54650d52f3781e7,2
CT1-T2-H29_S1.1,Leray,7df189e993f359afe2e5bcaebc5218a2a5b5b64e,935
CT1-T2-H29_S1.1,Leray,68714bd4d91f5d800bb81a5f47e9e6f02384257b,1398
CT1-T2-H29_S1.1,Leray,605d6ce88281b4bbcff711ac8afe595d978194fa,428
CT1-T2-H29_S1.1,Leray,914275e6686877e25cfdb5df6c8a42744c44f9b0,181
CT1-T2-H29_S1.1,Leray,c7b90b28374bb6b5493814ed6ea9bbc95a76178c,174
CT1-T2-H29_S1.1,Leray,07328927fc0c18593bb6c76c71003e458b43b9c2,216
CT1-T2-H29_S1.1,Leray,cabd0735911e0bc90c692074077ac5668c364bc5,514
CT1-T2-H29_S1.1,Leray,8979e4dee62edadcc1a8233ead27ae78d9a1ffd8,402
CT1-T2-H29_S1.1,Leray,830bac823005e96d85f6881aa0bd2c2b14a6b0ad,332
CT1-T2-H29_S1.1,Leray,fe2c97a1043d00c6f439246c609f21f5739178f4,8
CT1-T2-H29_S1.1,Leray,c3fb89f8d0b6dbcec55b04cdfda7f019695eec6c,57
CT1-T2-H29_S1.1,Leray,db16cde0a47b49665e5e95e7bc65603c57463ede,60
CT1-T2-H29_S1.1,Leray,07400dec706e2853c78fd49fd403d3bd3df30ff8,11
CT1-T2-H29_S1.1,Leray,c7cb9c2029ddb53b74ae580eaac50b3f2cf27c4b,40
CT1-T2-H29_S1.1,Leray,fe39a04ddd0818305ba03822f1b04cb8a0b67473,37
CT1-T2-H29_S1.1,Leray,0945340d50d9255d08bd4a504591c139b13af1d0,42
CT1-T2-H29_S1.1,Leray,020c9f56a9849cc60bbd5c971569204c6e7fa2ec,22
CT1-T2-H29_S1.1,Leray,aa19746b8fa272efeed1f440d639e4f1369ce04c,25
CT1-T2-H29_S1.1,Leray,1567f7227a371cdfabfaa7df5f794415ecbe3cba,11
CT1-T2-H29_S1.1,Leray,5c6b528fab67c6e6476e83e592a042c55a88cca9,8
CT1-T2-H29_S1.1,Leray,bd78a0a647e831aefe1c94572b730eed19e26f34,7
CT1-T2-H29_S1.1,Leray,6fffe9e2669eb2657808a9e19c52f6993cfd4032,5
CT1-T2-H29_S2.1,Leray,a1bd8c3c579e5c0eae315dfe9ba06d3f4b917007,86
CT1-T2-H29_S2.1,Leray,2885839f4b72c349770741c1878014867992af4b,140
CT1-T2-H29_S2.1,Leray,6e5f0aea0993ec6505218ecb0fb83093fbefe698,201
CT1-T2-H29_S2.1,Leray,978c7227186f7aefb7cdb6268b5011d8fe49f81e,195
CT1-T2-H29_S2.1,Leray,e6e9e14c9d8f276c15c8309bb19a93bc298d4355,179
CT1-T2-H29_S2.1,Leray,d2d62a69a34c36cf254118eca3c49ed47497be31,147
CT1-T2-H29_S2.1,Leray,07400dec706e2853c78fd49fd403d3bd3df30ff8,99
CT1-T2-H29_S2.1,Leray,91d91e83d0843a6d603713460ca031a989e96f31,113
CT1-T2-H29_S2.1,Leray,cd461f97fea3eb247657aaf6ea054a4ff990ac82,14
CT1-T2-H29_S2.1,Leray,9081d6535915d7b39198f4113990394a7854502b,48
CT1-T2-H29_S2.1,Leray,db9174c3283fd89146bdbc67280ef09adc9ea520,59
CT1-T2-H29_S2.1,Leray,e494da48da0a7a0b5382825b8ff0c022677e87db,57
CT1-T2-H29_S2.1,Leray,8ef8f7e6f455f7e7268f0f0e6d027bbb2b9047c8,39
CT1-T2-H29_S2.1,Leray,45218bbce4a242b369b1f75feae1df4199ce3184,42
CT1-T2-H29_S2.1,Leray,48e8e37e3c6cfbcc81c3fd620a39880cf6cdf6f5,41
CT1-T2-H29_S2.1,Leray,d7068805ebba013181befae640d399587510c069,37
CT1-T2-H29_S2.1,Leray,d535f2b3d6c9c2db7534b66628185ca4cd640d01,37
CT1-T2-H29_S2.1,Leray,b6a0c1024912c0b187eb8e7b408eaaa44577716d,34
CT1-T2-H29_S2.1,Leray,3f0e6c323c1c4fb33c5f920dbd0296203ee82bb9,34
CT1-T2-H29_S2.1,Leray,c9732b8d3efa76bc2187f596f9e2d367690a5d42,33
CT1-T2-H29_S2.1,Leray,d2cfac82409025bfd1e14fa75921b4c92412930c,2
CT1-T2-H29_S2.1,Leray,37fb916c771edbe28f8d2c2583226b7d65e74116,4
CT1-T2-H29_S2.1,Leray,dc3f29a32f63affaa991e70a290c7a0293829438,9
CT1-T2-H29_S2.1,Leray,0addddea2e31c52f3d628c2316a131f4ddde1cab,18
CT1-T2-H29_S2.1,Leray,68de381449314da89f8660b3bb26cc52c0c4e2ba,5
CT1-T2-H29_S2.1,Leray,24d911ac00ab2667f8f04ba455dcd5ac7db3bb6e,13
CT1-T2-H29_S2.1,Leray,deb96e171c888226cc15577e370c0cbf691e3dbf,9
CT1-T2-H29_S2.1,Leray,c32b27e4429ba11b01c2c9bb74188db17f602725,9
CT1-T2-H29_S2.1,Leray,f5c8e6a3dc74dd2e8b8b468f8938f55662dfc966,7
CT1-T3-H30_S1.1,Leray,7df189e993f359afe2e5bcaebc5218a2a5b5b64e,1659
CT1-T3-H30_S1.1,Leray,68714bd4d91f5d800bb81a5f47e9e6f02384257b,946
CT1-T3-H30_S1.1,Leray,605d6ce88281b4bbcff711ac8afe595d978194fa,663
CT1-T3-H30_S1.1,Leray,c7b90b28374bb6b5493814ed6ea9bbc95a76178c,161
CT1-T3-H30_S1.1,Leray,07328927fc0c18593bb6c76c71003e458b43b9c2,329
CT1-T3-H30_S1.1,Leray,cabd0735911e0bc90c692074077ac5668c364bc5,71
CT1-T3-H30_S1.1,Leray,8979e4dee62edadcc1a8233ead27ae78d9a1ffd8,207
CT1-T3-H30_S1.1,Leray,1a9368e90aea8e50df4cb2c9d540bcda3d0d5eed,726
CT1-T3-H30_S1.1,Leray,dbcdc0436dc94019e54850fc03f4a79efadac140,45
CT1-T3-H30_S1.1,Leray,dffb1771cd91f59b1e1d0a0b6070625c2eba574b,17
CT1-T3-H30_S1.1,Leray,c7cb9c2029ddb53b74ae580eaac50b3f2cf27c4b,74
CT1-T3-H30_S1.1,Leray,fe39a04ddd0818305ba03822f1b04cb8a0b67473,28
CT1-T3-H30_S1.1,Leray,dd6ebaaca7acc169d5efcaf915f94db559fbe8bc,55
CT1-T3-H30_S1.1,Leray,2c3949e97e03f4447ae678a03d271aa0a0805054,28
CT1-T3-H30_S1.1,Leray,aa19746b8fa272efeed1f440d639e4f1369ce04c,16
CT1-T3-H30_S1.1,Leray,8bb39d0598e901b32c8a4a9e04b1b34f96c979e9,5
CT1-T4-H31_S3.1,Leray,c240b5f38c73bcdef8ba7aea1f95273b2d40e3e5,197
CT1-T4-H31_S3.1,Leray,3eafdd7e0292677d65676b2e27b59fb00503f03a,346
CT1-T4-H31_S3.1,Leray,679b9dbfcdd081bf1bc737df539777ec027d7b35,185
CT1-T4-H31_S3.1,Leray,4f1941d0bfc10715082b44cecf5b24c35382c975,363
CT1-T4-H31_S3.1,Leray,b65b40c6bd4df86d8c6557b3172e5ee4945d6ee0,510
CT1-T4-H31_S3.1,Leray,2916bb33bc1c7985c04e76045666a4a43c03175f,308
CT1-T4-H31_S3.1,Leray,837020b55b70e40635c33417f7572942ca7a7009,165
CT1-T4-H31_S3.1,Leray,c954f7e93c3728218a8ecbd26075d61d60905dff,25
CT1-T4-H31_S3.1,Leray,277f415b8d7c5948a729ca5ce6f7df25074485e0,47
CT1-T4-H31_S3.1,Leray,e27a36821bf9627395327b6d1c421d0560cbe615,43
CT1-T4-H31_S3.1,Leray,430c6686f8e14f23b2cfc13713bb8b47662d3c0a,40
CT1-T4-H31_S3.1,Leray,9e7ee0c78870bd623ce6d31d7e452b287db9d33e,21
CT1-T4-H31_S3.1,Leray,dc3f29a32f63affaa991e70a290c7a0293829438,8
CT1-T4-H31_S3.1,Leray,1ed69552a3bb0d8b0177dfd7c8c2d1147d350cc9,11
CT1-T4-H31_S3.1,Leray,431bb47b521c1d9cd800217f49a2560af9826cd7,5
CT1-T4-H31_S3.1,Leray,c79af3628c09396b22df409d160812596285520e,3
CT1-T5-H32_S1.1,Leray,7df189e993f359afe2e5bcaebc5218a2a5b5b64e,235
CT1-T5-H32_S1.1,Leray,68714bd4d91f5d800bb81a5f47e9e6f02384257b,427
CT1-T5-H32_S1.1,Leray,605d6ce88281b4bbcff711ac8afe595d978194fa,113
CT1-T5-H32_S1.1,Leray,914275e6686877e25cfdb5df6c8a42744c44f9b0,7
CT1-T5-H32_S1.1,Leray,a15fa1e1831ffac3265b6f2979da3a880f156124,29
CT1-T5-H32_S1.1,Leray,8979e4dee62edadcc1a8233ead27ae78d9a1ffd8,101
CT1-T5-H32_S1.1,Leray,1a9368e90aea8e50df4cb2c9d540bcda3d0d5eed,11
CT1-T5-H32_S1.1,Leray,3fa61d50fd4949e0d04c0b48f09576ec54f63232,45
CT1-T5-H32_S1.1,Leray,fe2c97a1043d00c6f439246c609f21f5739178f4,11
CT1-T5-H32_S1.1,Leray,c3fb89f8d0b6dbcec55b04cdfda7f019695eec6c,77
CT1-T5-H32_S1.1,Leray,db16cde0a47b49665e5e95e7bc65603c57463ede,202
CT1-T5-H32_S1.1,Leray,0945340d50d9255d08bd4a504591c139b13af1d0,22
CT1-T5-H32_S1.1,Leray,9081d6535915d7b39198f4113990394a7854502b,17
CT1-T5-H32_S1.1,Leray,020c9f56a9849cc60bbd5c971569204c6e7fa2ec,25
CT1-T5-H32_S1.1,Leray,2a40548690210bda47bfd4de3aa9c95fcd73c8c2,5
CT1-T5-H32_S1.1,Leray,d13171fc021d46acd16a9fca31d2d1aa8e64c7d2,26
CT1-T5-H32_S1.1,Leray,5d8acc51d6fd6dde84332a405a87dcdd62d71a41,22
CT1-T5-H32_S1.1,Leray,885e0ef0b55e74b55b5c4b866a7c3f6bd069dbce,13
CT1-T5-H32_S1.1,Leray,f7757c61ed78f2c3160a41a33cff0774de2db9d3,5
CT1-T5-H32_S2.1,Leray,a1bd8c3c579e5c0eae315dfe9ba06d3f4b917007,481
CT1-T5-H32_S2.1,Leray,bf8f3bfe8fb8e23135280e64efe4cc3cc315b30c,779
CT1-T5-H32_S2.1,Leray,dc6fd56e3a5e624e5fb8c5352fc980230a43baa7,205
CT1-T5-H32_S2.1,Leray,2885839f4b72c349770741c1878014867992af4b,198
CT1-T5-H32_S2.1,Leray,1fb857205357fb77b9acef3e5e958356abc2cc4f,1184
CT1-T5-H32_S2.1,Leray,b1fb395dbe6b229152fbf62970f20f129ba0ac46,29
CT1-T5-H32_S2.1,Leray,f722d0eed517ca1485412235b83d44c18e6ccf98,412
CT1-T5-H32_S2.1,Leray,a15fa1e1831ffac3265b6f2979da3a880f156124,410
CT1-T5-H32_S2.1,Leray,1e8a8291966c172ef539251c5aad9dbd72bde6ed,230
CT1-T5-H32_S2.1,Leray,699998b228e39009dc3427070b6bafcf3fb8c664,168
CT1-T5-H32_S2.1,Leray,56a3396904dee6090b5a92130412e3c0549a8514,244
CT1-T5-H32_S2.1,Leray,3ae55dca90a0d562c35a82e1780ac82a6ee34634,162
CT1-T5-H32_S2.1,Leray,8a4c77cfe21f3e7e0981111c5fd7be9535d6bc18,63
CT1-T5-H32_S2.1,Leray,7858e672d538afedd3af80d1eb9bdf64f76c07b5,124
CT1-T5-H32_S2.1,Leray,d67a0ba57c92b661f8a424b1d6977b95e6c0f731,329
CT1-T5-H32_S2.1,Leray,8a7df70cc97fb8c569dac101c8c5e31247949a77,276
CT1-T5-H32_S2.1,Leray,9f2deb97467abc9e8db1bf961b30aed8ae0c27d5,138
CT1-T5-H32_S2.1,Leray,a0dda142fd6d0c7ff2a1a3d82b08e6bf644ab72f,58
CT1-T5-H32_S2.1,Leray,2c1614c4fe9d76bd93ef62c4116d9e116a85a9d4,212
CT1-T5-H32_S2.1,Leray,287a10cc8b6b53975e2b818326e4f322324db5d7,188
CT1-T5-H32_S2.1,Leray,2eb0f5e42e86b60badd1cd831d053339ceeaf8f8,100
CT1-T5-H32_S2.1,Leray,dcdcc36a2ce91bea11977cdc5f8261667c0d96a7,124
CT1-T5-H32_S2.1,Leray,3d73eb08d6e9d25905144b6341f08ad11f633762,98
CT1-T5-H32_S2.1,Leray,6234ddd87d06007aa56aa67a5a4a719eb9e0c4d6,40
CT1-T5-H32_S2.1,Leray,5c0c5d4675b2080339bfa6bf832006d3d056ea31,84
CT1-T5-H32_S2.1,Leray,5edd5173bbe6f0709bd754dc18df3a2a8d3f2a81,81
CT1-T5-H32_S2.1,Leray,f8c2d170ac525bf02caafa4e89d124c77cee163a,76
CT1-T5-H32_S2.1,Leray,11da25e1d114d8ea95abda81d29574e86e835f15,66
CT1-T5-H32_S2.1,Leray,a169f7a0525710e4e6073f6dd6167ad17664d437,64
CT1-T5-H32_S2.1,Leray,20580f986de6828462b3cd337300b6390ff1c52a,57
CT1-T5-H32_S2.1,Leray,08851e53d8f81d991f1431ba20247375d948c45b,56
CT1-T5-H32_S2.1,Leray,b07cf6268177d5c24b36a6f51799e1064fbfbf23,54
CT1-T5-H32_S2.1,Leray,0cc4230912435794baff2eae4454b7596ca6e208,47
CT1-T5-H32_S2.1,Leray,1a84e6f2aa276f5d18ad36aee37777543f9245cd,22
CT1-T5-H32_S2.1,Leray,7d97ea90193aa19e3e0882ca6a7b977c2d11a472,22
CT1-T5-H32_S2.1,Leray,b2936a41a697d63d6cca20de5918f681e9180527,29
CT1-T5-H32_S2.1,Leray,df0c6396d96d2f62b75e41f44ff4302f718095de,27
CT1-T5-H32_S2.1,Leray,5aaff82c28ed490a00f6285676b465aa9ad84580,22
CT1-T5-H32_S2.1,Leray,56ae1fd71f937fa20e0c3a146e03680a8fe19f08,17
CT1-T5-H32_S2.1,Leray,f7fea3290869e806342f7c3eee417094a2e9ae56,12
CT1-T5-H32_S2.1,Leray,af61c4937e739056a0c2b354f2550596cfa39aa0,2
CT1-T5-H32_S3.1,Leray,a1bd8c3c579e5c0eae315dfe9ba06d3f4b917007,221
CT1-T5-H32_S3.1,Leray,a15fa1e1831ffac3265b6f2979da3a880f156124,316
CT1-T5-H32_S3.1,Leray,fe2c97a1043d00c6f439246c609f21f5739178f4,26
CT1-T5-H32_S3.1,Leray,e64c17f4d9d53f3e7e634f635fd5e4a71e63138e,242
CT1-T5-H32_S3.1,Leray,c954f7e93c3728218a8ecbd26075d61d60905dff,57
CT1-T5-H32_S3.1,Leray,bc5b87bc503ce611584cdae87c40996e53f6ed74,8
CT1-T5-H32_S3.1,Leray,a2389437ecf6eb00e1f0c6cad63e34aff19fac16,102
CT1-T5-H32_S3.1,Leray,2028cb23a3b9e38e83ee01fb95f6b58a57b4cbae,59
CT1-T5-H32_S3.1,Leray,0b9add1f44edbc519928bd486242d6cc3d48e65f,52
CT1-T5-H32_S3.1,Leray,c2b31e7f83dc3a59451f7db6714da0a0dd74a2c5,12
CT1-T5-H32_S3.1,Leray,8a1ffab9bd4e19e07bbdf85e9d726bbb88b5b83c,27
CT1-T5-H32_S3.1,Leray,dcdd49e8cafe89681ae72d2d0990b2bd75b91414,26
CT1-T5-H32_S3.1,Leray,d12bd1b6cb691d94a63f208e220a99a5ff3f554a,6
CT1-T5-H32_S3.1,Leray,eb9b9940036cfc232dbefdb1e9a1da4b4c95fee2,3
CT1-T5-H32_S3.1,Leray,35d82bc02703098c2b9706094123c151984acaff,2
CT1-T6-H33_S1.1,Leray,7df189e993f359afe2e5bcaebc5218a2a5b5b64e,335
CT1-T6-H33_S1.1,Leray,68714bd4d91f5d800bb81a5f47e9e6f02384257b,77
CT1-T6-H33_S1.1,Leray,605d6ce88281b4bbcff711ac8afe595d978194fa,64
CT1-T6-H33_S1.1,Leray,2a82828552f7ea7485386cf7416f12e08422a976,46
CT1-T6-H33_S1.1,Leray,b66bf92767420eb5115b7c8aed4dc41a7d17af6d,17
CT1-T6-H33_S1.1,Leray,c7b90b28374bb6b5493814ed6ea9bbc95a76178c,81
CT1-T6-H33_S1.1,Leray,07328927fc0c18593bb6c76c71003e458b43b9c2,34
CT1-T6-H33_S1.1,Leray,cabd0735911e0bc90c692074077ac5668c364bc5,133
CT1-T6-H33_S1.1,Leray,4f1941d0bfc10715082b44cecf5b24c35382c975,3
CT1-T6-H33_S1.1,Leray,3fa61d50fd4949e0d04c0b48f09576ec54f63232,13
CT1-T6-H33_S1.1,Leray,c3fb89f8d0b6dbcec55b04cdfda7f019695eec6c,22
CT1-T6-H33_S1.1,Leray,dbcdc0436dc94019e54850fc03f4a79efadac140,34
CT1-T6-H33_S1.1,Leray,c954f7e93c3728218a8ecbd26075d61d60905dff,50
CT1-T6-H33_S1.1,Leray,bc5b87bc503ce611584cdae87c40996e53f6ed74,86
CT1-T6-H33_S1.1,Leray,3d4714ae360115c68e008c8b9ee80b21fec929e5,105
CT1-T6-H33_S1.1,Leray,e9cb7fb3c745331aaf0280a7b090f4d245bc18ad,8
CT1-T6-H33_S1.1,Leray,8d4cc2e8c7f20ba7e2a4c6ee4457f0a6a9b98d45,12
CT1-T6-H33_S1.1,Leray,45218bbce4a242b369b1f75feae1df4199ce3184,2
CT1-T6-H33_S1.1,Leray,e911fe4407e58bdc60d7009edeb5707c4c3ae62b,30
CT1-T6-H33_S1.1,Leray,d397f6aeba5625229c1e0c143454aa0b669b5f99,15
CT1-T6-H33_S1.1,Leray,0eff59f5455a58f0a93e72b8caffb081d38c1191,6
CT1-T6-H33_S1.1,Leray,8783e65a2bc76d90e29818e95ad5a66cb9629243,12
CT1-T6-H33_S1.1,Leray,c8802792a835f6165211cb61267a7af51e0fbafa,12
CT1-T6-H33_S1.1,Leray,c44f0f5c630e65315ec2d662d5e6c8f51d576602,9
CT1-T6-H33_S1.1,Leray,ed4ba606af838746256a08d62a178b65ea686ed6,9
CT1-T6-H33_S1.1,Leray,2974a404ab1a2005d90ce9e30d4b68b9f680e6ad,8
CT1-T6-H33_S1.1,Leray,bcfc90ff2010cb55893adafca17d6c3e18b59f51,7
CT1-T6-H33_S1.1,Leray,29128d0abcae5228e4775326fcb6eaf6526c70e0,5
CT1-T6-H33_S1.1,Leray,5be319511d82b779e9f0ae32d633c31ae3a75a09,5
CT1-T6-H33_S1.1,Leray,c25abcc3358f7552ed039ccacfb4b28467b2ca9b,3
CT1-T6-H33_S1.1,Leray,4f48e9e1c7b7cbbfeea98ffa9a4b2aea01dcf521,3
CT1-T6-H33_S1.1,Leray,1c99f89f3ae48229ed94a3ec57ae4f8ab4c0459c,2
CT1-T6-H33_S3.1,Leray,0c51f2f29827df7af1f0210d4764602e7050b193,9221
CT1-T6-H33_S3.1,Leray,52d9903dac12385d45281caaea18c1a54bd71c54,7901
CT1-T6-H33_S3.1,Leray,341af4578589426b51b35022c4f152beb47cedf5,4169
CT1-T6-H33_S3.1,Leray,9e4f8eb89c8af13c2ffb840c45e1d162fc43e739,209
CT1-T6-H33_S3.1,Leray,f933037da833ebcea77134144b1eeb5110847794,9
CT1-T6-H33_S3.1,Leray,ebcb43e7bdcac30abc69df4b1217cabbe454ce6d,8
CT1-T7-H34_S1.1,Leray,c240b5f38c73bcdef8ba7aea1f95273b2d40e3e5,66
CT1-T7-H34_S1.1,Leray,0c5fa17f7ecf209f6fd088aa6fd53eb627bafcf0,448
CT1-T7-H34_S1.1,Leray,f736c21058cc8ce107275dac622fe3b316a557a2,185
CT1-T7-H34_S1.1,Leray,7df189e993f359afe2e5bcaebc5218a2a5b5b64e,796
CT1-T7-H34_S1.1,Leray,605d6ce88281b4bbcff711ac8afe595d978194fa,566
CT1-T7-H34_S1.1,Leray,1fb857205357fb77b9acef3e5e958356abc2cc4f,8
CT1-T7-H34_S1.1,Leray,6865099a80c0043771d0151aa8bda15a713d63e3,29
CT1-T7-H34_S1.1,Leray,c7b90b28374bb6b5493814ed6ea9bbc95a76178c,238
CT1-T7-H34_S1.1,Leray,07328927fc0c18593bb6c76c71003e458b43b9c2,253
CT1-T7-H34_S1.1,Leray,7e7e3c444e485b1ef8a2ba9be584a5691c6ef8e9,40
CT1-T7-H34_S1.1,Leray,ef58fe9819f05f8ed8d0d5eefa403637f33fb10c,240
CT1-T7-H34_S1.1,Leray,85c2cce0b81b547ebd05f5623ce7881e5a8db540,101
CT1-T7-H34_S1.1,Leray,c3fb89f8d0b6dbcec55b04cdfda7f019695eec6c,99
CT1-T7-H34_S1.1,Leray,d0d312dfcd78e6afa2061d2421c41799852f6d96,19
CT1-T7-H34_S1.1,Leray,c9d5d4c8d25fd7d200ebbd83f8c2bc2301e0f679,148
CT1-T7-H34_S1.1,Leray,b95338d3c9a7df5b78e7cc797e0df0c77a97ab62,7
CT1-T7-H34_S1.1,Leray,1893923acab4675b218cf79879e1f49ccdbef020,10
CT1-T7-H34_S1.1,Leray,2a40548690210bda47bfd4de3aa9c95fcd73c8c2,9
CT1-T7-H34_S1.1,Leray,bd840b6cd19c2dd499049db43a1d61ed33141840,30
CT1-T7-H34_S1.1,Leray,7310dcc0eabb15f0cde907e72f2aafb52096d131,15
CT1-T7-H34_S1.1,Leray,26cc1703226eed42ddaaf9d41b349e850695ec62,14
CT1-T7-H34_S1.1,Leray,1491f4b1c2ee1f7e7da61e612def75fcc3bb4607,13
CT1-T7-H34_S1.1,Leray,ec3b81a57de0343c146f3b4e9dec9b87cdafc7e5,9
CT1-T7-H34_S1.1,Leray,213c6ef6725792e36fd07564ee73ae7408b1e32c,7
CT1-T7-H34_S1.1,Leray,b76a4090bd1c08e233ad41b6bd3e16401035bdd2,6
CT1-T7-H34_S1.1,Leray,9cd243a97cba8b322762b526a8d45026f1a11cbe,3
CT1-T7-H34_S1.1,Leray,91034b3e914afd0aaa75f2386f95a006055095ed,2
CT1-T7-H34_S2.1,Leray,c240b5f38c73bcdef8ba7aea1f95273b2d40e3e5,58
CT1-T7-H34_S2.1,Leray,0c5fa17f7ecf209f6fd088aa6fd53eb627bafcf0,3697
CT1-T7-H34_S2.1,Leray,f736c21058cc8ce107275dac622fe3b316a557a2,1213
CT1-T7-H34_S2.1,Leray,add60dfdaa81b55c808fc154caf15ac941b0ca2a,1010
CT1-T7-H34_S2.1,Leray,5a833e0a478a012b2b934b19b76eb311d63cf891,639
CT1-T7-H34_S2.1,Leray,ca6a338620c11bc8b0d3957d29068f6c39c68b5b,460
CT1-T7-H34_S2.1,Leray,b66bf92767420eb5115b7c8aed4dc41a7d17af6d,163
CT1-T7-H34_S2.1,Leray,6865099a80c0043771d0151aa8bda15a713d63e3,154
CT1-T7-H34_S2.1,Leray,6f01a43858c4adeff558f03693318ff97d09a3b6,102
CT1-T7-H34_S2.1,Leray,d533075b7929cfb022b0131f4c9c0374c1c3d8c6,128
CT1-T7-H34_S2.1,Leray,1893923acab4675b218cf79879e1f49ccdbef020,24
CT1-T7-H34_S2.1,Leray,dfd1a7b684bae687ae1e274f3d5bc7bfd0256cfa,5
CT1-T7-H34_S2.1,Leray,ed88a8e4f89470ab31c42d51fb86d781fc1d3ef1,4
CT1-T7-H34_S3.1,Leray,c240b5f38c73bcdef8ba7aea1f95273b2d40e3e5,75
CT1-T7-H34_S3.1,Leray,0c5fa17f7ecf209f6fd088aa6fd53eb627bafcf0,285
CT1-T7-H34_S3.1,Leray,add60dfdaa81b55c808fc154caf15ac941b0ca2a,205
CT1-T7-H34_S3.1,Leray,b66bf92767420eb5115b7c8aed4dc41a7d17af6d,254
CT1-T7-H34_S3.1,Leray,b3360fd8035b2d769c49a3cdf25a52187188bf6e,1450
CT1-T7-H34_S3.1,Leray,6865099a80c0043771d0151aa8bda15a713d63e3,189
CT1-T7-H34_S3.1,Leray,3dee74178b63146ad345080a877da2dd4cf9d7aa,208
CT1-T7-H34_S3.1,Leray,910719472e9c9da8e4d8d933914c345ca24e20b4,416
CT1-T7-H34_S3.1,Leray,33839e927895fe65dd93c481f467024b5ba0e3bf,35
CT1-T7-H34_S3.1,Leray,7ccd534a622fad61d184df868eb9698d0e4dec04,190
CT1-T7-H34_S3.1,Leray,c51b60f84e63ee2ac51774a3eecb0cf88f5470cc,188
CT1-T7-H34_S3.1,Leray,d4192f0825a2d3b8dbbd784afa1f5332e7f80d03,104
CT1-T7-H34_S3.1,Leray,eb227347453175a7960b84fac0efa5bf853bb4ad,70
CT1-T7-H34_S3.1,Leray,27105f8c2130d319d300720b9efe036db204e6dc,48
CT1-T7-H34_S3.1,Leray,01dde119e67bfeb80a8c2af3eb072389e4e4122c,34
CT1-T7-H34_S3.1,Leray,8ceead2cf25e54cbea1981ea442e647e93c1a15e,25
CT1-T7-H34_S3.1,Leray,86b5e6e45e5a124225fafb36289d09a0db30f3f4,22
CT1-T7-H34_S3.1,Leray,896cd6535a2fecee8816aca4852874d41d8bdefd,13
CT1-T7-H34_S3.1,Leray,46f5f5c61abdf547750755de731d7cfa543609a5,3
CT1-T8-H35_S1.2,Leray,c240b5f38c73bcdef8ba7aea1f95273b2d40e3e5,35
CT1-T8-H35_S1.2,Leray,0c5fa17f7ecf209f6fd088aa6fd53eb627bafcf0,384
CT1-T8-H35_S1.2,Leray,f736c21058cc8ce107275dac622fe3b316a557a2,238
CT1-T8-H35_S1.2,Leray,add60dfdaa81b55c808fc154caf15ac941b0ca2a,115
CT1-T8-H35_S1.2,Leray,a1bd8c3c579e5c0eae315dfe9ba06d3f4b917007,154
CT1-T8-H35_S1.2,Leray,5a833e0a478a012b2b934b19b76eb311d63cf891,222
CT1-T8-H35_S1.2,Leray,7df189e993f359afe2e5bcaebc5218a2a5b5b64e,20
CT1-T8-H35_S1.2,Leray,b66bf92767420eb5115b7c8aed4dc41a7d17af6d,14
CT1-T8-H35_S1.2,Leray,914275e6686877e25cfdb5df6c8a42744c44f9b0,11
CT1-T8-H35_S1.2,Leray,1fb857205357fb77b9acef3e5e958356abc2cc4f,30
CT1-T8-H35_S1.2,Leray,cdffdeed24846ab0fa0610d9f5c119df862c22d2,6
CT1-T8-H35_S1.2,Leray,b1fb395dbe6b229152fbf62970f20f129ba0ac46,94
CT1-T8-H35_S1.2,Leray,ef58fe9819f05f8ed8d0d5eefa403637f33fb10c,87
CT1-T8-H35_S1.2,Leray,bfcd14f97747c99372ec23c78dab3909d1561ea0,227
CT1-T8-H35_S1.2,Leray,85c2cce0b81b547ebd05f5623ce7881e5a8db540,81
CT1-T8-H35_S1.2,Leray,ab61dda559547073235959ebcc4a5d548f4c2108,177
CT1-T8-H35_S1.2,Leray,c3fb89f8d0b6dbcec55b04cdfda7f019695eec6c,51
CT1-T8-H35_S1.2,Leray,9ec724368f34ff61d5c01a1a74c833d73573ec02,155
CT1-T8-H35_S1.2,Leray,8f00bd43b9cef841b113073b7bdea53114cd7384,251
CT1-T8-H35_S1.2,Leray,9c36fa423ec2085c0be7f35589b6a26e94eb810c,255
CT1-T8-H35_S1.2,Leray,dad3039ef3ddbf3004fd9ce1d11ab36401865c63,79
CT1-T8-H35_S1.2,Leray,9f2deb97467abc9e8db1bf961b30aed8ae0c27d5,22
CT1-T8-H35_S1.2,Leray,c662d23ca95bbb4a08e5ea4180698afd8e836acc,76
CT1-T8-H35_S1.2,Leray,41c028ae8892d6d21f18d77630b9bd7964a46d9f,54
CT1-T8-H35_S1.2,Leray,912fb7e0bfd85f58444bbe415ba711675fae704f,9
CT1-T8-H35_S1.2,Leray,0cccaa9c4a9c0d2e44727ea23922450639a795a5,53
CT1-T8-H35_S1.2,Leray,2439425b99d37e9ac683f3246f96980d412ce40c,11
CT1-T8-H35_S1.2,Leray,b95338d3c9a7df5b78e7cc797e0df0c77a97ab62,29
CT1-T8-H35_S1.2,Leray,920f75722272dca999a3bf9a69c8a4c4f5a30fa1,6
CT1-T8-H35_S1.2,Leray,29e2cbb74a0c27bf98c426eac95fba417478c5ef,5
CT1-T8-H35_S1.2,Leray,5ff9dee7f19d57d78aa511bbcaec68a5861ee7ca,24
CT1-T8-H35_S1.2,Leray,12b96d919c801aeb1ff70b60f0fae41888a8a23f,24
CT1-T8-H35_S1.2,Leray,9cbf8e5c3aa03a735b18c0fcf15eb7fc56a3ff29,15
CT1-T8-H35_S1.2,Leray,42056cc7d479eef6acd19709ba12c5b3f2d91b60,9
CT1-T8-H35_S1.2,Leray,b6740ed67ad1b1cb970f7d71c87b8e8b03e60649,5
CT1-T8-H35_S2.1,Leray,c240b5f38c73bcdef8ba7aea1f95273b2d40e3e5,2148
CT1-T8-H35_S2.1,Leray,0c5fa17f7ecf209f6fd088aa6fd53eb627bafcf0,2150
CT1-T8-H35_S2.1,Leray,f736c21058cc8ce107275dac622fe3b316a557a2,892
CT1-T8-H35_S2.1,Leray,add60dfdaa81b55c808fc154caf15ac941b0ca2a,791
CT1-T8-H35_S2.1,Leray,5a833e0a478a012b2b934b19b76eb311d63cf891,349
CT1-T8-H35_S2.1,Leray,bf8f3bfe8fb8e23135280e64efe4cc3cc315b30c,74
CT1-T8-H35_S2.1,Leray,b66bf92767420eb5115b7c8aed4dc41a7d17af6d,102
CT1-T8-H35_S2.1,Leray,914275e6686877e25cfdb5df6c8a42744c44f9b0,63
CT1-T8-H35_S2.1,Leray,6865099a80c0043771d0151aa8bda15a713d63e3,110
CT1-T8-H35_S2.1,Leray,b1fb395dbe6b229152fbf62970f20f129ba0ac46,61
CT1-T8-H35_S2.1,Leray,8f00bd43b9cef841b113073b7bdea53114cd7384,16
CT1-T8-H35_S2.1,Leray,df61301d23182c34b2016bdc11cee3833edd90b9,37
CT1-T8-H35_S2.1,Leray,c7971eea12434e00b9f1d92ffc0d4e2bf552702c,21
CT1-T8-H35_S2.1,Leray,3fdfd5cae5ad9abd680b01523b895198661a1c47,14
CT1-T8-H35_S2.1,Leray,eddfd527ab32c2ab07c78ec0f5bcb6ad4a8680e6,14
CT2-T1-H36_S3.1,Leray,0c5fa17f7ecf209f6fd088aa6fd53eb627bafcf0,918
CT2-T1-H36_S3.1,Leray,f736c21058cc8ce107275dac622fe3b316a557a2,307
CT2-T1-H36_S3.1,Leray,add60dfdaa81b55c808fc154caf15ac941b0ca2a,322
CT2-T1-H36_S3.1,Leray,a1bd8c3c579e5c0eae315dfe9ba06d3f4b917007,620
CT2-T1-H36_S3.1,Leray,bf8f3bfe8fb8e23135280e64efe4cc3cc315b30c,460
CT2-T1-H36_S3.1,Leray,b66bf92767420eb5115b7c8aed4dc41a7d17af6d,47
CT2-T1-H36_S3.1,Leray,914275e6686877e25cfdb5df6c8a42744c44f9b0,183
CT2-T1-H36_S3.1,Leray,6865099a80c0043771d0151aa8bda15a713d63e3,40
CT2-T1-H36_S3.1,Leray,8a7fcda4d4398b11a1ba89c141d62b5c8ac5e8e0,1437
CT2-T1-H36_S3.1,Leray,cdffdeed24846ab0fa0610d9f5c119df862c22d2,18
CT2-T1-H36_S3.1,Leray,56a3396904dee6090b5a92130412e3c0549a8514,231
CT2-T1-H36_S3.1,Leray,625707553b70864cca54ad03fc3a16472dc922ac,95
CT2-T1-H36_S3.1,Leray,8a4c77cfe21f3e7e0981111c5fd7be9535d6bc18,321
CT2-T1-H36_S3.1,Leray,bfcd14f97747c99372ec23c78dab3909d1561ea0,4
CT2-T1-H36_S3.1,Leray,03ecec8441f3bf1abb7e5604eebade5c7e7724b7,221
CT2-T1-H36_S3.1,Leray,63ee796ed6f38a56f859fe3aa309aad32117438e,118
CT2-T1-H36_S3.1,Leray,bbc5268ac699d6344bdbf111a07d8ffe83abc096,77
CT2-T1-H36_S3.1,Leray,9081d6535915d7b39198f4113990394a7854502b,5
CT2-T1-H36_S3.1,Leray,628da32d7d0084faceecf85cfaaddd76b291a763,8
CT2-T1-H36_S3.1,Leray,eb957aedba465cae86ca758944481cb2a93cc3ff,60
CT2-T1-H36_S3.1,Leray,6d93bd45f49fa3b7ef399cec76a591da37dd18d7,47
CT2-T1-H36_S3.1,Leray,8221592f98de78c257ce7504572985ca132c0ae7,46
CT2-T1-H36_S3.1,Leray,a1c2f244b3f2f3385ffb6800fc9248a7a3b637fe,44
CT2-T1-H36_S3.1,Leray,3825dc69109745dde87146e1cd52de6e42743ca7,39
CT2-T1-H36_S3.1,Leray,ce213e276a68f4d89e1af6d87e07e249f66c419c,19
CT2-T1-H36_S3.1,Leray,e40664523684413451f34a563bab3729e8cea43e,28
CT2-T1-H36_S3.1,Leray,718a1226c78f3c2a810fb9b72cd3dfa8926e22a3,20
CT2-T1-H36_S3.1,Leray,6a604912dc9a30ebd5318abe385a39e14b6c755b,4
CT2-T1-H36_S3.1,Leray,1b030090d520143c835377004f3ec1399afff672,13
CT2-T1-H36_S3.1,Leray,7b32b5bd6712b6febbd66c6bb0a1b40702a91222,16
CT2-T4-H39_S2.1,Leray,c240b5f38c73bcdef8ba7aea1f95273b2d40e3e5,965
CT2-T4-H39_S2.1,Leray,0c5fa17f7ecf209f6fd088aa6fd53eb627bafcf0,4968
CT2-T4-H39_S2.1,Leray,f736c21058cc8ce107275dac622fe3b316a557a2,1935
CT2-T4-H39_S2.1,Leray,add60dfdaa81b55c808fc154caf15ac941b0ca2a,1777
CT2-T4-H39_S2.1,Leray,5a833e0a478a012b2b934b19b76eb311d63cf891,1196
CT2-T4-H39_S2.1,Leray,ca6a338620c11bc8b0d3957d29068f6c39c68b5b,400
CT2-T4-H39_S2.1,Leray,b66bf92767420eb5115b7c8aed4dc41a7d17af6d,413
CT2-T4-H39_S2.1,Leray,6865099a80c0043771d0151aa8bda15a713d63e3,390
CT2-T4-H39_S2.1,Leray,b1fb395dbe6b229152fbf62970f20f129ba0ac46,170
CT2-T4-H39_S2.1,Leray,699998b228e39009dc3427070b6bafcf3fb8c664,84
CT2-T4-H39_S2.1,Leray,bfcd14f97747c99372ec23c78dab3909d1561ea0,10
CT2-T4-H39_S2.1,Leray,897231f3a107c83a9c913b634d0b2aea49f97ec7,295
CT2-T4-H39_S2.1,Leray,4469c88e54901b448146de719c182e5e710ff9ed,141
CT2-T4-H39_S2.1,Leray,58d4d96b3102add9c47e7a0c348057ed7cc4e4cf,83
CT2-T4-H39_S2.1,Leray,2439425b99d37e9ac683f3246f96980d412ce40c,59
CT2-T4-H39_S2.1,Leray,060994cd507682e8b605dfb73143940a7519a1ee,27
CT2-T4-H39_S2.1,Leray,59b78d43ad1b10bdc85d94c4b7b7c9ce80b34c0b,22
CT2-T4-H39_S2.1,Leray,336ec8c1679ed2e11aa01173187f551ee8683850,6
CT2-T4-H39_S3.1,Leray,0c5fa17f7ecf209f6fd088aa6fd53eb627bafcf0,2400
CT2-T4-H39_S3.1,Leray,f736c21058cc8ce107275dac622fe3b316a557a2,1029
CT2-T4-H39_S3.1,Leray,add60dfdaa81b55c808fc154caf15ac941b0ca2a,585
CT2-T4-H39_S3.1,Leray,a1bd8c3c579e5c0eae315dfe9ba06d3f4b917007,290
CT2-T4-H39_S3.1,Leray,5a833e0a478a012b2b934b19b76eb311d63cf891,1023
CT2-T4-H39_S3.1,Leray,bf8f3bfe8fb8e23135280e64efe4cc3cc315b30c,276
CT2-T4-H39_S3.1,Leray,ca6a338620c11bc8b0d3957d29068f6c39c68b5b,136
CT2-T4-H39_S3.1,Leray,b66bf92767420eb5115b7c8aed4dc41a7d17af6d,61
CT2-T4-H39_S3.1,Leray,6865099a80c0043771d0151aa8bda15a713d63e3,51
CT2-T4-H39_S3.1,Leray,b1fb395dbe6b229152fbf62970f20f129ba0ac46,232
CT2-T4-H39_S3.1,Leray,bfcd14f97747c99372ec23c78dab3909d1561ea0,171
CT2-T4-H39_S3.1,Leray,ab61dda559547073235959ebcc4a5d548f4c2108,226
CT2-T4-H39_S3.1,Leray,9ec724368f34ff61d5c01a1a74c833d73573ec02,230
CT2-T4-H39_S3.1,Leray,dad3039ef3ddbf3004fd9ce1d11ab36401865c63,164
CT2-T4-H39_S3.1,Leray,c662d23ca95bbb4a08e5ea4180698afd8e836acc,139
CT2-T4-H39_S3.1,Leray,61ae4f3f50853aa75d8c323233872d3f53943be4,206
CT2-T4-H39_S3.1,Leray,41c028ae8892d6d21f18d77630b9bd7964a46d9f,126
CT2-T4-H39_S3.1,Leray,912fb7e0bfd85f58444bbe415ba711675fae704f,102
CT2-T4-H39_S3.1,Leray,0cccaa9c4a9c0d2e44727ea23922450639a795a5,53
CT2-T4-H39_S3.1,Leray,7eb1c2f82d9653f64608154d38944b09e76d55c5,95
CT2-T4-H39_S3.1,Leray,b795654bb5a5d96b8887914b439e1967615dfe3c,78
CT2-T4-H39_S3.1,Leray,ac2e5da2fda8b2ccdcdfc15dd15da8730d3f746a,75
CT2-T4-H39_S3.1,Leray,c512b390c2ed88e9ce6c46852d506f89d2996f02,70
CT2-T4-H39_S3.1,Leray,336326330559e26bba2ca780a0b90188284d995b,59
CT2-T4-H39_S3.1,Leray,920f75722272dca999a3bf9a69c8a4c4f5a30fa1,28
CT2-T4-H39_S3.1,Leray,29e2cbb74a0c27bf98c426eac95fba417478c5ef,22
CT2-T4-H39_S3.1,Leray,c21bbb2d7293c117c4a3cbf531f9b9655f5a5671,27
CT2-T4-H39_S3.1,Leray,6a604912dc9a30ebd5318abe385a39e14b6c755b,15
CT2-T4-H39_S3.1,Leray,6206693b8580d16f8817597db5eb720da006d4a3,5
CT2-T4-H39_S3.1,Leray,a8e6604baa7ca0f8c1fccb858e7de4b1a40b3f98,2
CT2-T8-H43_S1.1,Leray,c240b5f38c73bcdef8ba7aea1f95273b2d40e3e5,27820
CT2-T8-H43_S1.1,Leray,0c5fa17f7ecf209f6fd088aa6fd53eb627bafcf0,51
CT2-T8-H43_S1.1,Leray,4dbdc9b023c5d3ceda488650fbd338ef96f092d7,1551
CT2-T8-H43_S1.1,Leray,7df189e993f359afe2e5bcaebc5218a2a5b5b64e,167
CT2-T8-H43_S1.1,Leray,605d6ce88281b4bbcff711ac8afe595d978194fa,109
CT2-T8-H43_S1.1,Leray,914275e6686877e25cfdb5df6c8a42744c44f9b0,567
CT2-T8-H43_S1.1,Leray,c7b90b28374bb6b5493814ed6ea9bbc95a76178c,33
CT2-T8-H43_S1.1,Leray,07328927fc0c18593bb6c76c71003e458b43b9c2,66
CT2-T8-H43_S1.1,Leray,7e7e3c444e485b1ef8a2ba9be584a5691c6ef8e9,8
CT2-T8-H43_S1.1,Leray,ef58fe9819f05f8ed8d0d5eefa403637f33fb10c,150
CT2-T8-H43_S1.1,Leray,85c2cce0b81b547ebd05f5623ce7881e5a8db540,74
CT2-T8-H43_S1.1,Leray,9b60a416003d9d36c43a15b001175ce94ee0bb41,6
CT2-T8-H43_S1.1,Leray,0d5a2b9078937a5f710bae6768072e3908ce7f58,7
CT2-T8-H43_S1.1,Leray,8ede64fd0c6489f6b0c82fea801448eefb86de32,6
CT2-T8-H43_S1.1,Leray,844d34447b0d87d2f7fe4cc7277caee48d8d0fb2,5
CT2-T8-H43_S1.1,Leray,2f622391b72c9596fde859ba967ce9d555c4e2f4,3
CT2-T8-H43_S2.1,Leray,c240b5f38c73bcdef8ba7aea1f95273b2d40e3e5,26
CT2-T8-H43_S2.1,Leray,0c5fa17f7ecf209f6fd088aa6fd53eb627bafcf0,730
CT2-T8-H43_S2.1,Leray,f736c21058cc8ce107275dac622fe3b316a557a2,267
CT2-T8-H43_S2.1,Leray,add60dfdaa81b55c808fc154caf15ac941b0ca2a,276
CT2-T8-H43_S2.1,Leray,914275e6686877e25cfdb5df6c8a42744c44f9b0,13
CT2-T8-H43_S3.1,Leray,c240b5f38c73bcdef8ba7aea1f95273b2d40e3e5,788
CT2-T8-H43_S3.1,Leray,0c5fa17f7ecf209f6fd088aa6fd53eb627bafcf0,3324
CT2-T8-H43_S3.1,Leray,f736c21058cc8ce107275dac622fe3b316a557a2,1153
CT2-T8-H43_S3.1,Leray,add60dfdaa81b55c808fc154caf15ac941b0ca2a,1343
CT2-T8-H43_S3.1,Leray,5a833e0a478a012b2b934b19b76eb311d63cf891,584
CT2-T8-H43_S3.1,Leray,ca6a338620c11bc8b0d3957d29068f6c39c68b5b,389
CT2-T8-H43_S3.1,Leray,b66bf92767420eb5115b7c8aed4dc41a7d17af6d,48
CT2-T8-H43_S3.1,Leray,914275e6686877e25cfdb5df6c8a42744c44f9b0,2
CT2-T8-H43_S3.1,Leray,2885839f4b72c349770741c1878014867992af4b,368
CT2-T8-H43_S3.1,Leray,b1fb395dbe6b229152fbf62970f20f129ba0ac46,64
CT2-T8-H43_S3.1,Leray,f722d0eed517ca1485412235b83d44c18e6ccf98,161
CT2-T8-H43_S3.1,Leray,6f01a43858c4adeff558f03693318ff97d09a3b6,239
CT2-T8-H43_S3.1,Leray,bfcd14f97747c99372ec23c78dab3909d1561ea0,33
CT2-T8-H43_S3.1,Leray,d1f3cf55d4184aa31655a8e64ef8f59fc1f6549b,282
CT2-T8-H43_S3.1,Leray,4956c27b442b6765e54667373f4ff3352ca0cc1c,197
CT2-T8-H43_S3.1,Leray,564d4138d9d4136025fd1cc4ff79dbea5e9fc159,104
CT2-T8-H43_S3.1,Leray,cd461f97fea3eb247657aaf6ea054a4ff990ac82,4
CT2-T8-H43_S3.1,Leray,1e9ead786a32e13b537d28ac2c8613108b18c4fa,96
CT2-T8-H43_S3.1,Leray,1f2f8eb887f02e58f88f51d0e81ea575b78fafab,75
CT2-T8-H43_S3.1,Leray,aea45f8036d56e6db86a45d2b52aa5748b34233d,30
24C_Pooled-A1-A3.1,Leray,c240b5f38c73bcdef8ba7aea1f95273b2d40e3e5,1435
24C_Pooled-A1-A3.1,Leray,0c5fa17f7ecf209f6fd088aa6fd53eb627bafcf0,213
24C_Pooled-A1-A3.1,Leray,f736c21058cc8ce107275dac622fe3b316a557a2,79
24C_Pooled-A1-A3.1,Leray,7df189e993f359afe2e5bcaebc5218a2a5b5b64e,126
24C_Pooled-A1-A3.1,Leray,605d6ce88281b4bbcff711ac8afe595d978194fa,36
24C_Pooled-A1-A3.1,Leray,c3db1f4fb87f52065f108aea13bad38e2d74d8fa,256
24C_Pooled-A1-A3.1,Leray,914275e6686877e25cfdb5df6c8a42744c44f9b0,14
24C_Pooled-A1-A3.1,Leray,6865099a80c0043771d0151aa8bda15a713d63e3,29
24C_Pooled-A1-A3.1,Leray,cdffdeed24846ab0fa0610d9f5c119df862c22d2,26
24C_Pooled-A1-A3.1,Leray,c7b90b28374bb6b5493814ed6ea9bbc95a76178c,53
24C_Pooled-A1-A3.1,Leray,07328927fc0c18593bb6c76c71003e458b43b9c2,9
24C_Pooled-A1-A3.1,Leray,7e7e3c444e485b1ef8a2ba9be584a5691c6ef8e9,72
24C_Pooled-A1-A3.1,Leray,ef58fe9819f05f8ed8d0d5eefa403637f33fb10c,54
24C_Pooled-A1-A3.1,Leray,3fa61d50fd4949e0d04c0b48f09576ec54f63232,40
24C_Pooled-A1-A3.1,Leray,830bac823005e96d85f6881aa0bd2c2b14a6b0ad,7
24C_Pooled-A1-A3.1,Leray,fe2c97a1043d00c6f439246c609f21f5739178f4,25
24C_Pooled-A1-A3.1,Leray,e07e8d71a4dde5c696c67e8e09be6a3d39492e6e,61
24C_Pooled-A1-A3.1,Leray,d0d312dfcd78e6afa2061d2421c41799852f6d96,12
24C_Pooled-A1-A3.1,Leray,0945340d50d9255d08bd4a504591c139b13af1d0,8
24C_Pooled-A1-A3.1,Leray,6e92b0b1a04ea11823c17cf20f379176fbda5e9a,116
24C_Pooled-A1-A3.1,Leray,277b80fdb5e574c7b80b5a61bb9d14bd71fecb9b,10
24C_Pooled-A1-A3.1,Leray,cd461f97fea3eb247657aaf6ea054a4ff990ac82,12
24C_Pooled-A1-A3.1,Leray,6b18a206f47395d272d7c4f4a91b5e3da70e82f9,8
24C_Pooled-A1-A3.1,Leray,96b0c12782bc61deb3c003cecaa108f2e2b30186,4
24C_Pooled-A1-A3.1,Leray,21a2a63726091b9eb96b3414f450b8b3a94aab85,14
24C_Pooled-A1-A3.1,Leray,c88da0d3f939017fa207fc1b289c8d1a96e918cb,14
24C_Pooled-A1-A3.1,Leray,c95be7b51bb69c78f0e66600e955bb3745784993,13
24C_Pooled-A1-A3.1,Leray,d12bd1b6cb691d94a63f208e220a99a5ff3f554a,4
24C_Pooled-A1-A3.1,Leray,03fba41d417e1684ad60fd40ed312faa7e70c867,3
24C_Pooled-A1-A3.1,Leray,14a45755c7b9e59aed69070e5e4a9783f670c6ef,5
24C_Pooled-A1-A3.1,Leray,3278c3d6e0d5abd1ac4da1bedb06497758ecd457,5
24C_Pooled-A1-A3.1,Leray,6262f4f31a9970241ed1dea1b6bad53b93d55ba1,3
24C_Pooled-A1-A3.1,Leray,e8af42def5956e7a5acb446a1fa6dd01d2fcd749,3
24C_Pooled-A1-A3.1,Leray,9942a4c1c3ff80dc177d5cf51b13c0a17a3364d3,3
24C_Pooled-A1-A3.1,Leray,0bbec8a0660728065cd77bb14a67e28d3fb7b0e3,3
24C_Pooled-A1-A3.1,Leray,f1d341d0e0299ba2b94cc88511957b869bbe268a,2
24C_Pooled-A1-A3.2,Leray,c240b5f38c73bcdef8ba7aea1f95273b2d40e3e5,588
24C_Pooled-A1-A3.2,Leray,0c5fa17f7ecf209f6fd088aa6fd53eb627bafcf0,76
24C_Pooled-A1-A3.2,Leray,f736c21058cc8ce107275dac622fe3b316a557a2,32
24C_Pooled-A1-A3.2,Leray,7df189e993f359afe2e5bcaebc5218a2a5b5b64e,69
24C_Pooled-A1-A3.2,Leray,605d6ce88281b4bbcff711ac8afe595d978194fa,51
24C_Pooled-A1-A3.2,Leray,c3db1f4fb87f52065f108aea13bad38e2d74d8fa,132
24C_Pooled-A1-A3.2,Leray,b66bf92767420eb5115b7c8aed4dc41a7d17af6d,13
24C_Pooled-A1-A3.2,Leray,914275e6686877e25cfdb5df6c8a42744c44f9b0,6
24C_Pooled-A1-A3.2,Leray,7e7e3c444e485b1ef8a2ba9be584a5691c6ef8e9,26
24C_Pooled-A1-A3.2,Leray,3fa61d50fd4949e0d04c0b48f09576ec54f63232,9
24C_Pooled-A1-A3.2,Leray,85c2cce0b81b547ebd05f5623ce7881e5a8db540,15
24C_Pooled-A1-A3.2,Leray,e07e8d71a4dde5c696c67e8e09be6a3d39492e6e,43
24C_Pooled-A1-A3.2,Leray,d0d312dfcd78e6afa2061d2421c41799852f6d96,10
24C_Pooled-A1-A3.2,Leray,277b80fdb5e574c7b80b5a61bb9d14bd71fecb9b,6
24C_Pooled-A1-A3.2,Leray,e9cb7fb3c745331aaf0280a7b090f4d245bc18ad,5
24C_Pooled-A1-A3.2,Leray,3b40106afbb37d7c187b02f596332415ddc60eb2,6
24C_Pooled-A1-A3.2,Leray,18bc8062d256c224000582443890cdb333deb155,9
24C_Pooled-A1-A3.2,Leray,34ac2f188bf73d6c52b9933ba762c46b06845238,2
24C_Pooled-A1-A3.2,Leray,960871814f60f3765923d2aad424a6a5f5f7918e,4
24C_Pooled-A1-A3.3,Leray,c240b5f38c73bcdef8ba7aea1f95273b2d40e3e5,576
24C_Pooled-A1-A3.3,Leray,0c5fa17f7ecf209f6fd088aa6fd53eb627bafcf0,85
24C_Pooled-A1-A3.3,Leray,4dbdc9b023c5d3ceda488650fbd338ef96f092d7,195
24C_Pooled-A1-A3.3,Leray,7df189e993f359afe2e5bcaebc5218a2a5b5b64e,83
24C_Pooled-A1-A3.3,Leray,c3db1f4fb87f52065f108aea13bad38e2d74d8fa,117
24C_Pooled-A1-A3.3,Leray,cdffdeed24846ab0fa0610d9f5c119df862c22d2,6
24C_Pooled-A1-A3.3,Leray,7e7e3c444e485b1ef8a2ba9be584a5691c6ef8e9,20
24C_Pooled-A1-A3.3,Leray,85c2cce0b81b547ebd05f5623ce7881e5a8db540,15
24C_Pooled-A1-A3.3,Leray,8f00bd43b9cef841b113073b7bdea53114cd7384,2
24C_Pooled-A1-A3.3,Leray,3b40106afbb37d7c187b02f596332415ddc60eb2,3
24C_Pooled-A1-A3.3,Leray,96b0c12782bc61deb3c003cecaa108f2e2b30186,3
24C_Pooled-A1-A3.3,Leray,9dd4688e9e281001b84f70b48c1fa18ff9d2286a,10
24C_Pooled-C5-C7.1,Leray,c240b5f38c73bcdef8ba7aea1f95273b2d40e3e5,316
24C_Pooled-C5-C7.1,Leray,0c5fa17f7ecf209f6fd088aa6fd53eb627bafcf0,1444
24C_Pooled-C5-C7.1,Leray,f736c21058cc8ce107275dac622fe3b316a557a2,869
24C_Pooled-C5-C7.1,Leray,add60dfdaa81b55c808fc154caf15ac941b0ca2a,633
24C_Pooled-C5-C7.1,Leray,5a833e0a478a012b2b934b19b76eb311d63cf891,488
24C_Pooled-C5-C7.1,Leray,ca6a338620c11bc8b0d3957d29068f6c39c68b5b,116
24C_Pooled-C5-C7.1,Leray,605d6ce88281b4bbcff711ac8afe595d978194fa,13
24C_Pooled-C5-C7.1,Leray,b66bf92767420eb5115b7c8aed4dc41a7d17af6d,32
24C_Pooled-C5-C7.1,Leray,914275e6686877e25cfdb5df6c8a42744c44f9b0,23
24C_Pooled-C5-C7.1,Leray,6865099a80c0043771d0151aa8bda15a713d63e3,28
24C_Pooled-C5-C7.1,Leray,b1fb395dbe6b229152fbf62970f20f129ba0ac46,63
24C_Pooled-C5-C7.1,Leray,7e7e3c444e485b1ef8a2ba9be584a5691c6ef8e9,2
24C_Pooled-C5-C7.1,Leray,2818e24c6b2b3f32086b1a3185fb0b1f921a18c2,51
24C_Pooled-C5-C7.1,Leray,8a4c77cfe21f3e7e0981111c5fd7be9535d6bc18,55
24C_Pooled-C5-C7.1,Leray,8d4cc2e8c7f20ba7e2a4c6ee4457f0a6a9b98d45,4
24C_Pooled-C5-C7.1,Leray,4255b32d7f8f6f4314f706ddde299840358eb095,6
24C_Pooled-C5-C7.1,Leray,342f9ceb1812866cae3eb5ddcbf3e45605494aac,5
24C_Pooled-C5-C7.1,Leray,e671986740b4664aa58f662698cca0cbd27bc3c6,2
24C_Pooled-C5-C7.1,Leray,7d2b2f7d85079ca6b1fcbdf900171322980b8961,2
24C_Pooled-C5-C7.2,Leray,c240b5f38c73bcdef8ba7aea1f95273b2d40e3e5,131
24C_Pooled-C5-C7.2,Leray,0c5fa17f7ecf209f6fd088aa6fd53eb627bafcf0,819
24C_Pooled-C5-C7.2,Leray,f736c21058cc8ce107275dac622fe3b316a557a2,415
24C_Pooled-C5-C7.2,Leray,add60dfdaa81b55c808fc154caf15ac941b0ca2a,352
24C_Pooled-C5-C7.2,Leray,5a833e0a478a012b2b934b19b76eb311d63cf891,244
24C_Pooled-C5-C7.2,Leray,7df189e993f359afe2e5bcaebc5218a2a5b5b64e,7
24C_Pooled-C5-C7.2,Leray,b66bf92767420eb5115b7c8aed4dc41a7d17af6d,22
24C_Pooled-C5-C7.2,Leray,914275e6686877e25cfdb5df6c8a42744c44f9b0,8
24C_Pooled-C5-C7.2,Leray,29e2cbb74a0c27bf98c426eac95fba417478c5ef,3
24C_AllPool.1,Leray,c240b5f38c73bcdef8ba7aea1f95273b2d40e3e5,303
24C_AllPool.1,Leray,0c5fa17f7ecf209f6fd088aa6fd53eb627bafcf0,527
24C_AllPool.1,Leray,f736c21058cc8ce107275dac622fe3b316a557a2,366
24C_AllPool.1,Leray,add60dfdaa81b55c808fc154caf15ac941b0ca2a,252
24C_AllPool.1,Leray,4dbdc9b023c5d3ceda488650fbd338ef96f092d7,81
24C_AllPool.1,Leray,5a833e0a478a012b2b934b19b76eb311d63cf891,162
24C_AllPool.1,Leray,0c51f2f29827df7af1f0210d4764602e7050b193,3
24C_AllPool.1,Leray,7df189e993f359afe2e5bcaebc5218a2a5b5b64e,71
24C_AllPool.1,Leray,2a82828552f7ea7485386cf7416f12e08422a976,11
24C_AllPool.1,Leray,c3db1f4fb87f52065f108aea13bad38e2d74d8fa,39
24C_AllPool.1,Leray,b66bf92767420eb5115b7c8aed4dc41a7d17af6d,26
24C_AllPool.1,Leray,914275e6686877e25cfdb5df6c8a42744c44f9b0,16
24C_AllPool.1,Leray,cdffdeed24846ab0fa0610d9f5c119df862c22d2,6
24C_AllPool.1,Leray,7e7e3c444e485b1ef8a2ba9be584a5691c6ef8e9,24
24C_AllPool.1,Leray,fe2c97a1043d00c6f439246c609f21f5739178f4,7
24C_AllPool.1,Leray,d533075b7929cfb022b0131f4c9c0374c1c3d8c6,63
24C_AllPool.1,Leray,f2de4b4c8738d490ead883366453538121354285,10
24C_AllPool.1,Leray,8f00bd43b9cef841b113073b7bdea53114cd7384,4
24C_AllPool.1,Leray,3b40106afbb37d7c187b02f596332415ddc60eb2,3
24C_AllPool.1,Leray,628da32d7d0084faceecf85cfaaddd76b291a763,2
24C_AllPool.1,Leray,67699186f2500d9fed3b98c89a41824904dec096,4
24C_AllPool.1,Leray,37fb916c771edbe28f8d2c2583226b7d65e74116,4
24C_AllPool.1,Leray,acf75ffb18c5fccd11f08b4b994b63465b7e1166,7
24C_AllPool.1,Leray,c9843477ca4e03d63506980db408cd25c06effbe,4
24C_AllPool.1,Leray,41663c8801af65c04d1b7aa375e6e151e1743a7a,11
24C_AllPool.1,Leray,fecf2368f5e2358698854fe5fce9af4275a22846,3
24C_AllPool.2,Leray,c240b5f38c73bcdef8ba7aea1f95273b2d40e3e5,207
24C_AllPool.2,Leray,0c5fa17f7ecf209f6fd088aa6fd53eb627bafcf0,306
24C_AllPool.2,Leray,f736c21058cc8ce107275dac622fe3b316a557a2,165
24C_AllPool.2,Leray,add60dfdaa81b55c808fc154caf15ac941b0ca2a,138
24C_AllPool.2,Leray,5a833e0a478a012b2b934b19b76eb311d63cf891,94
24C_AllPool.2,Leray,7df189e993f359afe2e5bcaebc5218a2a5b5b64e,41
24C_AllPool.2,Leray,c3db1f4fb87f52065f108aea13bad38e2d74d8fa,26
24C_AllPool.2,Leray,b66bf92767420eb5115b7c8aed4dc41a7d17af6d,14
24C_AllPool.2,Leray,914275e6686877e25cfdb5df6c8a42744c44f9b0,13
24C_AllPool.2,Leray,85c2cce0b81b547ebd05f5623ce7881e5a8db540,9
24C_AllPool.2,Leray,fe2c97a1043d00c6f439246c609f21f5739178f4,3
24C_AllPool.2,Leray,8d4cc2e8c7f20ba7e2a4c6ee4457f0a6a9b98d45,6
24C_AllPool.2,Leray,4ea95cdc8ffc40e986f53c3e751e44c47a77c277,50
24C_AllPool.2,Leray,c9843477ca4e03d63506980db408cd25c06effbe,3
24C_AllPool.2,Leray,f6b2af9544136eee0597de9211d03b5bdcea2128,5
24C_AllPool.2,Leray,0c5f717df26c953546e7fc409f2a71721edbf855,4
24C_AllPool.2,Leray,c5290477770c4025ce89e79bfd3484b48b45429e,3
24C_AllPool.2,Leray,df0eb94af8b9173059854ddb4b0e94bbe8a204aa,2
24C_AllPool.3,Leray,c240b5f38c73bcdef8ba7aea1f95273b2d40e3e5,176
24C_AllPool.3,Leray,0c5fa17f7ecf209f6fd088aa6fd53eb627bafcf0,305
24C_AllPool.3,Leray,f736c21058cc8ce107275dac622fe3b316a557a2,152
24C_AllPool.3,Leray,add60dfdaa81b55c808fc154caf15ac941b0ca2a,133
24C_AllPool.3,Leray,5a833e0a478a012b2b934b19b76eb311d63cf891,76
24C_AllPool.3,Leray,7df189e993f359afe2e5bcaebc5218a2a5b5b64e,37
24C_AllPool.3,Leray,c3db1f4fb87f52065f108aea13bad38e2d74d8fa,19
24C_AllPool.3,Leray,7e7e3c444e485b1ef8a2ba9be584a5691c6ef8e9,6
24C_AllPool.3,Leray,3fa61d50fd4949e0d04c0b48f09576ec54f63232,6
24C_AllPool.3,Leray,c1ddf52da98a635b5c88dc3a5ed364f74eefffd9,2
28C_Pooled-A1-A3.1,Leray,c240b5f38c73bcdef8ba7aea1f95273b2d40e3e5,1421
28C_Pooled-A1-A3.1,Leray,0c5fa17f7ecf209f6fd088aa6fd53eb627bafcf0,173
28C_Pooled-A1-A3.1,Leray,f736c21058cc8ce107275dac622fe3b316a557a2,54
28C_Pooled-A1-A3.1,Leray,4dbdc9b023c5d3ceda488650fbd338ef96f092d7,593
28C_Pooled-A1-A3.1,Leray,7df189e993f359afe2e5bcaebc5218a2a5b5b64e,115
28C_Pooled-A1-A3.1,Leray,bf8f3bfe8fb8e23135280e64efe4cc3cc315b30c,48
28C_Pooled-A1-A3.1,Leray,c3db1f4fb87f52065f108aea13bad38e2d74d8fa,173
28C_Pooled-A1-A3.1,Leray,b66bf92767420eb5115b7c8aed4dc41a7d17af6d,9
28C_Pooled-A1-A3.1,Leray,914275e6686877e25cfdb5df6c8a42744c44f9b0,7
28C_Pooled-A1-A3.1,Leray,7e7e3c444e485b1ef8a2ba9be584a5691c6ef8e9,39
28C_Pooled-A1-A3.1,Leray,ef58fe9819f05f8ed8d0d5eefa403637f33fb10c,24
28C_Pooled-A1-A3.1,Leray,f2de4b4c8738d490ead883366453538121354285,11
28C_Pooled-A1-A3.1,Leray,4f2327009bca5c3fe9bcbada8ff3b335b8af6295,3
28C_Pooled-A1-A3.1,Leray,6980869da7ebff3791fe8f3b9b90dbc0dbcb3a11,2
28C_Pooled-A1-A3.2,Leray,c240b5f38c73bcdef8ba7aea1f95273b2d40e3e5,1548
28C_Pooled-A1-A3.2,Leray,0c5fa17f7ecf209f6fd088aa6fd53eb627bafcf0,218
28C_Pooled-A1-A3.2,Leray,f736c21058cc8ce107275dac622fe3b316a557a2,60
28C_Pooled-A1-A3.2,Leray,4dbdc9b023c5d3ceda488650fbd338ef96f092d7,807
28C_Pooled-A1-A3.2,Leray,7df189e993f359afe2e5bcaebc5218a2a5b5b64e,109
28C_Pooled-A1-A3.2,Leray,c3db1f4fb87f52065f108aea13bad38e2d74d8fa,116
28C_Pooled-A1-A3.2,Leray,7e7e3c444e485b1ef8a2ba9be584a5691c6ef8e9,30
28C_Pooled-A1-A3.2,Leray,85c2cce0b81b547ebd05f5623ce7881e5a8db540,30
28C_Pooled-A1-A3.2,Leray,f2de4b4c8738d490ead883366453538121354285,19
28C_Pooled-B3-B5.1,Leray,0c5fa17f7ecf209f6fd088aa6fd53eb627bafcf0,20
28C_Pooled-B3-B5.1,Leray,a1bd8c3c579e5c0eae315dfe9ba06d3f4b917007,171
28C_Pooled-B3-B5.1,Leray,7df189e993f359afe2e5bcaebc5218a2a5b5b64e,209
28C_Pooled-B3-B5.1,Leray,68714bd4d91f5d800bb81a5f47e9e6f02384257b,142
28C_Pooled-B3-B5.1,Leray,605d6ce88281b4bbcff711ac8afe595d978194fa,91
28C_Pooled-B3-B5.1,Leray,b66bf92767420eb5115b7c8aed4dc41a7d17af6d,13
28C_Pooled-B3-B5.1,Leray,b3360fd8035b2d769c49a3cdf25a52187188bf6e,10
28C_Pooled-B3-B5.1,Leray,a15fa1e1831ffac3265b6f2979da3a880f156124,10
28C_Pooled-B3-B5.1,Leray,699998b228e39009dc3427070b6bafcf3fb8c664,60
28C_Pooled-B3-B5.1,Leray,3ae55dca90a0d562c35a82e1780ac82a6ee34634,61
28C_Pooled-B3-B5.1,Leray,830bac823005e96d85f6881aa0bd2c2b14a6b0ad,92
28C_Pooled-B3-B5.1,Leray,c3fb89f8d0b6dbcec55b04cdfda7f019695eec6c,12
28C_Pooled-B3-B5.1,Leray,a2389437ecf6eb00e1f0c6cad63e34aff19fac16,18
28C_Pooled-B3-B5.1,Leray,bdfbf6878047ec2cdd1167f51bb883786178dd24,21
28C_Pooled-B3-B5.1,Leray,59dfe0d898eefb85366828dc00ee33e0ca9f4298,14
28C_Pooled-B3-B5.1,Leray,3278d910f88cd11957abbfb8a7d407b64d2c322b,7
28C_Pooled-B3-B5.1,Leray,dfc2f44f806419c331496d2e0140de30d35a84fb,6
28C_Pooled-B3-B5.1,Leray,ab1449a1e2e3e3a530e838f682b8b3f860f03b11,5
28C_Pooled-B3-B5.1,Leray,0df6647b8bcf8d29d6bb1c9420aaea6a09acbb34,3
28C_Pooled-B3-B5.3,Leray,c240b5f38c73bcdef8ba7aea1f95273b2d40e3e5,20
28C_Pooled-B3-B5.3,Leray,add60dfdaa81b55c808fc154caf15ac941b0ca2a,16
28C_Pooled-B3-B5.3,Leray,7df189e993f359afe2e5bcaebc5218a2a5b5b64e,126
28C_Pooled-B3-B5.3,Leray,68714bd4d91f5d800bb81a5f47e9e6f02384257b,136
28C_Pooled-B3-B5.3,Leray,605d6ce88281b4bbcff711ac8afe595d978194fa,36
28C_Pooled-B3-B5.3,Leray,c3db1f4fb87f52065f108aea13bad38e2d74d8fa,12
28C_Pooled-B3-B5.3,Leray,914275e6686877e25cfdb5df6c8a42744c44f9b0,10
28C_Pooled-B3-B5.3,Leray,b3360fd8035b2d769c49a3cdf25a52187188bf6e,15
28C_Pooled-B3-B5.3,Leray,1fb857205357fb77b9acef3e5e958356abc2cc4f,12
28C_Pooled-B3-B5.3,Leray,c7b90b28374bb6b5493814ed6ea9bbc95a76178c,48
28C_Pooled-B3-B5.3,Leray,07328927fc0c18593bb6c76c71003e458b43b9c2,16
28C_Pooled-B3-B5.3,Leray,a15fa1e1831ffac3265b6f2979da3a880f156124,20
28C_Pooled-B3-B5.3,Leray,1a9368e90aea8e50df4cb2c9d540bcda3d0d5eed,63
28C_Pooled-B3-B5.3,Leray,4f1941d0bfc10715082b44cecf5b24c35382c975,11
28C_Pooled-B3-B5.3,Leray,3ae55dca90a0d562c35a82e1780ac82a6ee34634,49
28C_Pooled-B3-B5.3,Leray,c3fb89f8d0b6dbcec55b04cdfda7f019695eec6c,16
28C_Pooled-B3-B5.3,Leray,f2de4b4c8738d490ead883366453538121354285,12
28C_Pooled-B3-B5.3,Leray,33839e927895fe65dd93c481f467024b5ba0e3bf,13
28C_Pooled-B3-B5.3,Leray,c954f7e93c3728218a8ecbd26075d61d60905dff,7
28C_Pooled-B3-B5.3,Leray,bc5b87bc503ce611584cdae87c40996e53f6ed74,5
28C_Pooled-B3-B5.3,Leray,9b221c0e8a8dd2ee82214bbc00bd37bbb2df307d,118
28C_Pooled-B3-B5.3,Leray,6234ddd87d06007aa56aa67a5a4a719eb9e0c4d6,17
28C_Pooled-B3-B5.3,Leray,8d4cc2e8c7f20ba7e2a4c6ee4457f0a6a9b98d45,7
28C_Pooled-B3-B5.3,Leray,bdfbf6878047ec2cdd1167f51bb883786178dd24,21
28C_Pooled-B3-B5.3,Leray,f689ab670d97b7d2ed947965d8ff111c4b7a6596,30
28C_Pooled-B3-B5.3,Leray,6fa4e04ff1d7c7a15a9c76a376661ef7671ba7dc,14
28C_Pooled-B3-B5.3,Leray,7bb2781d8ee79e05c5e14170c09469df9eb87366,13
28C_Pooled-B3-B5.3,Leray,b7111e62e59ccc5c51a6f7d620a92566ff15e1a4,5
28C_Pooled-B3-B5.3,Leray,7e43bd1c8d61af771fcc874d033d8b255493adb9,2
28C_Pooled-C5-C7.1,Leray,c240b5f38c73bcdef8ba7aea1f95273b2d40e3e5,639
28C_Pooled-C5-C7.1,Leray,0c5fa17f7ecf209f6fd088aa6fd53eb627bafcf0,3789
28C_Pooled-C5-C7.1,Leray,f736c21058cc8ce107275dac622fe3b316a557a2,1728
28C_Pooled-C5-C7.1,Leray,add60dfdaa81b55c808fc154caf15ac941b0ca2a,1515
28C_Pooled-C5-C7.1,Leray,5a833e0a478a012b2b934b19b76eb311d63cf891,976
28C_Pooled-C5-C7.1,Leray,0c51f2f29827df7af1f0210d4764602e7050b193,7
28C_Pooled-C5-C7.1,Leray,ca6a338620c11bc8b0d3957d29068f6c39c68b5b,435
28C_Pooled-C5-C7.1,Leray,b66bf92767420eb5115b7c8aed4dc41a7d17af6d,54
28C_Pooled-C5-C7.1,Leray,914275e6686877e25cfdb5df6c8a42744c44f9b0,38
28C_Pooled-C5-C7.1,Leray,b1fb395dbe6b229152fbf62970f20f129ba0ac46,96
28C_Pooled-C5-C7.1,Leray,6f01a43858c4adeff558f03693318ff97d09a3b6,110
28C_Pooled-C5-C7.1,Leray,625707553b70864cca54ad03fc3a16472dc922ac,245
28C_Pooled-C5-C7.1,Leray,ef58fe9819f05f8ed8d0d5eefa403637f33fb10c,5
28C_Pooled-C5-C7.1,Leray,2818e24c6b2b3f32086b1a3185fb0b1f921a18c2,162
28C_Pooled-C5-C7.1,Leray,e9cb7fb3c745331aaf0280a7b090f4d245bc18ad,2
28C_Pooled-C5-C7.1,Leray,2abd2d16424d1f97b98d6947b213d0bd4a0a315d,23
28C_Pooled-C5-C7.1,Leray,67699186f2500d9fed3b98c89a41824904dec096,7
28C_Pooled-C5-C7.1,Leray,1b030090d520143c835377004f3ec1399afff672,4
28C_Pooled-C5-C7.2,Leray,c240b5f38c73bcdef8ba7aea1f95273b2d40e3e5,912
28C_Pooled-C5-C7.2,Leray,0c5fa17f7ecf209f6fd088aa6fd53eb627bafcf0,4556
28C_Pooled-C5-C7.2,Leray,f736c21058cc8ce107275dac622fe3b316a557a2,2175
28C_Pooled-C5-C7.2,Leray,add60dfdaa81b55c808fc154caf15ac941b0ca2a,1812
28C_Pooled-C5-C7.2,Leray,5a833e0a478a012b2b934b19b76eb311d63cf891,1162
28C_Pooled-C5-C7.2,Leray,dc6fd56e3a5e624e5fb8c5352fc980230a43baa7,145
28C_Pooled-C5-C7.2,Leray,ca6a338620c11bc8b0d3957d29068f6c39c68b5b,487
28C_Pooled-C5-C7.2,Leray,605d6ce88281b4bbcff711ac8afe595d978194fa,13
28C_Pooled-C5-C7.2,Leray,b66bf92767420eb5115b7c8aed4dc41a7d17af6d,54
28C_Pooled-C5-C7.2,Leray,914275e6686877e25cfdb5df6c8a42744c44f9b0,43
28C_Pooled-C5-C7.2,Leray,b3360fd8035b2d769c49a3cdf25a52187188bf6e,5
28C_Pooled-C5-C7.2,Leray,2885839f4b72c349770741c1878014867992af4b,55
28C_Pooled-C5-C7.2,Leray,6865099a80c0043771d0151aa8bda15a713d63e3,41
28C_Pooled-C5-C7.2,Leray,cdffdeed24846ab0fa0610d9f5c119df862c22d2,7
28C_Pooled-C5-C7.2,Leray,b1fb395dbe6b229152fbf62970f20f129ba0ac46,112
28C_Pooled-C5-C7.2,Leray,6f01a43858c4adeff558f03693318ff97d09a3b6,140
28C_Pooled-C5-C7.2,Leray,2818e24c6b2b3f32086b1a3185fb0b1f921a18c2,139
28C_Pooled-C5-C7.2,Leray,8a4c77cfe21f3e7e0981111c5fd7be9535d6bc18,38
28C_Pooled-C5-C7.2,Leray,85c2cce0b81b547ebd05f5623ce7881e5a8db540,10
28C_Pooled-C5-C7.2,Leray,bc5b87bc503ce611584cdae87c40996e53f6ed74,2
28C_Pooled-C5-C7.2,Leray,2abd2d16424d1f97b98d6947b213d0bd4a0a315d,34
28C_Pooled-C5-C7.2,Leray,8d4cc2e8c7f20ba7e2a4c6ee4457f0a6a9b98d45,6
28C_Pooled-C5-C7.2,Leray,1893923acab4675b218cf79879e1f49ccdbef020,7
28C_Pooled-C5-C7.2,Leray,c7971eea12434e00b9f1d92ffc0d4e2bf552702c,9
28C_Pooled-C5-C7.2,Leray,cf461fc17cecf5efe5dc1cece3a325b28685a69b,4
28C_Pooled-C5-C7.2,Leray,66d3c0405f1309a34e9f8e1f9bdc37fd5057e713,3
28C_Pooled-C5-C7.2,Leray,e7dbdbfe3396318627c7e99a343097f2820d5f33,2
28C_Pooled-C5-C7.3,Leray,c240b5f38c73bcdef8ba7aea1f95273b2d40e3e5,445
28C_Pooled-C5-C7.3,Leray,0c5fa17f7ecf209f6fd088aa6fd53eb627bafcf0,3363
28C_Pooled-C5-C7.3,Leray,f736c21058cc8ce107275dac622fe3b316a557a2,1278
28C_Pooled-C5-C7.3,Leray,add60dfdaa81b55c808fc154caf15ac941b0ca2a,1162
28C_Pooled-C5-C7.3,Leray,5a833e0a478a012b2b934b19b76eb311d63cf891,787
28C_Pooled-C5-C7.3,Leray,7df189e993f359afe2e5bcaebc5218a2a5b5b64e,10
28C_Pooled-C5-C7.3,Leray,ca6a338620c11bc8b0d3957d29068f6c39c68b5b,303
28C_Pooled-C5-C7.3,Leray,b66bf92767420eb5115b7c8aed4dc41a7d17af6d,53
28C_Pooled-C5-C7.3,Leray,914275e6686877e25cfdb5df6c8a42744c44f9b0,22
28C_Pooled-C5-C7.3,Leray,cdffdeed24846ab0fa0610d9f5c119df862c22d2,2
28C_Pooled-C5-C7.3,Leray,b1fb395dbe6b229152fbf62970f20f129ba0ac46,92
28C_Pooled-C5-C7.3,Leray,f722d0eed517ca1485412235b83d44c18e6ccf98,145
28C_Pooled-C5-C7.3,Leray,6f01a43858c4adeff558f03693318ff97d09a3b6,99
28C_Pooled-C5-C7.3,Leray,ef58fe9819f05f8ed8d0d5eefa403637f33fb10c,6
28C_Pooled-C5-C7.3,Leray,1893923acab4675b218cf79879e1f49ccdbef020,6
28C_Pooled-C5-C7.3,Leray,c9843477ca4e03d63506980db408cd25c06effbe,4
28C_Pooled-C5-C7.3,Leray,f9c788bd373d5f082c8c6a3ddcf976342afb7378,5
28C_Pooled-C5-C7.3,Leray,f391658fa182219d99d5ec60716228a0110db4cf,2
28C_AllPool.1,Leray,c240b5f38c73bcdef8ba7aea1f95273b2d40e3e5,1022
28C_AllPool.1,Leray,0c5fa17f7ecf209f6fd088aa6fd53eb627bafcf0,1549
28C_AllPool.1,Leray,f736c21058cc8ce107275dac622fe3b316a557a2,741
28C_AllPool.1,Leray,add60dfdaa81b55c808fc154caf15ac941b0ca2a,604
28C_AllPool.1,Leray,5a833e0a478a012b2b934b19b76eb311d63cf891,472
28C_AllPool.1,Leray,7df189e993f359afe2e5bcaebc5218a2a5b5b64e,107
28C_AllPool.1,Leray,68714bd4d91f5d800bb81a5f47e9e6f02384257b,7
28C_AllPool.1,Leray,ca6a338620c11bc8b0d3957d29068f6c39c68b5b,160
28C_AllPool.1,Leray,c3db1f4fb87f52065f108aea13bad38e2d74d8fa,45
28C_AllPool.1,Leray,b66bf92767420eb5115b7c8aed4dc41a7d17af6d,19
28C_AllPool.1,Leray,914275e6686877e25cfdb5df6c8a42744c44f9b0,17
28C_AllPool.1,Leray,b1fb395dbe6b229152fbf62970f20f129ba0ac46,43
28C_AllPool.1,Leray,7e7e3c444e485b1ef8a2ba9be584a5691c6ef8e9,16
28C_AllPool.1,Leray,85c2cce0b81b547ebd05f5623ce7881e5a8db540,20
28C_AllPool.1,Leray,f2de4b4c8738d490ead883366453538121354285,11
28C_AllPool.1,Leray,b809a997632c2640cdbe7940f619b45fa30adc45,200
28C_AllPool.1,Leray,ec6f94867cca481a5fe457d93b49b092720688b8,5
28C_AllPool.2,Leray,c240b5f38c73bcdef8ba7aea1f95273b2d40e3e5,1114
28C_AllPool.2,Leray,0c5fa17f7ecf209f6fd088aa6fd53eb627bafcf0,1727
28C_AllPool.2,Leray,f736c21058cc8ce107275dac622fe3b316a557a2,831
28C_AllPool.2,Leray,add60dfdaa81b55c808fc154caf15ac941b0ca2a,665
28C_AllPool.2,Leray,4dbdc9b023c5d3ceda488650fbd338ef96f092d7,224
28C_AllPool.2,Leray,5a833e0a478a012b2b934b19b76eb311d63cf891,423
28C_AllPool.2,Leray,0c51f2f29827df7af1f0210d4764602e7050b193,3
28C_AllPool.2,Leray,7df189e993f359afe2e5bcaebc5218a2a5b5b64e,94
28C_AllPool.2,Leray,ca6a338620c11bc8b0d3957d29068f6c39c68b5b,156
28C_AllPool.2,Leray,c3db1f4fb87f52065f108aea13bad38e2d74d8fa,63
28C_AllPool.2,Leray,b66bf92767420eb5115b7c8aed4dc41a7d17af6d,24
28C_AllPool.2,Leray,914275e6686877e25cfdb5df6c8a42744c44f9b0,17
28C_AllPool.2,Leray,cdffdeed24846ab0fa0610d9f5c119df862c22d2,7
28C_AllPool.2,Leray,b1fb395dbe6b229152fbf62970f20f129ba0ac46,66
28C_AllPool.2,Leray,7e7e3c444e485b1ef8a2ba9be584a5691c6ef8e9,19
28C_AllPool.2,Leray,2818e24c6b2b3f32086b1a3185fb0b1f921a18c2,71
28C_AllPool.2,Leray,85c2cce0b81b547ebd05f5623ce7881e5a8db540,19
28C_AllPool.2,Leray,fe2c97a1043d00c6f439246c609f21f5739178f4,5
28C_AllPool.2,Leray,0945340d50d9255d08bd4a504591c139b13af1d0,4
28C_AllPool.2,Leray,2abd2d16424d1f97b98d6947b213d0bd4a0a315d,29
28C_AllPool.2,Leray,67699186f2500d9fed3b98c89a41824904dec096,3
28C_AllPool.2,Leray,a6dc20b34cfeb64c885b4378c31901f67a20cc9b,4
28C_AllPool.2,Leray,3ba5b014ec609e6dba20f0270a7b1bb1ad39aa9f,2
28C_AllPool.3,Leray,c240b5f38c73bcdef8ba7aea1f95273b2d40e3e5,2898
28C_AllPool.3,Leray,0c5fa17f7ecf209f6fd088aa6fd53eb627bafcf0,3228
28C_AllPool.3,Leray,f736c21058cc8ce107275dac622fe3b316a557a2,1412
28C_AllPool.3,Leray,add60dfdaa81b55c808fc154caf15ac941b0ca2a,1228
28C_AllPool.3,Leray,4dbdc9b023c5d3ceda488650fbd338ef96f092d7,592
28C_AllPool.3,Leray,5a833e0a478a012b2b934b19b76eb311d63cf891,707
28C_AllPool.3,Leray,7df189e993f359afe2e5bcaebc5218a2a5b5b64e,194
28C_AllPool.3,Leray,ca6a338620c11bc8b0d3957d29068f6c39c68b5b,338
28C_AllPool.3,Leray,605d6ce88281b4bbcff711ac8afe595d978194fa,62
28C_AllPool.3,Leray,c3db1f4fb87f52065f108aea13bad38e2d74d8fa,211
28C_AllPool.3,Leray,b66bf92767420eb5115b7c8aed4dc41a7d17af6d,64
28C_AllPool.3,Leray,914275e6686877e25cfdb5df6c8a42744c44f9b0,73
28C_AllPool.3,Leray,2885839f4b72c349770741c1878014867992af4b,268
28C_AllPool.3,Leray,6865099a80c0043771d0151aa8bda15a713d63e3,63
28C_AllPool.3,Leray,cdffdeed24846ab0fa0610d9f5c119df862c22d2,21
28C_AllPool.3,Leray,c7b90b28374bb6b5493814ed6ea9bbc95a76178c,58
28C_AllPool.3,Leray,b1fb395dbe6b229152fbf62970f20f129ba0ac46,74
28C_AllPool.3,Leray,07328927fc0c18593bb6c76c71003e458b43b9c2,35
28C_AllPool.3,Leray,7e7e3c444e485b1ef8a2ba9be584a5691c6ef8e9,59
28C_AllPool.3,Leray,625707553b70864cca54ad03fc3a16472dc922ac,316
28C_AllPool.3,Leray,ef58fe9819f05f8ed8d0d5eefa403637f33fb10c,24
28C_AllPool.3,Leray,830bac823005e96d85f6881aa0bd2c2b14a6b0ad,13
28C_AllPool.3,Leray,fe2c97a1043d00c6f439246c609f21f5739178f4,9
28C_AllPool.3,Leray,f2de4b4c8738d490ead883366453538121354285,12
28C_AllPool.3,Leray,df61301d23182c34b2016bdc11cee3833edd90b9,3
28C_AllPool.3,Leray,67699186f2500d9fed3b98c89a41824904dec096,14
28C_AllPool.3,Leray,8744dd2858c0eda66f6daf9c90a1b92a6ab6c820,4
28C_AllPool.3,Leray,acf75ffb18c5fccd11f08b4b994b63465b7e1166,6
28C_AllPool.3,Leray,dc3f29a32f63affaa991e70a290c7a0293829438,2
28C_AllPool.3,Leray,c9843477ca4e03d63506980db408cd25c06effbe,5
28C_AllPool.3,Leray,f8ea8faec83c1c92daba7db1529691b76a63cf92,13
28C_AllPool.3,Leray,3295752a0e23c38ca91766afff6878c18041e839,13
28C_AllPool.3,Leray,57005a777156822813323fb1ad812d5fee0c64f4,8
