"","Hash","C1.T7.H9_S3","C1.T8.H10_S3","C2.T8.H18_S3","C2.T9.H19_S3","C3.T7.H26_S3","CT1.T1.H28_S3","CT1.T2.H29_S3","CT1.T3.H30_S3","CT1.T4.H31_S3","CT1.T5.H32_S3","CT1.T6.H33_S3","CT1.T7.H34_S3","CT1.T8.H35_S3","CT2.T1.H36_S3","CT2.T4.H39_S3","CT2.T8.H43_S3"
"1","0024d4c453065d2e9af807d31529fa9c00bf129a",0,0,0,0,1000,0,0,0,0,0,0,0,0,0,0,0
"2","0171cc759ee283cc9c17ac4964b6e648bd6aef3b",0,0,0,0,0,0,0,0,0,0,0,0,0,0,0,0
"3","01b97529fd4da6746938629b3f594b1850799273",0,0,0,0,0,0,0,0,0,0,0,0,0,0,0,0
"4","01c55b9f67a6170855c287949c92743d80757e48",0,0,0,0,0,0,0,0,0,24,0,0,0,0,0,0
"5","01cfa38140aa27513302c83969784a3f310533bf",0,0,0,0,0,0,0,0,0,0,0,0,0,0,0,0
"6","023b006896972415f71fb818cada163f1694851d",0,0,0,30,0,0,0,0,0,0,0,0,0,0,0,0
"7","0260bfbe825d95aca7b54a0909f97b59dc580e78",0,0,0,0,0,0,0,0,0,0,0,0,0,28,0,0
"8","02a07907732e29c1a97ed0eeda0a2d5a538f3a41",0,0,0,22,0,0,0,0,0,0,3,33,0,0,0,0
"9","02c90074622fc4d9d4041cf51de9f4ec3476d802",0,0,0,204,0,0,0,0,0,0,0,0,0,0,0,0
"10","031ac4e0dd2ecc8f1dcecff888fa78cd7daee6cf",97,0,0,1004,0,0,0,0,0,0,56,349,0,0,0,0
"11","03599a41dc58fa0b03c2cf20501578ca7fe0c5df",0,0,0,0,0,0,0,0,0,0,0,0,0,2,0,0
"12","039b01a21f2e8e25aa65334cf9c39232ca0a6cef",0,0,0,0,0,0,3,0,0,0,0,0,0,0,0,0
"13","03d248ca09897238d6786ac114dc38af6a40fe79",0,0,0,0,0,0,0,0,0,0,0,0,0,12,0,0
"14","03ecec8441f3bf1abb7e5604eebade5c7e7724b7",0,0,0,0,0,0,0,0,0,0,0,0,0,782,0,0
"15","03fba41d417e1684ad60fd40ed312faa7e70c867",0,0,0,0,0,0,0,0,0,2,0,0,0,3,0,0
"16","044bf9f76c6c7687251d1d5b72feb4028789aa66",0,0,0,0,0,0,0,0,0,0,0,0,0,0,0,0
"17","0540babc65432e8fdd05b298eb3d48f59be6bfad",0,0,0,0,0,0,0,0,0,0,0,0,0,0,0,0
"18","066d6c0a1c3acc0089bec056b599c273a8c9fc80",0,0,0,0,0,0,0,0,0,0,0,0,0,9,0,0
"19","068a040b5fd0c6779cceebb744bd1ed1ae094f50",0,0,0,0,0,0,0,0,0,0,0,0,0,51,0,0
"20","073f1a97c014aa752e2ca771dc99a2f86a0e1d45",0,0,0,0,0,0,239,0,0,0,0,0,0,0,0,0
"21","07400dec706e2853c78fd49fd403d3bd3df30ff8",0,0,0,0,0,0,0,0,0,84,0,0,0,0,0,0
"22","07c8ab36d42e20fe4e9b6152334e243678cc2733",0,0,0,0,0,0,0,0,21,0,0,0,0,0,0,0
"23","0820a7f507d89fdcba7a016992fe29a4255663da",0,0,0,0,0,0,0,0,0,0,0,0,0,0,0,0
"24","08bb9a0575dffbd6fa050ea5b527132ab874ab22",0,0,0,0,0,0,0,0,2,0,0,0,0,0,0,0
"25","09dd172b3307dd83f12bd082cbbc5b51f5dc8dc3",0,4169,0,0,0,0,0,0,0,0,0,0,0,0,0,0
"26","0a19cb3e89d835f71f2511817816e72a13f12504",0,0,0,0,0,90,0,0,0,0,0,0,0,0,0,0
"27","0a27afa1c3082a62c3944a96876be9987f6a820c",0,0,0,0,0,0,0,0,0,0,0,0,0,0,0,0
"28","0a465aad8e6b056eccae8d7713ace318252849cc",0,0,0,0,4,0,0,0,0,0,0,0,0,0,0,0
"29","0a77474508506a951ae042ab14564ebe7a8997c6",0,0,0,0,0,0,0,0,0,0,0,0,0,0,0,27
"30","0afb110596a5113207faaeb53be1e1096a7b6f20",0,0,0,0,0,0,0,0,0,9,0,0,0,0,0,0
"31","0b39665fa84a696115dd5f97bce42bf772721979",0,0,0,0,0,0,0,0,0,9,0,0,0,0,0,0
"32","0b9add1f44edbc519928bd486242d6cc3d48e65f",0,0,0,0,0,0,0,0,0,832,0,0,0,0,0,0
"33","0b9ef19405cce9556177f10defc85b6c5f078364",0,0,0,0,0,0,0,0,0,0,0,0,0,36,0,0
"34","0c48620c953a8c482951346384b1b1c659247a7e",57,0,0,0,0,0,0,0,0,0,0,0,0,0,0,0
"35","0c504186478970db981e4601648ad5ff105aaa9b",0,0,0,0,0,0,0,0,0,0,0,0,0,39,0,0
"36","0c51f2f29827df7af1f0210d4764602e7050b193",0,0,0,0,0,0,0,0,0,0,27983,0,0,0,0,0
"37","0c5fa17f7ecf209f6fd088aa6fd53eb627bafcf0",450,21,0,0,0,160,0,0,135,0,0,1243,576,2151,4866,3251
"38","0c84003ceec1fb7c3e6c2c04c0221e1bcf2c45f0",0,0,0,0,0,0,0,0,0,0,0,0,0,0,0,0
"39","0cccaa9c4a9c0d2e44727ea23922450639a795a5",0,0,0,0,0,0,0,0,0,0,0,0,0,0,176,0
"40","0d630bf1e4606c23f7e853e29fb8eaea372ecdba",0,0,0,0,0,0,0,0,0,0,0,0,0,0,0,66
"41","0d6de660a5c61dc7f9506fefc67ad1df3d412264",0,0,0,0,0,0,0,0,0,0,0,0,0,63,0,0
"42","0de53510347e58dabda2dc43270f04ad3ea2da5c",0,0,0,0,0,0,0,0,0,0,0,0,0,0,0,0
"43","0df6647b8bcf8d29d6bb1c9420aaea6a09acbb34",0,0,0,0,0,0,0,4117,0,0,0,0,0,0,0,0
"44","0e3319d5a880a077d0bc5fabe464d0c5e81a19f1",0,0,0,0,0,0,0,0,0,0,0,0,0,0,0,21
"45","0e6398c5df2fff40c96c1e38d81e196d18522ac8",0,0,0,0,0,0,0,0,0,0,0,0,0,0,14,0
"46","0e9007b4e89534a63556b4c2781104595c9b3b9e",0,0,0,0,0,0,0,0,3,0,0,0,0,0,0,0
"47","0f176b92a7b941c6459e4648d8bb94725ede1cab",0,0,0,0,0,0,0,0,0,0,0,0,0,0,161,0
"48","0fb244af03c52021238649fda66757df9dc4e01b",0,0,0,0,0,1252,0,0,0,0,0,0,0,0,0,0
"49","1026cf43c26db5a37c9e08e9c0a88b7f9bde4ca3",0,0,0,0,0,0,0,0,0,0,0,0,9,19,0,0
"50","102cc7c90e2771a785a7ff071903b2194d7b5054",0,0,0,0,0,0,0,0,0,0,0,0,0,0,0,114
"51","10471049fa84710c525f49ad0803933975192406",0,0,0,0,0,0,0,8,0,0,0,0,0,0,0,0
"52","10c3d1c8405b910ef842f394542a5580dc7e9010",0,0,0,0,0,0,0,0,0,0,0,0,0,0,0,0
"53","10d98a9e8191737474408e3922019918cf9ce20e",76,0,25,0,0,2423,0,0,0,31,0,0,0,0,0,0
"54","1143cc83af5a9d713c74d7d433cfb83287037b8e",0,0,0,0,5,0,0,0,0,0,0,0,0,0,0,0
"55","114d9a26e85197775de9b4d539b22900e02bb33c",75,0,741,0,0,0,0,0,0,0,0,0,0,0,0,0
"56","11f6090e3579ac3eeba08e00d2172af4bd4b49dd",4,0,0,0,0,0,0,0,0,0,0,0,0,0,0,0
"57","1253006a842f4a4901c9c006c4af6738415730e6",0,0,0,0,0,0,447,0,0,0,0,0,0,0,0,0
"58","13503722fd14c37395737a4f80960de62dd1a733",0,0,0,0,0,0,0,79,0,0,0,0,0,0,0,0
"59","13e98cde4f09933bd5607f2a67b7d6ccfc86c02e",0,0,0,0,0,0,0,0,0,0,0,0,0,0,0,0
"60","13fe091c959267b98f16d004d1d4f61ab2e47080",0,0,0,0,0,0,0,0,0,2,0,0,0,0,0,0
"61","14185f4dd88bc581f98ab10ffd2cb11423e579a1",0,0,0,0,0,0,0,0,0,0,0,0,0,0,0,0
"62","146e758f20c64a759334b1c4452af06c1f9e2b27",0,0,0,0,0,0,97,0,0,0,0,0,0,0,0,0
"63","14b9ad84102f6b00cde2ca65946dd1e9ce5121c3",0,0,0,0,0,0,0,0,0,0,0,0,0,76,0,0
"64","14c23d62f3cde5e060e5aa22522eeea5c941e860",0,0,0,0,0,0,0,0,0,0,0,0,0,55,0,0
"65","15c59e06d3e52fafd532ff1779a20ec6d982bd2a",0,0,0,0,0,0,0,0,0,0,0,0,0,0,0,0
"66","16b1ac2b923677ae51e453bc406893e614c28baf",0,0,0,0,0,0,0,11,0,0,0,0,0,0,0,0
"67","16d3472e6d0c028b87f0b97c135b665c2f274702",0,0,0,0,0,0,0,0,0,0,0,0,19,0,0,0
"68","16fafc94960ff7254af063b9d034237af0c99bb0",0,0,30,0,0,0,0,0,0,0,0,0,0,0,0,0
"69","1784e869dc2724619a035c17ab1fff64ceb125f7",0,0,131,891,0,14,0,0,0,0,0,0,0,9,1257,291
"70","17e02c0ee08c4d34161be025261ec2e420073e61",0,0,0,0,0,259,0,0,0,0,0,0,0,0,0,0
"71","17f78af2751fc6ee34901df0592a0a6f04cf615f",0,0,0,0,0,0,0,0,0,0,118,0,0,0,0,0
"72","1893923acab4675b218cf79879e1f49ccdbef020",0,0,0,0,0,0,0,0,0,0,0,28,0,0,0,0
"73","18bc8062d256c224000582443890cdb333deb155",0,41,0,0,0,52,127,0,0,419,0,0,498,132,0,32
"74","18c7f5002e7cf3ff5b6eb6aab4fec0d7d5d363a8",0,0,0,0,0,0,0,0,0,0,0,0,0,0,99,0
"75","18e3da3753b768ffb3358b49c2b2727aa254a858",0,0,0,0,0,0,0,0,6,0,0,0,0,0,0,0
"76","1943c2dbc537174854615a463ff0978c1f9316d1",0,0,0,0,0,0,0,0,0,88,0,0,0,0,0,0
"77","197f64ec95a37b7818b67d00680e0386e90a9d8e",0,0,0,0,0,0,0,0,0,40,0,0,0,0,0,0
"78","19e12fb7011c14e598199dfada60903d6ec6b472",0,0,0,0,0,0,0,0,0,0,0,0,0,0,0,0
"79","19e2d8924e99f1a60555875f40f2f4abbcb91b22",0,0,0,0,0,0,0,0,0,0,0,0,0,0,0,0
"80","1a08bb6d37d7924e5dab4c0408f64896eacb991a",0,0,0,0,0,0,0,0,0,0,0,0,0,0,0,0
"81","1ab3bca392087a2194bf40e8c0e37d000a0a7081",0,0,0,10,0,0,0,0,0,0,0,0,0,0,0,0
"82","1b944edf74a798e6ddb83cc099875daf581d6278",0,0,0,0,0,11,0,0,0,0,0,0,0,0,0,0
"83","1bda6993448f238e0d80554c16583a82adf04bcd",0,0,0,0,0,0,0,0,0,0,0,0,0,66,0,0
"84","1c13e9ef7e8cb97448c9556c5cae61a9ab171c33",0,0,0,408,0,0,0,0,0,0,0,64,0,0,2115,635
"85","1c496648990f4b4f7fa1f4f2facf3a3e9e2eb99d",0,0,0,0,0,0,0,0,0,0,0,0,0,3,0,0
"86","1c7aee32d52c5a25d862a3e148b6cf04ab8f88da",0,0,0,0,0,0,0,0,0,0,0,0,0,0,0,0
"87","1c99f89f3ae48229ed94a3ec57ae4f8ab4c0459c",0,0,0,0,78,0,0,0,0,0,0,0,0,0,0,0
"88","1cc6f81c85d5da309ba16bf3732462d69de88ad9",0,0,0,0,0,0,164,0,0,0,0,0,0,0,0,0
"89","1d702db868e4e65b1a3b3c1fa8989616f926b4e2",0,0,0,0,0,0,0,0,0,0,0,70,0,0,0,0
"90","1da9dc29d5832bb4022e894cbce86897df521a33",0,0,0,0,0,0,0,0,0,0,0,0,0,0,0,0
"91","1ddb32cb0e7d82f86bc29019187dab563029e397",0,0,0,0,0,0,0,0,0,0,0,0,0,0,112,0
"92","1e823715b95b2e76d7b69608b26072704c7c2ef1",0,0,0,0,0,0,0,0,0,0,0,0,0,7,0,0
"93","1e8a8291966c172ef539251c5aad9dbd72bde6ed",0,0,0,277,0,0,0,0,0,0,0,322,0,43,0,0
"94","1e9ead786a32e13b537d28ac2c8613108b18c4fa",0,0,0,0,0,0,0,0,0,0,0,0,0,0,0,527
"95","1ed69552a3bb0d8b0177dfd7c8c2d1147d350cc9",255,0,0,0,0,0,0,0,70,0,0,0,207,0,0,0
"96","1edc29f22f7762ee27a5f5349b85c16a9a9f4e9f",0,0,0,0,0,45,0,0,0,0,0,0,0,0,0,0
"97","1efdc12c7a55e43af98341cab4bca126716d5574",0,0,0,0,0,0,1547,0,0,0,0,0,0,0,0,0
"98","1f2f8eb887f02e58f88f51d0e81ea575b78fafab",0,0,0,0,0,0,0,0,0,0,0,0,0,0,0,312
"99","1fcf5441d358d497a4b182b240116d2f0b8df03a",0,0,0,211,5,3,0,0,0,0,0,18,0,0,10,0
"100","1fd0cca87a452616bd107a2dba731bf07d51aeef",438,698,3360,0,0,0,0,0,0,0,0,0,0,0,0,866
"101","2010a621a13cf49374bf4c950a42175421a652b0",162,0,136,294,0,164,0,0,0,0,0,0,0,0,892,257
"102","2028cb23a3b9e38e83ee01fb95f6b58a57b4cbae",0,0,0,0,0,0,0,0,0,412,0,0,0,0,0,0
"103","2041f6b207b2daddfa4826ea21b6469a08e84de4",0,0,0,0,0,215,0,0,0,0,0,0,0,0,0,0
"104","207114b11583026b14531339aeff5641dd94caec",0,0,0,0,0,0,0,0,0,0,0,0,0,0,0,0
"105","209df9d2e5a436f4beef631b2c0ba48ce3fd1415",0,0,0,0,0,0,0,0,0,0,0,29,0,0,0,0
"106","20a963228bf9d1f9abbd04332bb1a806ec23e91e",0,0,0,0,0,0,0,0,0,0,0,79,0,0,0,0
"107","21c4daa796010821fcdc035ee97bb1188fdc8025",0,0,0,0,0,0,0,0,0,0,0,60,0,0,0,0
"108","21ed13fe3ace8060314f604c98eb7b593d0e6ba2",495,0,0,0,0,94,0,0,0,0,0,0,0,1391,0,0
"109","220eb03d96827b5dd2d1770f92c3af264c69cb15",0,0,0,0,0,0,0,0,2,0,0,0,0,0,0,0
"110","2213c32e2e48ecd9166ec31ddadbd0889bf4ad31",0,0,0,0,0,0,0,0,0,0,0,31,0,0,0,0
"111","22b408f95bed71e330f22c29cc2766145e4cdde7",0,0,0,0,0,0,0,0,0,0,0,0,0,0,0,0
"112","23b3707a70c35e8bc340f538148b594f7e562489",0,0,0,2766,0,0,0,0,0,0,0,0,0,0,0,0
"113","2441c8a4277be431371a52574e0f0ad5ecb18362",0,0,0,0,0,0,0,0,0,0,0,0,0,0,0,0
"114","245d10f3ede9a4edf02a33bd50b494c74e1d9338",0,0,0,0,0,0,6,0,0,0,0,0,0,0,0,0
"115","247f09ccc8ae0ecc2da039900610e5494db93abe",9,0,339,1310,0,39,0,0,0,0,0,0,0,4,23,3
"116","248c3d8841ec5d3f7fef663348c830c67d885b6a",0,0,0,0,0,4,0,0,0,0,0,0,0,0,0,0
"117","249c131ed1a59c91c188949a4b82dfac0fc8bf31",0,0,0,9,0,0,0,0,0,0,0,0,0,0,0,0
"118","24c0b69318a678939ba9f93094a44f8d226eaa56",0,0,0,0,2325,0,1535,0,0,453,0,0,0,0,0,0
"119","25227be978107c3c84579bdb6aa68fbf0be4b579",0,0,0,0,0,0,0,0,0,0,0,72,0,0,0,0
"120","25a56363fb9874c1547000319a528ece129ae81c",0,0,0,0,0,0,0,0,0,0,0,0,0,14,0,0
"121","2622a018d1047427185136ee93311e89cf68299e",0,0,0,0,0,0,0,0,0,0,0,0,0,0,0,0
"122","263b164298a75a01d8a9b505ac4348c656de392f",23,0,0,0,0,0,0,0,0,0,0,0,0,0,0,0
"123","2655c6ab73c0d798851414a6bc09fc1b4469d3a9",17,1912,39,0,0,7272,0,0,0,17,0,0,0,0,0,0
"124","26573fd5fcc419dc4395f70ca0b0d2a97a424ca2",0,0,0,0,0,0,0,7,0,0,0,0,0,0,0,0
"125","26eb63a7a8f767544eedf014e6963a874c7e9b81",0,0,0,0,0,0,0,0,0,106,0,0,0,0,0,0
"126","26f89cdb4609121519a22d81a3f9ceb8b29659a8",0,0,0,0,0,0,0,0,0,0,0,0,0,0,0,2
"127","27105f8c2130d319d300720b9efe036db204e6dc",0,0,0,0,0,0,0,0,0,0,0,548,0,0,0,0
"128","277b80fdb5e574c7b80b5a61bb9d14bd71fecb9b",1786,0,0,0,0,0,0,0,0,2,0,0,0,0,0,0
"129","277f415b8d7c5948a729ca5ce6f7df25074485e0",0,0,0,0,0,0,0,0,672,0,0,0,0,0,0,0
"130","278560267ee3ca83e760af45b2ebffdff5aa13bb",0,0,0,0,0,0,0,0,0,0,0,253,0,0,0,0
"131","27ac40941d576929c67303395d514f56cd67acc9",0,0,0,0,0,0,0,0,0,0,0,0,20,0,0,0
"132","28047060a764c8d2f133476a3c1893291d007c2e",0,0,0,0,0,0,0,0,0,0,0,0,0,0,290,0
"133","2818e24c6b2b3f32086b1a3185fb0b1f921a18c2",0,0,0,0,0,0,0,0,0,0,0,0,0,0,201,0
"134","28555dc190579605842c24ea45094e08e1989450",0,0,0,0,0,0,0,0,0,0,0,0,3,0,0,0
"135","2885839f4b72c349770741c1878014867992af4b",236,0,0,98,0,0,0,0,0,0,0,45,99,0,0,965
"136","28e453749a4342102f092d1c2932a5fc80546baa",0,0,0,0,0,0,0,0,0,0,0,0,0,2,0,0
"137","2916bb33bc1c7985c04e76045666a4a43c03175f",0,0,0,0,0,0,0,0,4309,0,0,0,0,0,0,0
"138","29595f5ef3c4ba3c364628e3483e964ceecd25b6",0,0,0,0,2,0,0,0,0,0,0,0,0,0,0,0
"139","2959866fcedfaea21879cab9b1cab927c43b9d98",0,0,0,0,0,0,0,0,4,0,0,0,0,0,0,0
"140","295ad1e11df678ccfe144bec61782ab98dac24c2",0,0,4,0,0,0,0,0,0,0,0,0,0,0,0,0
"141","296bd610b85369f8efd17789d1d691f21df41b31",0,0,2,0,0,0,0,0,0,0,0,0,0,0,0,0
"142","29e2cbb74a0c27bf98c426eac95fba417478c5ef",0,0,0,4,0,0,0,0,0,8,0,0,0,22,271,0
"143","29ee18755c054f9968609bdc88b4cb036bbc18c4",116,0,0,0,0,0,0,0,0,0,0,0,0,0,0,0
"144","29fb71347dc295987beb64f0892f14c43e7acfa0",0,0,0,0,672,0,0,0,0,0,0,0,0,0,0,0
"145","29ff75e84a65e44995ba5da9ea7815a78ca64a79",0,0,0,0,0,0,0,0,0,0,0,0,0,0,0,48
"146","2a24470d9f6f016d43a270ded06f52d73df93b2b",0,0,0,0,0,0,0,0,0,0,0,0,0,0,0,0
"147","2a6e2364a5abad43d675c87dfb9a3e23ca1e678d",0,0,0,0,0,0,0,0,152,0,0,0,0,0,0,0
"148","2a88600f3ca32f38e1f071ebfc5400e2f4db3330",0,0,0,0,0,0,310,0,0,4,6,0,0,0,0,0
"149","2a8947f9f7aba0d52b990585f0c031e6411ff2fc",0,0,0,0,0,0,0,0,0,0,0,0,19,0,0,0
"150","2ad1393a5a4075f77b93321d57e0c0727ac2cade",0,3,0,0,0,0,18,0,0,0,0,0,0,14,0,0
"151","2b1e8a9c1ce7a90ec2f34de16ba87cc8b05f2b0f",0,0,0,84,0,0,0,0,0,0,0,0,0,0,0,0
"152","2b368962e6dfc39ad167d4166053580d714b1d0b",0,0,0,0,0,0,0,0,0,61,0,0,0,0,0,0
"153","2c6702a71d49faf560e2124adb5ad3f5f84993b7",0,0,0,0,0,0,0,0,0,0,0,64,0,0,0,0
"154","2cc2cf417338b1637b18f3955dc7c2961d1ac608",0,0,0,0,0,0,0,0,0,0,0,0,0,186,0,0
"155","2cfd457adc6936d89195dd4765ae81286f8b0ed5",313,0,0,45,0,70,0,0,0,0,0,0,0,1637,47,0
"156","2d7f345e43a11696dabc07f2b05694313d87bdcd",0,0,0,0,0,0,1671,0,0,977,0,0,0,0,0,0
"157","2e7fd9b83cde32c49dd67fab73609fefc6b7bec1",0,0,0,1,0,0,0,0,0,0,0,0,0,0,0,0
"158","2e9a576082ccc4690ba355bc4f0dcff27bf81c28",0,0,0,0,0,0,0,0,0,5,0,0,0,0,0,0
"159","2f2b7d1ae79b53af3f2bfd57a2021b9c2ee607c7",0,0,0,0,0,16,0,0,0,0,0,0,0,0,0,0
"160","2f70a354cd905fd309a50f5ce14c343d62301677",0,0,0,0,0,45,0,0,0,0,0,0,0,0,0,0
"161","2f9a39c8d8b69f7eedcd3582326b652370ce2ab1",3097,5274,24520,0,0,3706,0,0,66,0,0,539,0,22,0,4885
"162","3004535988ee0dcfeb2d8fb9f1248e658501e86f",0,0,0,0,0,122,0,0,91,0,0,0,0,0,0,0
"163","3233a5be9d288612c5da05c92d62a9b5d960076c",0,0,0,0,0,0,0,0,0,0,0,0,0,0,0,56
"164","32592cd656c827346423093e2e390b39b13dfab3",0,0,1218,0,0,0,0,0,0,0,0,0,0,0,0,0
"165","3278d910f88cd11957abbfb8a7d407b64d2c322b",0,0,0,0,0,0,0,0,0,140,0,0,0,0,0,0
"166","328c7b8928c7043219cc2804267f8c3bffe8343c",0,0,0,0,0,0,0,0,0,0,0,0,0,0,0,0
"167","3295752a0e23c38ca91766afff6878c18041e839",0,0,0,0,0,0,0,0,0,296,0,0,0,0,0,0
"168","32c7429ef986d3d6e6568889cab2755dd190fdbc",12,0,0,31,0,3,0,0,0,0,0,0,0,21,2,0
"169","32fab126422cd9be6860213d9e723b574d3614c2",0,0,0,0,0,242,0,0,0,0,0,0,0,0,0,0
"170","3336749f20eb718f7ee8cfa30022b05b865b56b8",0,0,0,0,0,149,0,0,0,0,0,0,0,0,0,0
"171","333fd3d3b88faf1718a974b8e1fc30da1b02da10",0,0,0,0,0,4,0,0,0,0,0,0,0,0,0,0
"172","33477cfd57ef0e57b5ab2e51a56973a55a6db82a",0,0,0,0,0,0,0,0,231,0,0,0,0,0,0,0
"173","336326330559e26bba2ca780a0b90188284d995b",0,0,0,0,0,0,0,0,0,0,0,0,0,0,131,0
"174","336ec8c1679ed2e11aa01173187f551ee8683850",0,0,0,12,0,0,10,0,0,9,0,0,3,105,269,0
"175","33839e927895fe65dd93c481f467024b5ba0e3bf",0,0,0,0,422,388,0,0,1455,654,21,830,0,0,0,0
"176","33f2049df73abee355aaf102f1c6c31652f4daa5",0,0,51,0,0,0,0,0,0,0,0,0,0,0,0,0
"177","341af4578589426b51b35022c4f152beb47cedf5",0,0,0,0,0,0,0,0,0,0,7169,0,0,0,0,0
"178","341d37f9958a54163d7987e0dc5bb17818c5c7d8",30,0,8,95,0,55,0,0,0,0,0,0,0,0,2277,703
"179","34ac2f188bf73d6c52b9933ba762c46b06845238",0,0,23,0,0,0,0,0,0,0,0,0,0,0,0,0
"180","34c17956dbc88866d4171650ea80171ebb0a49f4",0,0,0,0,0,0,0,0,0,0,0,0,0,4,0,0
"181","356625f046679b0a47225fe93f829b4fa81cda5f",0,0,0,0,0,0,0,0,0,0,12,0,0,0,0,0
"182","363a7fed6b4ef59f0d3847483c765d95cd1bc297",0,0,0,182,0,0,0,0,0,0,0,105,0,34,378,0
"183","365a0e9f26b722261bf58fa04e7c7d4a783992de",0,0,0,0,732,0,0,0,0,0,9,0,0,0,0,0
"184","366bcd23a104bbca5cc64b6ce7fb0156ce975c1c",0,0,0,0,0,0,0,0,0,0,0,0,0,0,0,0
"185","36732cef83c957b2d346261fa595abf53825082e",0,0,0,0,0,0,0,0,0,0,0,0,45,0,0,0
"186","373b12d1df67de6c553a942871c3d674753f8cf8",0,0,0,0,236,0,0,0,0,0,0,0,0,0,0,0
"187","37e5546d5ec5a6a50270e4b071d33b5f494381d8",0,0,80,0,0,0,0,0,0,0,0,0,0,0,0,0
"188","381610426e31b112903a2b0c51b0fbe9dbe1a6ba",0,0,0,1657,0,0,0,0,0,0,0,0,0,0,0,0
"189","3825dc69109745dde87146e1cd52de6e42743ca7",0,0,0,0,0,0,0,0,0,0,0,0,0,323,0,0
"190","3855bfab8b2afdb2b740530c990e9a2535c5a15b",271,0,0,0,0,166,0,0,0,0,0,0,0,2604,0,0
"191","387d4852e3e92fa092e4d58207f93a07a1040fd7",0,0,0,0,0,0,0,0,0,0,0,0,0,5,0,0
"192","388725f240f778bbad66a1a652b752a88fd3956a",0,0,0,0,0,0,0,0,0,0,0,0,0,0,0,0
"193","388fd456964ac1bc2a2bc7dd5567b0f8297390f1",0,0,0,0,0,0,0,0,0,0,0,0,0,52,0,0
"194","38bd7c41421d8b81bc3461f71c588bdfd94ae9cc",0,0,0,0,0,0,0,0,0,0,0,0,17,0,0,0
"195","38ecfaf01d32485f85c09538c7bfacdb9f121736",0,0,0,0,0,0,0,0,0,0,0,0,170,0,0,0
"196","3907c0c3540893fea852cf1e2e15ee876e097dc1",0,0,1455,0,0,846,0,0,0,0,0,671,0,0,516,437
"197","3949ba94f0477add06d64a4ce6018ac190c245c1",54,0,0,0,0,56,0,0,0,0,0,0,0,82,0,0
"198","3981e4230f67261795266f1c6c06c15710ffd312",0,0,0,0,0,0,0,0,0,0,0,0,0,0,738,0
"199","398789a224f4bd053ecd60cb02f482d29c4c3383",0,0,0,0,0,0,0,0,0,0,0,0,80,0,0,0
"200","399abe2aba71b7f05c276982e26afef10c98fa08",0,0,0,0,0,0,0,0,0,0,0,78,0,0,0,0
"201","39e9e35df5f7fc0ad309ccf548e530455e0dc43b",0,0,0,0,1625,0,0,0,0,0,0,0,0,0,0,0
"202","3a0966c0b3c5ccb5d42578ef60cae5c5d7aec8e5",0,0,0,0,0,0,0,0,0,0,0,0,34,0,0,0
"203","3a09dce2a613895c4750ec9fe6e43825b2b3488c",108,0,0,0,0,0,0,0,0,0,0,0,0,0,0,0
"204","3a2d8729377387bb0d1f17479047aef1b995af1e",0,0,0,0,0,0,0,0,0,0,0,0,0,0,0,0
"205","3a4660f8928b0bba5379764b63c8f98ae30a1d3b",343,41,48,0,0,717,0,0,0,71,0,0,0,292,0,0
"206","3a7c698a38f760bccb4381b3ff98dec1468bda94",0,0,0,0,0,0,0,0,0,0,0,0,0,0,0,0
"207","3b2a2a2dbbe6774780bde247a2444a1a72ff5398",0,0,0,0,7,0,0,0,0,0,0,0,0,0,0,0
"208","3b40106afbb37d7c187b02f596332415ddc60eb2",473,369,11,174,18,0,0,0,156,0,0,20,12,12,26,12
"209","3b46a0689c4dc296a5046eb3cfb003a0ca04e7fe",0,0,56,0,0,0,0,0,0,0,0,0,0,144,0,0
"210","3b4ada1bf0a5f33636d3a04f1421d977779a686f",0,0,0,0,53,0,0,0,0,0,0,0,0,0,0,0
"211","3b4deef68ab606924924048c116ef0c7c34ec1f4",0,0,0,0,0,0,0,0,0,0,0,0,0,12,0,0
"212","3b8786430de3d7fc1d7a51dafe547c49adadb841",0,0,0,0,0,0,0,0,0,35,0,0,0,0,0,0
"213","3bda6b8265a3be4b89e9679effa242912ccae21a",0,0,0,0,0,0,0,0,0,0,0,0,0,207,0,0
"214","3c32d58513825484c47705b7d424175ab81ca09e",0,0,0,0,0,42,0,0,0,0,0,247,0,0,0,0
"215","3c7c1d9cf94529288352349559c37b4905d560f6",0,0,0,3,0,0,0,0,0,0,0,0,0,0,0,0
"216","3c9b2ac9f3bbbf0b47146977ac9ac896d4e5d96f",0,0,0,0,890,0,0,0,0,0,0,0,0,0,0,0
"217","3d075b563d4e64da9f61e6e0004716d5ab494bbc",0,0,0,2,0,0,0,0,0,0,0,0,0,0,0,0
"218","3d2154f1f89eee8572f0ed071b6aaf650f5ea94a",0,0,0,0,0,0,0,0,0,0,0,0,0,0,0,87
"219","3e2ac8688f7a199471934f3d8a14f41e545ec98d",0,0,0,0,0,0,0,0,0,0,0,0,0,0,0,0
"220","3ea7b6a928bcc8605fdb9fa4ca86d0778af85005",3,0,0,0,0,0,0,0,0,0,0,0,0,0,0,0
"221","3eafdd7e0292677d65676b2e27b59fb00503f03a",0,0,0,2393,0,0,0,0,4347,0,0,0,55,0,0,0
"222","3ec93889319f43bc734528d0d5e824b1f1ac9cd8",325,0,0,0,0,0,0,0,0,0,0,0,0,0,0,0
"223","3edb78e7b73fbbc2299c2bc49d0cf9c20143c32b",0,0,0,0,0,0,0,0,0,0,0,0,16,0,0,0
"224","3ee6b510572d6e1b7383d68344ead7b479c01cb5",0,0,0,0,0,0,0,0,0,0,0,0,0,0,0,0
"225","3ef8071a48d2c92a83aa60cb7a106ec514f74371",0,0,0,0,0,0,0,0,0,0,0,0,122,0,0,0
"226","3fa61d50fd4949e0d04c0b48f09576ec54f63232",0,0,0,0,0,0,0,0,0,0,0,0,0,18,0,0
"227","3fdfd5cae5ad9abd680b01523b895198661a1c47",139,0,55,0,0,59,139,0,0,232,0,0,18,0,0,0
"228","401f531168f3c839fe938fd0301053f58462afd0",0,0,0,0,0,0,0,0,0,0,2,0,0,0,0,0
"229","40363c0ad68d2a4c24210270dc6c03bf909874d3",0,0,0,0,0,0,0,0,0,0,0,0,0,0,50,0
"230","4047a9b6d9c19a9652943c6792c437c6c6204360",0,0,0,0,0,142,0,0,0,0,0,0,0,0,0,0
"231","4056b86a4909ebbcc014a59a7522d08ddce0ae43",0,0,0,0,0,0,0,0,0,327,0,0,0,0,0,0
"232","407876e1e7ed90d404047ea9b6877a3b608a7714",0,0,0,0,0,0,0,0,0,0,0,0,0,19,0,0
"233","4078999d1893c901da93d943a448de56230f53fc",0,0,0,0,0,0,0,0,0,0,0,0,39,0,8,0
"234","40ec0b2066ec6326c7b1d54493d801dd5cd38714",0,0,0,3454,0,0,0,0,0,0,0,0,0,0,0,0
"235","40f7b4eaf53b5bd7e72d4267bc9f0894652f0d60",0,0,0,0,0,0,0,0,0,0,0,0,0,0,0,0
"236","414ff494cc4099770c82fee3a59611cad59d3aa5",0,0,0,0,0,0,0,0,0,471,0,0,0,0,0,0
"237","41524d65ffc50db7ea53feff58c23e1fbb896e90",0,0,0,0,0,0,0,0,0,0,0,0,0,0,0,0
"238","41752b23043266e14a410adcc992cf93ae1a42ae",0,0,0,0,0,0,0,0,0,0,0,0,0,0,0,43
"239","419cd6ad8c8ab9c34eee3531200958b403b0580d",0,0,0,0,0,0,0,0,4,0,0,0,0,0,0,0
"240","41b4ea9b5400d76bcca60a934955e7a9e2478492",0,0,0,0,0,0,0,0,0,0,0,0,0,0,0,0
"241","41c028ae8892d6d21f18d77630b9bd7964a46d9f",0,0,0,0,0,0,0,0,0,0,0,0,0,0,340,0
"242","41cfad935445a7bf6546d83c6b2287d553b1ae5b",0,0,324,35,0,0,0,0,0,0,0,0,0,0,0,0
"243","41e43e96d5324a96a0e32322c024a3294f926027",0,0,3,0,0,0,0,0,0,0,0,0,0,0,0,0
"244","42056cc7d479eef6acd19709ba12c5b3f2d91b60",0,0,0,0,0,0,0,0,0,0,0,0,21,0,0,0
"245","42f8b4e7ded2bb1dcac8874b123aae80f2d00160",0,0,0,0,0,0,0,0,29,0,0,0,0,0,0,0
"246","430c6686f8e14f23b2cfc13713bb8b47662d3c0a",0,0,0,0,0,0,0,0,681,0,0,0,0,0,0,0
"247","431bb47b521c1d9cd800217f49a2560af9826cd7",0,0,0,0,0,0,0,0,120,0,0,0,0,0,0,0
"248","4355ecab84fa7b61958c23fb68678ff789268d97",0,0,0,0,0,0,0,0,0,0,0,64,0,0,0,0
"249","43a90ce7e1cbecf3ef22fc713fc4a7324b2631b2",0,0,0,0,0,0,0,0,0,20,0,0,0,0,0,0
"250","44135b890a8069b98fcc51976d4e908392127d49",0,0,0,0,0,0,0,0,0,0,0,0,2,0,0,0
"251","443e13ee0257602d4f9866ad700c2e1cceccc137",0,0,0,4,0,0,0,0,0,0,0,0,0,0,0,0
"252","44b0729401866873e1468e7aa6c174950822f4fc",0,97,0,0,0,0,0,0,0,0,0,0,0,0,0,0
"253","44c317ef2a821b3e8a0e1e8b6ca01785baebb38b",0,0,0,0,0,0,0,0,0,143,0,0,0,0,0,0
"254","45218bbce4a242b369b1f75feae1df4199ce3184",0,0,0,0,586,0,0,0,0,0,0,0,0,0,0,0
"255","4542bee4db4c3075a68a0a82768eab3497580077",0,0,0,3662,0,0,0,0,0,0,0,0,0,0,0,0
"256","468c71de602b2fc05fc5c22acda4c6cb38b7b468",0,0,0,0,0,0,0,0,0,0,0,43,0,0,0,0
"257","46d3642db85164686d202b2944be1c3d4c246794",0,0,0,0,0,0,0,0,0,10,0,0,0,0,0,0
"258","46e4693edd50a2ba446c73f12937508d1c08f796",0,0,2,0,0,0,0,0,0,0,0,0,0,0,0,0
"259","46f27f2f56e61a28864cdb558572ac9e8bdbb3c8",0,0,0,0,0,0,0,0,0,0,0,0,0,0,0,0
"260","46f5f5c61abdf547750755de731d7cfa543609a5",0,0,0,0,0,0,0,0,0,0,0,14,0,0,0,0
"261","4721bf1978b23adb984c2575c762f43b5a5f7381",0,0,0,0,0,0,0,0,0,522,0,0,0,0,0,0
"262","473124027d61e179661eb79201b8c4009088ffda",0,0,36,0,0,0,0,0,0,0,0,0,0,0,0,0
"263","4734ec9cae962b4d07989659a436f8c78218b6b5",24,0,0,0,0,0,0,0,0,0,0,0,0,0,0,0
"264","4766ef3e4eb71cb2c033b5bc04d9221a581279c1",118,0,0,0,0,0,0,0,0,0,0,0,0,0,0,0
"265","477af90a53bb0e8101f6e586b3db841f691179a8",0,0,0,0,0,0,0,0,0,0,0,0,0,41,0,0
"266","47fee77eb15aeb9efa7931aa8ff1bf58daa8e10c",0,0,0,0,0,0,0,0,0,0,0,0,0,0,0,0
"267","48a577958546b1159f598608f81a6caa78c78941",0,0,0,0,0,0,0,0,2,0,0,0,0,0,0,0
"268","4956c27b442b6765e54667373f4ff3352ca0cc1c",0,15,0,0,0,0,0,0,0,0,0,0,0,0,0,275
"269","499488cac0be3a2185ce9f654a389130100bac2f",0,0,402,264,0,0,0,0,0,26,0,0,0,0,28,0
"270","49acecd02ccd5770ea0f75f351550aa447901a5c",0,0,0,459,0,0,0,0,0,0,0,0,0,0,0,0
"271","49c750da4f3d4fc2463870ee58fcab7fe8d0e1ac",0,0,0,0,6,0,0,0,0,0,0,0,0,0,0,0
"272","49f0f47945dc262ce92b1b45246eb7f7e00584c3",0,0,0,0,0,0,0,0,0,0,0,0,0,99,0,0
"273","49f8beca58d8ec722e7c932a350985fabf390389",0,0,0,0,0,0,0,0,0,0,0,0,0,19,0,0
"274","4b558dd57dc1a8ff4678c832e00b98571b591228",0,0,0,0,0,0,0,0,0,19,0,0,0,0,0,0
"275","4b58afc6bcc204e0f2486fb5763888eb5d72500c",0,0,0,0,0,0,0,0,0,0,0,0,61,0,0,0
"276","4cb56a59c1891b12a69fac265e7c9d64fae52861",0,0,0,0,0,36,0,0,0,0,0,0,0,0,0,0
"277","4cf762d4135c5ef5e0b895c35728b80bcb68890e",0,0,0,0,0,0,0,0,249,0,0,0,0,0,0,0
"278","4ec8d9d384e15fa5a353b5d1cd769ee07c655c54",0,0,0,0,0,0,0,0,0,0,0,0,0,0,0,0
"279","4f1941d0bfc10715082b44cecf5b24c35382c975",0,0,0,0,0,508,0,0,3463,0,0,0,0,0,0,0
"280","4f2327009bca5c3fe9bcbada8ff3b335b8af6295",29,29,4,0,0,49,75,0,0,0,0,0,0,0,0,0
"281","4fa67c9310e6840610bae14c471bf22d5f9148bb",0,0,0,0,0,0,0,0,0,0,0,0,0,0,0,0
"282","504b3bdf7d04096c70078460cfc23aa95b21b2ce",0,0,0,0,0,0,0,0,0,0,0,0,0,59,0,0
"283","50ae18a387ee0c27a601b2de29233b88891665e2",81,0,0,1479,0,1080,0,0,0,0,0,7969,0,400,23842,12421
"284","50b66244a48294b127e9ecb0cd7b6b7b33070f07",0,0,0,0,0,0,0,0,0,5,0,0,0,0,0,0
"285","50e9cc0583378ac82f82b13804b4663741083d86",0,0,0,0,2,0,0,0,0,0,0,0,0,0,0,0
"286","5153fd153d032ca08987dc412a9c67b6794b21bf",0,0,3164,2095,0,28,0,0,0,0,0,0,0,20,451,132
"287","51cd5c10be599c712eeb5a437962c8e7ed24a4b3",0,0,0,0,0,0,0,0,0,0,0,0,0,0,0,0
"288","520ad0b08a6d13669e4ef757ee514f40b8f9e90f",0,0,0,0,0,0,0,0,0,0,0,13,0,0,0,0
"289","5236824679c6007bdb95d19454113039c442762a",0,0,0,0,0,0,0,0,0,2,0,0,0,0,0,0
"290","52b66ccbc76733bb29400f227295500d67fa0803",0,0,87,0,0,0,0,0,0,0,0,0,0,0,0,0
"291","52d9903dac12385d45281caaea18c1a54bd71c54",0,0,0,0,0,0,0,0,0,0,25998,0,0,0,0,0
"292","536e3b2da4dd010ac7f64be2dcc915b4adfa0da2",0,0,0,0,0,0,0,0,0,0,0,0,20,0,0,0
"293","53a2d78a68aafb3b11e35a1cd19447a1533b279f",306,0,0,0,0,0,0,0,0,0,0,0,0,0,0,0
"294","54da34a4170992a78c57852c41b21964961cfafc",0,0,0,0,0,0,0,0,0,0,0,0,0,32,0,0
"295","550b190da518822a482872e3f3cae86f2cddda1f",0,0,0,0,0,0,0,0,0,0,0,0,0,0,2,0
"296","5548f5906a4522e2196d674ad3826fb4fc8430b8",292,0,0,0,0,26,0,0,0,0,0,0,0,61,0,0
"297","55e1d1482467a1d4dbc4eafc83db79bab040fea2",0,0,0,0,0,0,0,0,0,0,0,0,0,0,0,0
"298","562a6c89616b1cf51f15caa15b0e5a565dfe0427",160,0,44,0,0,164,0,0,0,0,0,0,0,10,158,52
"299","564d4138d9d4136025fd1cc4ff79dbea5e9fc159",0,0,0,0,0,0,0,0,0,0,0,0,0,0,0,425
"300","5669f152a6689a5ce77d23a11e48af62c022c1ca",0,0,0,0,0,0,0,0,22,0,0,0,0,0,0,0
"301","5698b051b0abd1a616512c7b8873571c7db31e12",0,0,0,0,0,0,0,0,0,0,0,0,0,155,0,0
"302","56db9b8934558866af0f1f1eaf48a1122b20eb51",0,0,0,0,0,0,0,0,0,0,0,0,0,0,0,0
"303","5700acf5932fc78326019db74be5b0cda8cd6a7c",0,0,0,0,0,0,0,0,0,0,0,0,0,0,0,0
"304","57032ed98d1880faa541a6164b1166c24a0b0150",0,0,0,0,0,0,0,0,0,0,0,0,0,40,0,0
"305","5746f43063ff1ae03ed18e54fec36f56f3bba3ef",0,0,0,0,0,0,0,0,0,0,0,0,0,0,0,0
"306","5790380be5e34050a717e6fa1b3baf78f517f614",0,0,0,0,0,0,0,0,0,0,0,0,0,0,115,0
"307","579246ea6d913744ff16f5ea2844142f36105452",0,0,0,0,0,0,0,0,8,0,0,0,0,0,0,0
"308","58643d5398ac9ed12b016d632f82f0424c0523eb",0,0,0,0,0,0,0,0,66,207,0,0,0,0,0,0
"309","589c55d82c3c93ff23ebed253881f7ae7d45f09e",0,0,0,0,0,0,8,0,0,0,0,0,0,0,0,0
"310","58aec46ab4910cf08bbfda67e8aa7321828ce906",62,0,0,0,0,93,0,0,0,0,0,0,0,0,238,103
"311","58b9aa197013c349f1015fa0c8c4a172b36df193",0,0,0,0,0,0,0,0,0,0,0,149,0,0,0,0
"312","58d6aa327e42a4da94de197763735f79a1486feb",0,0,0,0,0,0,0,0,0,0,19,0,0,0,0,0
"313","59301a3deeeb46854bb72901fea21a6f8430a4d7",0,0,0,0,0,0,0,0,0,0,0,0,0,0,0,0
"314","597fc2e1caef99679d147f60c9236b1e3561b7dc",0,0,0,0,0,0,0,0,0,0,0,0,0,0,0,0
"315","59d9750ebbf09b2ae845b5a83620bd43b1125bd9",0,0,0,0,0,0,403,0,0,0,0,0,0,0,0,0
"316","59ea4ff1408f6e56a0172e9d7f09efba6ea1b848",0,0,0,0,0,2,0,0,0,0,0,0,0,0,0,0
"317","5a1f7a188740c442f01115808f3167a0b1f1b1cf",0,0,0,0,4,0,0,0,0,0,0,0,0,0,0,0
"318","5a5b0e270b0683dc34e23f7b50a7611365052f5d",0,0,0,0,0,0,5,0,0,0,0,0,0,0,0,0
"319","5a833e0a478a012b2b934b19b76eb311d63cf891",0,0,0,0,0,0,0,0,0,0,0,500,147,91,2655,1102
"320","5abed67974734697cf324d9120f1d00b714dde5e",0,0,0,3,0,0,0,0,19,24,0,0,0,0,0,0
"321","5adb83462a6665a3afeaeec2808f1d1a5a668032",0,0,0,0,0,0,0,0,0,0,0,0,0,0,0,0
"322","5af0baa1d17864f658bb3ddc9c133aa1c25a7803",0,0,0,0,0,0,0,0,0,0,0,0,0,0,0,0
"323","5af4686284996deb802652d298ae83778e40256f",5,0,0,0,0,0,0,0,0,0,0,0,0,0,0,0
"324","5bed824b32b484e7e3b783c154b19bd28e749adb",0,0,0,0,0,0,0,0,0,0,0,0,0,0,0,0
"325","5c28fb044703f8d7dc9a17c20a178f0e34feb322",244,0,0,0,0,320,0,0,0,0,0,0,0,1166,0,0
"326","5c3fb454038b5356e652571686c6e99119da3804",0,0,0,0,0,0,9,0,0,0,0,0,0,0,0,0
"327","5c8ad94781a3e58614f1bada8d5faa13dd04610d",0,0,0,4,0,0,0,0,0,0,0,0,0,50,0,0
"328","5cd0a7826db21096eca109fea33950f4229dbb91",0,0,0,0,0,3,0,0,0,0,0,0,0,0,0,0
"329","5d1032fc3b2fd9dd69fe3a0d7dabc0e204bcd8db",0,0,0,0,0,0,43,0,0,0,0,0,0,0,0,0
"330","5d1727df5c164231d54def98584bde411e2efb04",0,0,0,13,0,0,0,0,0,0,0,0,0,0,0,0
"331","5d6bc2fd7b3d5ebf166fc97cab0b98c3e4cb2574",0,0,0,0,0,0,0,0,0,0,0,0,0,0,87,0
"332","5d7d2e90d3d77306661a9c2732e169bc572bea49",0,0,0,0,0,0,0,0,0,74,0,0,0,0,0,0
"333","5d9ee140b17e218e06fffae434d6dad14ebb91db",0,0,0,0,0,8,0,0,0,0,0,0,0,0,0,0
"334","5de8320dd52839006fa55b8e9e94758699aab65f",0,0,0,0,0,0,0,0,0,0,0,0,0,0,0,0
"335","5e18bef04b7438c70265cfdbaf5eb653bb4b0298",0,0,0,0,16,0,0,0,0,0,0,0,0,0,0,0
"336","5e5dc956442a511e1445f53946aa98d1d5d16d44",0,0,0,0,0,0,5,0,0,0,0,0,0,0,0,0
"337","5e94b8bf82d6125f62c5e0b5104f7d9333cd2301",0,0,0,0,0,0,0,0,0,0,0,0,0,0,0,0
"338","5eb4964f39d7646d3f23200215f56a18b69ea8c6",0,0,0,0,0,0,0,0,0,0,0,0,0,0,0,0
"339","5edc6c7b956f95d7856817804db1569a3f8733ee",0,0,0,0,0,0,0,0,0,0,0,0,0,0,0,0
"340","5f9e0ff3adaec16fe072cab01fd451447e293c24",0,0,0,0,0,0,0,0,0,0,0,0,0,344,0,0
"341","5fa2af605adaf6538dd78a46fbb3e1f7325f79eb",0,0,0,0,0,0,101,0,0,0,0,0,0,0,0,0
"342","5fe0fce17ffc4aa67b71058c127a634e339d7fb9",0,0,0,198,0,0,0,0,0,0,0,0,0,0,0,0
"343","603ebf7cdba8898f47ab5a75292258d4e57ac25f",0,0,0,0,0,0,0,0,41,0,0,0,0,0,0,0
"344","6047bd0ab1009e1a63ca5f303ce7a113f4066fea",0,0,0,0,0,0,0,0,0,0,0,0,0,44,0,0
"345","60fde24061b5dfc3d4ad0fad7ee30000c0af3a00",0,0,0,0,0,2,0,0,0,0,0,0,0,0,0,0
"346","61033d66eb8e91c4728a8f8104e86ca9ca4f49c0",0,0,0,0,0,431,0,0,0,0,0,0,0,0,0,0
"347","61109be8e4eaa31dc08c9d41eb1983daf6f7e306",0,0,0,0,0,0,0,0,0,0,0,0,0,58,0,0
"348","611cf592af6f5af477847f27617455375e548295",0,0,27,0,0,0,0,0,0,0,0,0,0,0,0,0
"349","614ef1696b244618df89ab0b54be0c70d7b00e11",0,0,0,0,0,0,0,0,0,0,0,0,0,33,0,0
"350","61a3e924a52e417c287cc89460e8247b3414aa3f",0,0,0,0,0,4542,0,0,0,0,0,0,0,0,0,0
"351","61ae4f3f50853aa75d8c323233872d3f53943be4",0,0,0,0,0,0,0,0,0,0,0,0,0,0,350,0
"352","6206693b8580d16f8817597db5eb720da006d4a3",0,0,0,0,0,0,0,0,0,0,0,0,0,0,75,0
"353","6221cb7c952277821817c196be19fc0b5bc9cc94",0,0,0,208,0,0,0,0,0,0,0,0,0,0,0,0
"354","625707553b70864cca54ad03fc3a16472dc922ac",0,0,0,0,0,0,0,0,0,0,0,0,0,242,0,0
"355","628da32d7d0084faceecf85cfaaddd76b291a763",43,1081,0,0,0,0,3,0,0,0,0,0,0,248,0,0
"356","62a667953c32df304a85f5c93c577fe0b8e7c2f2",0,0,0,0,0,0,0,0,0,0,0,0,81,0,0,0
"357","62f222063e502c9831e408bbfde4c17365dcf671",0,0,0,0,0,0,0,0,0,0,0,0,0,0,0,0
"358","6301a656e81f53115398523b2deb00a182de59b8",0,0,40,0,0,0,0,0,0,0,0,0,0,0,0,0
"359","63d22c858b424ff6e02bd233d482d9ecd3997cf4",0,0,0,0,0,0,0,0,0,0,0,0,29,0,0,0
"360","63ee796ed6f38a56f859fe3aa309aad32117438e",0,0,0,0,0,0,0,0,0,0,0,0,0,670,0,0
"361","641b7707a5bb812c533f935ddba0c30c9397b077",0,0,0,0,0,54,0,0,0,0,0,0,0,0,0,0
"362","648def16920ca6523c1f6118243c04b9bdf35146",0,0,0,1532,0,0,0,0,0,0,0,0,0,0,0,0
"363","64b8e595a9148d7c39e7ba0e81520c4799d8064b",0,0,0,0,0,0,0,0,0,0,0,169,0,0,0,0
"364","658f668d1012df4d988b488f336ea149b0614be9",0,0,0,0,0,0,0,0,0,0,0,152,0,0,0,0
"365","65c2c817aaef063ace8962b6d5563bce6811a072",112,0,0,0,0,0,0,0,0,0,0,0,0,0,0,0
"366","65cce1aeec3a8d71a77ae7033fb80f5c17825d96",0,0,0,0,0,372,0,0,0,0,0,0,0,0,0,0
"367","662145a699a310c81faed3b997bc281deaac64c3",0,0,0,429,0,0,0,0,0,0,0,0,0,0,0,0
"368","665ffd1f802a2b8bdf00651abf691453b2ed9c11",0,0,0,0,0,0,0,0,0,0,0,0,0,61,0,0
"369","666d1102ce6bc93ded04956f839f88f21d65261c",0,0,0,0,0,0,0,0,0,0,0,0,45,0,0,0
"370","66a1c8244e99f62a1c8480049501161dbddd5c78",171,0,0,0,0,0,0,0,0,0,0,0,0,0,0,0
"371","66ad6b2a1f44ed526859c089642d38692ed8eba9",0,0,0,0,0,0,0,0,14,0,0,0,0,0,0,0
"372","66c8403c2c6f541decfbfe1d90351d37f2532f82",0,0,0,0,0,0,4,0,3,0,0,0,0,0,0,0
"373","6719cb4eb8e5354c1a45ffde7b33672581382a84",0,0,0,7,0,0,0,0,0,0,0,0,0,0,0,0
"374","673eb67edde62b7e8f162c349550a5998bac320f",0,0,0,0,0,0,0,0,0,0,0,0,0,0,0,0
"375","67699186f2500d9fed3b98c89a41824904dec096",0,0,0,0,0,0,0,0,0,0,0,256,0,0,0,0
"376","676e81da715ad88b92ee0c406fe1ec8fab78fb39",0,0,0,0,0,0,0,0,0,0,0,15,0,0,0,0
"377","67922d66e0194a7dada1063607dbbec91fcca0ed",0,0,0,0,0,0,35,0,0,0,0,0,0,0,0,0
"378","679b9dbfcdd081bf1bc737df539777ec027d7b35",0,0,0,0,0,2964,7166,5931,1705,1483,0,0,0,0,0,0
"379","67bd7ef7d9f4ac917d287a5406b77a17ad9a897e",0,0,0,0,55,0,0,0,0,0,0,0,0,0,0,0
"380","6803edec46dfc389458bb03191baa971de34a44c",0,0,0,0,0,0,0,0,19,0,0,0,0,0,0,0
"381","68042875e3812ac0b72b844ab1e192f5f65cb7ce",0,0,0,0,0,0,0,0,0,0,0,0,0,0,0,66
"382","681372c71de921567e27fd20b4339cd9edc19dc5",0,0,0,5855,0,0,0,0,0,0,0,0,0,0,0,0
"383","681542fc222eb61086afac319f734ef1c5c31849",0,0,185,0,0,0,0,0,0,0,0,0,0,0,0,0
"384","6851fffd33d1ae3593718581aaddf1675b35a9e7",0,0,0,0,0,1182,0,0,0,0,0,0,0,0,0,0
"385","6865099a80c0043771d0151aa8bda15a713d63e3",69,0,0,0,0,147,0,0,0,117,37,1253,162,393,254,294
"386","686fd8b59c6f87b27fe6a21b366a0e4b838135e1",0,0,0,0,0,186,0,0,0,0,414,0,0,0,0,0
"387","68714bd4d91f5d800bb81a5f47e9e6f02384257b",0,0,0,0,77,7,0,0,5,4,0,0,0,0,0,0
"388","68de381449314da89f8660b3bb26cc52c0c4e2ba",0,0,0,0,0,24,197,37,71,290,0,10,0,0,0,0
"389","68df9429cde7f934e640055cf1917c794d57c786",0,0,0,0,0,0,0,0,0,2,0,0,0,0,0,0
"390","6914341bc7e1169375149718f8abcabc7490f8d4",0,0,0,0,0,0,0,0,0,287,0,0,0,0,0,0
"391","6950a504c858e51241cac98cb4b1b8cad81eff0e",555,0,93,0,0,185,0,0,0,156,0,0,0,89,0,0
"392","699998b228e39009dc3427070b6bafcf3fb8c664",0,0,0,32,0,0,0,0,0,197,0,0,32,0,0,0
"393","69a62fe8a6930ddf4877834feccbcbe37bc15fe6",0,0,0,0,0,0,0,0,0,14,0,0,0,75,0,0
"394","69ca600a64ce31f180032632bada45f5354bdcc6",0,0,0,0,0,0,0,0,0,317,0,0,0,0,0,0
"395","6a2c6f7903d4641d98bc3ccdbc3a0f0569a51b1d",0,0,0,0,0,0,0,0,0,0,0,0,0,0,0,344
"396","6a8a67214796d87cf598ed956caad72d8da537e0",0,0,0,0,0,0,0,0,4,0,0,0,0,0,0,0
"397","6b07660f743f9e1c643619d1f389bcbfcf57ec7b",0,0,0,0,0,0,0,0,0,0,0,0,0,0,0,0
"398","6b30f2afe101e63ab170a797599c1f76c6c20607",34,0,0,0,0,0,0,0,0,0,0,0,0,0,0,0
"399","6b518c427c01dcb2d856adda991fd08f6a6c3638",0,0,0,0,0,0,0,0,0,0,0,0,0,0,0,0
"400","6b976e008f3c98aa86cb64aa686cbfcb409c8f0a",238,0,0,0,0,45,0,0,0,0,0,0,0,882,0,0
"401","6c040c44d0a26b1e276eba591a18ceb9ee59865f",0,0,0,0,0,0,0,0,0,0,0,0,0,0,0,0
"402","6c38af928852fb67e5ff4a876379e374f5a33d25",0,0,0,0,0,81,0,0,0,0,0,0,0,0,0,0
"403","6c94faf83192d2e34c3c811f6d386741b08aac15",0,0,0,0,0,42,0,0,0,0,0,0,0,0,0,0
"404","6d00663d07468d118f05bd0cd5ec5c7d80a1621c",0,0,0,0,0,6,0,0,0,0,0,0,0,0,0,0
"405","6d0c70e49615649ba5545cf0f48a23fc27851bf2",0,0,0,0,95,0,19,0,0,0,0,0,0,0,0,0
"406","6d2990c268e5769f979d432b0dec2812308606b4",0,0,26,0,0,0,0,0,0,0,0,0,0,0,0,0
"407","6d41a9e4ac7c223ef10a38ba8638663d02190ecb",0,0,0,0,0,0,0,0,39,0,0,0,0,0,0,0
"408","6d4fadad6ed332d69b01f5b6a9fb97752337e30f",0,0,0,99,0,0,0,0,0,0,0,62,0,0,281,56
"409","6d72493a02641dd406258dfee11314e68173d95c",0,0,0,0,0,0,0,0,0,0,0,0,0,73,0,0
"410","6d73948ba71bef2c78986a84eaea1a093e7badd1",0,0,0,0,0,0,0,0,0,0,0,0,0,0,0,0
"411","6d93bd45f49fa3b7ef399cec76a591da37dd18d7",0,0,0,0,0,0,0,0,0,0,0,0,0,303,0,0
"412","6db8cc221939cdc8c55a0191ffe9bdeca0679b0e",54,0,0,0,0,0,0,0,0,0,0,0,0,0,345,0
"413","6e6b2ae850506cc0ea7baa4492214e7987501560",252,0,220,1543,0,1115,0,0,0,0,0,1671,0,985,8006,4116
"414","6e6d433cb0b801969d2d849dbca55d933e5195c3",0,0,0,0,0,0,0,0,0,0,0,0,0,0,0,0
"415","6ef3ab35e9450c1de140e40ec899d920c9e83618",0,0,0,0,0,0,0,0,0,15,0,0,0,0,0,0
"416","6f01a43858c4adeff558f03693318ff97d09a3b6",0,0,0,0,0,0,0,0,0,0,0,24,0,146,0,435
"417","6f81709a71ed283c846356578061a50ac646e758",0,0,0,0,0,3,0,0,0,0,0,0,0,0,0,0
"418","6f81c04c1987206e0cfb5d97c8a3bb426af9600e",83,0,0,0,0,0,0,0,0,0,0,0,0,0,0,0
"419","6f8dd5bf31d8620afccc155aa4cfdd75e15bb498",0,0,0,0,0,0,0,0,0,0,0,36,0,0,0,0
"420","6f93c18e5a5ef94bb08099b6f6505f5082ebe2cd",140,0,0,0,0,0,0,0,0,0,0,0,0,268,0,0
"421","6fa4e04ff1d7c7a15a9c76a376661ef7671ba7dc",0,0,0,0,0,0,0,11575,0,0,0,0,0,0,0,0
"422","6fb7914c9852c1abb1444f8ecfb3ee083a2ed602",0,0,0,0,0,15,0,0,0,0,0,0,0,0,0,0
"423","6ff80d892732caba7fd30efffb6999288cc9d3c0",0,0,0,0,0,0,0,0,0,0,0,0,0,0,0,0
"424","7058329838365cb375806f2cef16b428e1910d10",0,0,0,0,0,0,0,0,0,0,0,0,0,0,0,0
"425","71199cb627a773f1c5bcfa2ceb80984726d2b92b",0,0,0,0,0,41,0,0,0,0,0,0,0,0,0,0
"426","711ed716c7a018f4769d6113423b13b7182a7b81",0,0,0,0,35,0,0,0,0,0,0,0,0,0,0,0
"427","7129c619109fb49d48c81e5f8e0c0ada414b8af6",0,0,0,0,0,0,0,0,0,0,0,0,0,88,0,0
"428","7171b7d06f2220d0937ca447d56276f280db375e",0,0,0,0,0,0,0,0,0,0,0,0,0,0,0,0
"429","718a1226c78f3c2a810fb9b72cd3dfa8926e22a3",0,0,0,0,0,0,0,0,0,0,0,0,0,153,0,0
"430","71c3bf45322b69313db922b1a285e15940170f0a",0,0,0,0,0,515,0,0,0,0,0,0,0,0,0,0
"431","7200a8f1f6af0f9dd1eabcbcf7ba74100cf7dff6",0,0,0,0,0,0,0,0,0,0,3,0,0,0,0,0
"432","72bd6999fe015a1eadf05d7631c332c4a71ace5c",0,0,0,0,0,35,0,0,0,0,0,0,0,0,0,0
"433","72d062446bb7ba8f9c7915f64384ee7d8b603d0c",0,0,0,0,701,0,0,0,0,0,0,0,0,31,0,0
"434","72df0fa00ea9a5f7f2478f9aed5e579b2aa57220",0,0,0,0,0,0,37,0,13,0,0,0,0,0,0,0
"435","732a60ebd2d4c78b2c61cb7173908b69c11e09c9",0,0,0,0,0,0,0,0,0,31,0,0,0,0,0,0
"436","73d50beaf721e9f4e71ba9ca9ff0349384456bf0",0,0,0,0,0,0,0,0,0,0,0,0,0,0,0,0
"437","743d9e0b834d4137a3fd9cc49b355be1e43ae910",0,0,0,0,0,0,0,0,0,384,0,0,0,0,0,0
"438","749dcf8eeefb3383c0fdf1a798bbd7a62d16aa44",0,0,0,0,0,0,0,0,0,17,0,0,0,0,0,0
"439","74b499078650335d6f86c14b17614f76b1854018",0,0,0,0,0,0,0,0,0,0,0,0,17,0,0,0
"440","74f9bdd8535b4c6fc6cb14fdc86019d1de069cb0",919,0,55176,794,0,0,0,0,0,0,0,0,0,0,0,0
"441","75d23efcebef6cf45d0c89fc24e8b39c75f23f63",0,0,0,0,0,0,0,0,0,0,0,0,0,220,0,0
"442","7761526519fda29c5c9ac6663b370054e80b7263",0,0,0,0,0,2,0,0,0,0,0,0,0,0,0,0
"443","77756dfc3d52fb50f465d3eb71ce2a988abaef32",0,0,0,10,0,0,0,0,0,0,0,0,0,0,0,0
"444","781234e59d41ec4e5946e6ff400431a690f435e4",0,0,0,0,0,0,0,0,0,3,0,0,0,0,0,0
"445","78527a2893c62cfa7192dd0d82720760dfe1e4be",0,0,0,0,0,0,0,0,0,0,0,0,0,0,0,0
"446","7858e672d538afedd3af80d1eb9bdf64f76c07b5",0,0,0,44,0,0,0,0,0,19,0,0,0,0,0,0
"447","78f54f41acba54d14189a57d673d19a7e9c4b936",44,0,0,0,0,135,0,0,0,0,0,0,0,498,0,0
"448","7904c521a49271b4930d073be0b7b3402f82f5e7",0,0,0,0,0,0,4,0,0,0,0,0,0,0,0,0
"449","790c97e53a081803d500f5216757d3e13c8bd6ca",0,0,0,0,12,0,0,0,0,0,0,0,0,0,0,0
"450","7920476ca630364bb0ea2b707316127349747b7d",0,0,0,0,0,0,0,0,0,0,0,0,0,0,0,0
"451","7985f72096da214d0c241c4227257055e45b6a41",0,0,0,0,0,0,0,0,0,0,0,0,0,22,0,0
"452","7ab1bf5a5d189127d43e107def8ecdf18aaf8ff6",0,0,0,0,0,0,0,0,0,0,0,40,0,0,0,0
"453","7adace709ce29ad37e31c1253904a6927424f353",0,0,0,0,1468,0,0,0,0,0,0,0,0,0,0,0
"454","7ae6c8d5e302d22e96eb664b6e68c2385aec5a5a",0,0,0,0,0,0,0,0,0,0,0,263,0,0,0,0
"455","7b32b5bd6712b6febbd66c6bb0a1b40702a91222",0,0,0,0,0,0,0,0,0,0,0,0,0,86,0,0
"456","7ba239bd885dc9cfecffde0752e2c2194ae85f74",0,0,0,0,0,0,0,0,0,0,0,57,0,0,0,0
"457","7c03ee54dad2000d5c2bbd44c024aa66a90cbba8",0,0,0,0,0,101,0,0,0,0,0,0,0,0,0,0
"458","7c9327c77399043fa78be59964190f9acd8ecc63",175,0,0,0,0,0,0,0,0,0,0,0,0,0,0,0
"459","7cbdbc8607d0b11c36564a74f1fffe1071916eec",0,0,0,0,0,0,0,0,0,0,0,0,0,0,0,0
"460","7df189e993f359afe2e5bcaebc5218a2a5b5b64e",0,0,0,0,0,0,12,0,4,0,0,0,0,0,0,0
"461","7e7e3c444e485b1ef8a2ba9be584a5691c6ef8e9",0,0,0,0,0,0,0,0,0,0,0,0,0,2,0,0
"462","7e96e664efe3e18ba9a6d045099f31fa6857c986",0,0,0,0,0,0,0,0,0,0,7900,0,0,0,0,0
"463","7ea8f118da047ab191d16df8d42e61a62b91a537",0,0,0,0,0,0,0,0,0,0,0,54,0,0,0,0
"464","7eb1c2f82d9653f64608154d38944b09e76d55c5",0,0,0,0,0,0,0,0,0,0,0,0,0,0,162,0
"465","7ed69f089c6a810c9434950899ffa09ad91e3f6d",0,0,0,0,0,0,0,0,0,0,0,0,0,0,0,0
"466","7ef1931543404dc6b4c9d8f125af3c7cbac725bf",0,0,0,0,0,0,0,0,0,0,0,0,0,144,0,0
"467","7f0c63c5ace088f1d793ef0143cf408abcb1283e",0,0,0,0,0,0,0,0,0,0,0,0,124,0,0,0
"468","7f21e07b970bf5f03374551abec5ad38995f920c",0,0,0,0,0,0,0,0,0,0,0,0,0,0,0,0
"469","7f3f09e7aaeca38d8b3c196e268a44547bd702ad",0,0,0,0,0,0,0,0,0,0,0,0,0,90,0,0
"470","7f93c2356b7a75855bf23901a4a4946a09c74ed6",0,0,0,7,0,0,0,0,0,0,0,0,0,0,0,0
"471","7fec9c359d776a212da658030c3ab3d16b639e43",0,0,0,0,0,0,0,0,0,0,0,38,0,0,0,0
"472","807e797e40d508af866197e0f282ce546f48d485",0,0,0,0,0,0,0,0,0,0,0,0,0,0,0,0
"473","809c838791a334d4881dd024ddccdd8b8866a908",0,45,0,0,0,0,0,0,0,0,0,0,0,0,0,0
"474","8162f437d3d3166347b77313d0ca1dbdc2bc4016",0,0,26,0,0,0,0,0,0,0,0,0,0,0,0,0
"475","820a35b01911a2a4750880560da852792eddbbcb",0,0,0,0,0,0,0,0,0,0,0,0,0,0,0,0
"476","8221592f98de78c257ce7504572985ca132c0ae7",0,0,0,0,0,0,0,0,0,0,0,0,0,574,0,0
"477","830bac823005e96d85f6881aa0bd2c2b14a6b0ad",0,0,0,0,37,0,0,0,0,0,0,0,0,0,0,0
"478","837020b55b70e40635c33417f7572942ca7a7009",0,0,0,21,512,124,389,0,1342,0,46,0,0,0,0,0
"479","83b2f35b4a9f532a6275c73ae202ce1297c21aef",0,0,0,0,0,0,0,0,0,6,0,0,0,0,0,0
"480","83bf36097a21fc5682e6cff8d93e844e85a42ee1",0,0,0,0,0,0,0,0,0,0,0,0,58,0,0,0
"481","83d9a24b7e68456b6fe8be137ed0d17b6087e49c",0,0,0,0,0,8,0,0,0,0,0,0,0,0,0,0
"482","83deab8868dba56d6b836d8f338b212b6f721ad1",0,0,0,0,0,0,0,0,0,0,0,0,0,18,0,0
"483","842a2506f3fd4a072c55a891ee9086fec57ce362",0,0,10,80,0,0,0,0,0,0,0,0,0,34,0,0
"484","8443d826d7b007cb9540010e592610d5b716e007",0,0,0,0,0,0,0,0,0,76,0,0,0,0,0,0
"485","8494ee5532b9624e8ef45570855c4c6fbef83f20",0,0,0,0,0,0,0,0,0,0,0,0,0,71,0,0
"486","84f405ef363d6bfca89098bccecc6dc6e0032e53",0,0,0,0,0,0,0,0,0,0,0,0,0,0,0,0
"487","85077e08965d11e7bf3ed5bab4bfd42a4968aa89",0,0,0,0,0,4478,0,0,634,0,0,0,0,0,0,0
"488","856adbbd6780d096aa923a18481a9884b70edf25",0,0,0,0,0,0,0,0,0,0,0,0,0,0,2846,0
"489","85e2e3fca8912b892bc76e496d7bb879fffdb16f",92,0,0,0,0,0,0,0,0,0,0,0,0,0,0,0
"490","861848b81ee24107c78ef4096209f09cb9497332",0,0,0,0,0,62,0,0,0,0,0,0,0,0,0,0
"491","8621efe7a8640bc1c6ee9a6853dc555b10b9601f",0,0,0,0,0,0,0,0,0,0,0,0,0,0,0,0
"492","865a619cad72bf5efac2dfc1e5fd5ad494d82f90",0,0,0,0,0,0,0,0,0,0,0,0,0,0,0,0
"493","866c8468ed1d87737e7f229ec9b4fee3b9d8302c",0,0,0,0,0,11,31,0,23,145,0,0,0,0,0,0
"494","86a2a84f3e6a8500e7abc6d74a89cb6495f31937",0,0,0,0,0,0,0,0,0,0,0,0,0,0,0,0
"495","86a9af59f8d62a02635d84877537f2b84316259d",0,0,0,0,0,341,0,0,0,0,0,0,0,0,0,0
"496","86b5e6e45e5a124225fafb36289d09a0db30f3f4",0,0,0,0,0,0,0,0,0,0,0,313,0,0,0,0
"497","86e954b6b4640de2a532d0f2c9329b96891d511d",0,0,0,0,0,0,0,0,0,0,0,0,0,0,0,0
"498","8744dd2858c0eda66f6daf9c90a1b92a6ab6c820",347,0,0,0,0,0,0,0,0,0,0,0,0,0,0,0
"499","87cae20a691b13f9183a63b10fb5eca3afb42452",0,0,0,0,0,0,0,0,0,0,0,0,2845,0,0,0
"500","881c07b202d2310dba5afa2d65270ea449be2340",0,0,2,0,0,0,0,0,0,0,0,0,0,0,0,0
"501","894f73dc6883f29a838304fd218efdfaf12bd154",36,0,30,0,0,1042,0,0,0,0,0,0,0,0,0,0
"502","895287893d328205e9b9f2cab768c786d7981636",0,0,0,0,0,0,0,0,0,0,0,0,0,0,0,0
"503","897b5eae5c222a6e66fd187a7d657807dc9697cf",0,0,0,0,0,0,0,0,0,0,0,0,0,0,0,0
"504","898600c88e80513ad605afc43ecc0dab6238e554",0,0,0,0,0,0,0,0,0,48,0,0,0,0,0,0
"505","8a0f626ac39dbf2bba4f983d8f13c759e59b0051",0,0,0,0,0,0,0,0,0,0,0,0,0,0,0,0
"506","8a4c77cfe21f3e7e0981111c5fd7be9535d6bc18",0,0,0,0,0,0,0,0,0,0,0,0,0,1730,0,0
"507","8a5a6db141fd33ece52b802eaff69ac604a3917a",0,0,0,120,0,3,0,0,0,0,0,0,0,0,0,0
"508","8a7fcda4d4398b11a1ba89c141d62b5c8ac5e8e0",0,0,0,0,0,0,0,0,0,0,0,0,0,7179,0,0
"509","8b11a90f5d7b33d0fdd877ea1993a198365f2dff",0,0,0,0,0,0,0,0,0,0,0,0,0,13,0,0
"510","8bf7ad3742c07fb5c8e751dc956651c151ece1cb",0,0,0,0,0,0,0,0,0,0,0,0,0,2,0,0
"511","8c24cbb963b5d40d624459ee8e267cbfc3f43dd0",0,0,0,0,0,0,0,0,0,86,0,0,0,0,0,0
"512","8ceead2cf25e54cbea1981ea442e647e93c1a15e",0,0,0,0,0,0,0,0,0,0,0,315,0,0,0,0
"513","8d3c2f5d3115b3aa36d0587056e8e61d5a7b648e",0,0,36,0,0,0,0,0,0,0,0,0,0,0,559,0
"514","8d4cc2e8c7f20ba7e2a4c6ee4457f0a6a9b98d45",0,0,0,0,437,0,0,0,0,0,307,0,0,0,0,0
"515","8d5d04717de40af8e548afc19f72ee3e61f0803e",0,0,0,0,0,0,0,0,3,0,0,0,0,0,0,0
"516","8d878f7c4627747ed7aa712bf2bf62e9eb796683",0,0,0,0,0,0,0,0,0,0,0,380,0,0,0,0
"517","8db9b7b8e970651eae2c89001f5eba9c19a76e9c",0,0,0,0,0,0,0,0,0,0,0,0,0,0,49,0
"518","8ec239086a806c97735c8916cd2fd7646c44a0de",0,0,0,0,0,0,0,0,0,0,0,0,0,0,0,123
"519","8f00bd43b9cef841b113073b7bdea53114cd7384",0,0,9,20,0,0,0,0,0,0,0,0,47,127,27,0
"520","8f5af88ca55516cf66629b3e1588b5fc806a7efe",0,0,78,0,0,0,0,0,0,0,0,0,0,0,0,0
"521","8fd3e861fc6d88fa1a12b398a2ac39b4ca8dd442",0,0,0,0,0,75,0,0,0,0,0,0,0,0,0,0
"522","90e55f27b71a87af18e2ab9f75e6b1b232ee7d4e",0,0,0,0,0,0,5,0,0,0,0,0,0,0,0,0
"523","90ec7b1f8cfb93079b8ae9e0acc84adb4023887d",0,0,0,0,0,0,0,0,0,7,0,0,0,0,0,0
"524","910719472e9c9da8e4d8d933914c345ca24e20b4",0,0,0,3065,0,0,0,0,0,0,0,3740,0,0,0,0
"525","912fb7e0bfd85f58444bbe415ba711675fae704f",0,0,0,0,0,0,0,0,0,0,0,0,0,0,758,0
"526","914275e6686877e25cfdb5df6c8a42744c44f9b0",0,0,0,3,0,0,0,0,0,0,3,0,8,1095,0,0
"527","920f75722272dca999a3bf9a69c8a4c4f5a30fa1",0,0,0,20,0,0,0,0,0,0,0,0,0,0,158,0
"528","929371ba7bc4e9291b5d49829c93c66c67d836c3",0,0,0,0,0,0,0,0,0,0,0,0,0,31,0,0
"529","92ecb91464005e4576287389e22702a3e37bc6b3",0,0,0,0,0,0,0,0,0,0,0,0,19,0,0,0
"530","93b1a402f944324962d7a939035eb04753ead8b7",0,0,0,0,0,0,6,0,0,0,0,0,0,0,0,0
"531","93e28119be967e2932f453bc45374483a7d2c7d0",0,0,0,0,0,0,0,0,0,0,0,8,0,0,0,0
"532","93f7e0126cb4fcd4707b09f7d08f988d3019035d",0,0,0,0,0,0,0,0,0,0,0,0,0,0,0,0
"533","956d1658251a7664819de353268c22a2467e5532",0,0,0,0,0,0,0,0,544,0,120,0,0,0,0,0
"534","95aef7494e82b5cc55d5a2007efec2f9efa3e526",0,0,60,0,0,0,0,0,0,0,0,0,0,0,0,0
"535","95c5d6d3bc61653146dfb7203d38a9ed5c826c72",0,0,0,0,0,0,0,0,0,0,0,0,14,0,0,0
"536","961cd5ce154310c7fd54468560aca8d35041c8c7",0,0,0,0,0,43,0,0,0,0,0,0,0,0,0,0
"537","96b0c12782bc61deb3c003cecaa108f2e2b30186",0,0,0,0,0,0,0,0,0,0,0,0,0,41,0,0
"538","96f47a36199f36445541aaa2001045eb49c8c56a",0,0,0,0,0,0,0,0,0,0,0,0,20,0,0,0
"539","971d71ff274bf68463802e6c3ce1479a814b1f81",0,0,0,0,0,0,0,0,0,0,0,0,0,0,0,43
"540","97579af49fb63e960479c4a6530d002b46621307",30,0,0,0,0,0,0,0,0,0,0,0,0,0,0,0
"541","97632053d61f1fad7e5b97573daaf02cb196fe59",0,0,0,0,0,196,0,0,0,0,0,0,0,0,0,0
"542","977c05bd566fb6e862d82f7c6cce48ba8d19275a",0,0,0,0,0,0,0,0,0,0,0,0,0,0,0,0
"543","9786bdb6c3a307953936d3efd8c973c05c84d97c",0,0,0,0,0,0,0,0,0,0,0,0,0,98,0,0
"544","97c0a0b78a9051b6b2e2cff07831849027a24086",0,0,0,0,0,0,0,0,0,0,0,0,0,0,0,0
"545","97d5948bd4b4362b9bfcff8f47c1af49259ea0d2",417,0,100,0,0,57,0,0,0,57,0,0,0,175,0,0
"546","97eba237b82c30ea20f6265eafa44e2dcba9c3da",0,0,0,0,0,0,0,0,0,0,0,0,0,150,0,0
"547","985a69c7764758b20290a269f89abd91f18c70af",0,0,0,0,0,0,0,0,0,0,0,0,0,0,7,0
"548","98b9d1aa8fd72cecdf12cd901128d83169c72ef4",0,0,0,0,0,0,0,0,0,0,0,0,0,106,0,0
"549","991675049f7bdba5807d8baf61086c2c5e045797",0,0,281,0,0,0,0,0,0,0,0,0,0,0,0,0
"550","9942a4c1c3ff80dc177d5cf51b13c0a17a3364d3",0,0,0,0,0,0,0,0,0,0,0,0,0,0,0,13
"551","994f4e0d46a1bc86fc520d276f629df7f22e2f63",0,0,0,0,0,0,0,0,0,0,0,0,0,0,0,0
"552","9995b9cd343c2258d25342be5f62a721b0970c36",0,0,0,0,0,0,13,0,0,0,0,0,0,0,0,0
"553","99ba0382e7a698637a042caec0dcdd415f551b33",0,0,457,0,0,27,0,0,0,0,0,0,0,0,0,0
"554","9a113fa5c596109c74988430f66b713c5ab461ee",0,0,0,0,0,56,0,0,0,0,0,0,0,0,0,0
"555","9a1a98c848d085d9384f5ae16a563f2e5becfb45",0,0,0,0,0,0,0,0,0,214,0,0,0,0,0,0
"556","9a2f45f6bd9781d52b355893e422fceef3e600a1",0,0,0,0,0,0,0,0,0,0,0,0,0,0,0,0
"557","9a70de23c085314e6ab43e55dcb56fce70587663",37,0,1065,513,0,0,0,0,0,0,0,0,0,0,0,0
"558","9b221c0e8a8dd2ee82214bbc00bd37bbb2df307d",0,0,0,0,8214,0,0,0,0,0,0,0,0,0,0,0
"559","9b4c3de59b9163cf2da4f9e104a5b65e798db0b6",0,0,0,0,0,0,0,0,0,584,0,0,0,0,0,0
"560","9b60a416003d9d36c43a15b001175ce94ee0bb41",0,0,0,0,0,0,0,0,0,0,0,0,0,35,0,0
"561","9b9f6e13b644886afad8864d6601b2000dae17a0",9,0,16,482,0,15,0,0,0,0,0,0,0,16,269,65
"562","9bb42ccb78fb29277862e0cc03404a4aa9194ac7",0,0,0,0,0,0,0,0,0,0,0,0,0,0,0,115
"563","9bfcd3bcbf319875ed6387b7def9905d8826323f",0,0,0,0,0,0,0,0,0,2,0,0,0,0,0,0
"564","9c1f29a7bb544b3ebd2d985b47670334284c6050",0,0,0,0,0,0,0,0,0,0,0,0,0,0,0,0
"565","9c3e35c0c48322e0147bf48e2960e168f015d96b",0,0,0,0,0,0,0,0,0,53,0,0,0,0,0,0
"566","9cbf8e5c3aa03a735b18c0fcf15eb7fc56a3ff29",0,0,0,0,0,0,0,0,0,0,0,0,3,0,0,0
"567","9cedbe62158066bd177103b4b96e5c90c5b176f7",0,0,0,0,0,0,0,0,0,0,0,156,0,0,0,0
"568","9d5885c74a9573f90158df871647d5a0ae966c94",0,0,0,0,0,0,0,0,0,0,0,0,31,0,0,0
"569","9e4f8eb89c8af13c2ffb840c45e1d162fc43e739",0,0,0,0,0,0,0,0,0,0,725,0,0,0,0,0
"570","9fc35173d79493f193a1f5ba1c2fe373adea01b8",0,0,0,0,0,0,0,0,0,0,0,0,56,0,0,0
"571","a0e7159c1be812dc2ab67836d5b63ce99184baf2",0,0,0,0,0,0,0,0,0,0,0,6,0,0,0,0
"572","a12c37544b3fe02fd04aea1dd8111961ac05366d",0,0,0,0,0,0,0,0,0,0,3,0,0,0,0,0
"573","a13a6458e800426a0c741809f5c97ce7dceb33fa",0,0,0,0,0,0,0,0,0,0,0,2,0,0,0,0
"574","a145a40787b04637744888e0e1580dd7b4dbbd1b",0,0,0,0,0,0,0,0,0,0,0,0,0,0,467,98
"575","a155e4d9d82fef7445179b3bb9083fcff14a4213",0,0,0,0,0,0,0,0,0,0,0,0,0,0,0,34
"576","a15fa1e1831ffac3265b6f2979da3a880f156124",0,0,0,0,0,0,0,0,0,11831,3,0,0,0,0,0
"577","a1652ea01712b93d61657d1d5fe524bec82072b3",456,0,0,0,0,0,0,0,0,13,0,0,0,0,0,0
"578","a166094ea1387c31c78c02aa1b82a199d945f714",0,0,0,0,0,0,0,0,0,0,39,0,0,0,0,0
"579","a17946b504ef08862a183bba11717f5f508c6335",0,0,0,0,0,0,101,0,7,8,0,0,0,0,0,0
"580","a1852245a7cd533342d6705f214bebb2edee248f",0,0,0,0,0,0,0,0,0,0,0,0,0,0,0,47
"581","a19023e2938b2d4c19d5e2b8c4962e8bcd73177d",261,0,45,0,0,187,0,0,0,61,0,0,0,0,0,0
"582","a1913f2a89fdd5f0b3142252aa892fedf9eac569",0,0,0,0,0,0,0,0,0,0,0,0,0,70,0,0
"583","a1babf7d87df66adb4e4e473fa9a07f733aee805",0,0,0,0,0,0,0,0,125,0,0,0,0,0,0,0
"584","a1bd8c3c579e5c0eae315dfe9ba06d3f4b917007",370,51,0,3257,0,0,0,0,0,416,0,150,676,1106,700,0
"585","a1e1ac867f2717f8ee7191dcde461a5f6c026ece",0,0,0,0,0,0,0,0,0,0,0,0,0,0,18,21
"586","a200a5e36062c3f55c14ae2fa7529f542abf7271",15,0,0,0,0,29,0,0,0,0,0,0,0,7,120,78
"587","a22984b9c4ae76c042d0916537a84bf0cb949fd2",0,0,0,0,0,0,0,0,0,9,0,0,0,0,0,0
"588","a23e441778f1ba155328eef50177426627150440",0,0,0,0,0,0,0,0,0,0,0,0,0,47,0,0
"589","a268d66d44cb6611a89f0d6b19351e7211d00413",0,0,0,0,0,0,0,0,0,0,0,0,0,15,0,0
"590","a2b51683959d22b49f94d01a772efff97a81a8da",0,0,0,0,0,0,0,0,0,0,0,0,13,0,0,0
"591","a2cad7992d70617f236ec38b88ded0042dbbf15e",0,0,0,787,0,0,0,0,0,0,0,0,0,0,0,0
"592","a32d276e30f76e771318e8c516046bc05f72db69",170,0,446,0,0,398,0,0,0,239,0,0,0,63,0,0
"593","a335f60c56c031b97c3afd4f7fa2b857b4e29199",0,0,0,0,0,0,0,0,0,0,0,0,0,0,17,0
"594","a34cfac7e5cac202dcaf4085c44343244661bb60",0,0,0,0,0,2,0,0,0,0,0,0,0,0,0,0
"595","a350a15502140f328d51f1ac7058bf856ebb6b75",0,0,0,0,0,0,0,0,0,0,0,0,0,12,0,0
"596","a3611571e9f95f8f6023a4e377113bb0f8687eab",0,0,0,0,0,0,353,0,0,0,0,0,0,0,0,0
"597","a36e98eebfa90207d36839d27dd603eb103ad1b3",188,0,0,0,0,0,0,0,0,42,0,0,0,0,0,0
"598","a3aa48eda958305314ca2ae91a164da875f8cff8",72,0,0,0,0,0,0,0,304,0,0,0,0,251,0,0
"599","a4eb3213b6e2f514a89ce52b4b194ddaa4ba4f3f",0,0,0,0,0,0,0,0,0,2,0,0,0,0,0,0
"600","a526b17c343f9167a2d98d3e7316c85a21835d47",0,0,0,0,0,0,0,0,0,0,0,0,0,0,0,0
"601","a5579204e5a232558ca354fe1b797e9f4782b1f9",0,0,0,0,0,0,0,0,0,0,0,0,0,0,0,0
"602","a557ab5da8e886bb269254e584cd02cb85d68b92",0,0,0,0,0,0,0,0,107,0,0,0,0,0,0,0
"603","a618c2b816fcf191faa8d9d0f7c5e2a9493c959c",0,0,0,0,2567,0,0,0,0,0,0,0,0,0,0,0
"604","a6a2a9f4b7a190289535a32a1df4a2456a5384b1",0,0,0,0,4,0,0,0,0,0,0,0,0,0,0,0
"605","a6a47d4bb59d337d67c0b4e4362b1800636587d7",0,0,0,0,0,0,679,0,0,0,0,0,0,0,0,0
"606","a6d2504604c4da3feda85ca5d29a4cf8b133d9e5",0,0,0,13,0,0,0,0,0,0,0,0,0,0,0,0
"607","a6d6fd7e2ff9fdd926246f97869b2ebf7f084d36",0,0,0,0,0,0,0,0,0,0,0,0,0,0,0,0
"608","a6e241a59c2ed7900e86b07cb485010902f70636",0,0,0,0,0,0,0,0,0,0,7,0,71,94,279,0
"609","a70b2a26ff6cd9bcfc4ca59c829d8ff35c191bc5",0,0,0,0,0,0,0,0,0,0,0,80,0,0,0,0
"610","a744be4eb0c0588f24aca32bfc199b7a09bea66f",0,0,0,0,0,0,0,0,0,0,0,0,0,0,0,0
"611","a74eeebefa63696b84c329460c3922b8ded410a9",0,0,0,0,0,251,0,0,0,0,0,0,0,0,0,0
"612","a7982909e6e6bfa65a1d1dd376c041c53838cf1a",0,0,0,0,0,0,14,0,0,0,0,0,0,0,0,0
"613","a86343e99603fc01bc4eaf0692aa6cfd0deeaea6",0,0,0,0,0,0,0,0,0,0,0,0,4,0,0,0
"614","a8838920b1f38bfc6039bc59c0e26e748e2c01db",0,0,0,875,0,0,0,0,0,0,0,0,0,0,0,0
"615","a8e6604baa7ca0f8c1fccb858e7de4b1a40b3f98",2,0,0,0,0,0,0,0,0,0,0,0,0,0,9,0
"616","a9efbf5e25a5cc45b677c314fb16aee89326fff6",0,0,0,0,0,0,0,0,0,0,0,0,36,0,0,0
"617","aa19746b8fa272efeed1f440d639e4f1369ce04c",0,0,0,0,0,21,0,0,0,0,0,0,0,0,0,0
"618","aa9bf9954d25f759ca7f5ad36e06a6c1786b9fce",0,0,0,0,0,0,0,0,0,0,0,0,88,0,0,0
"619","aae8178f254faeace27bc7f149d04ae39e969184",0,0,0,0,0,0,0,0,0,0,0,0,0,40,0,0
"620","aae88932ebaa3b4356cc1ac8e2900062b8c02b91",0,0,0,0,0,0,0,0,0,0,0,0,0,27,0,0
"621","aaea4ea8536673904029e414fcbee681cd9801e8",0,0,0,0,0,0,0,0,0,342,0,0,0,0,0,0
"622","aaffd15147ccdc1fd23fdaf2816da0bc1d5bd33e",0,0,0,0,0,13,0,0,0,0,0,0,0,0,0,0
"623","ab61dda559547073235959ebcc4a5d548f4c2108",0,0,0,0,0,0,0,0,0,0,0,0,0,0,744,0
"624","abb61f834805ab17b1df25f7023778eb030fea6d",0,0,0,0,0,0,0,0,0,0,0,177,0,0,0,0
"625","abdedf4c6cbbc201c02acff6991a5754eee089dc",0,0,0,0,0,0,0,0,0,0,0,0,0,0,5,0
"626","abe60dc4f328e42645e8b5de62890609258de7a7",51,0,0,0,0,0,0,0,0,0,0,0,848,0,0,0
"627","ac2680017b0c27447f4a3c10ad43b37eb7eca4f6",0,0,3,0,0,0,0,0,0,0,0,0,0,0,0,0
"628","ac2e5da2fda8b2ccdcdfc15dd15da8730d3f746a",0,0,0,0,0,0,0,0,0,0,0,0,0,0,212,0
"629","ac37a95edb6c7ceea11f9ed8030bf49917dca465",0,0,0,0,0,0,0,0,0,0,0,0,0,0,9,0
"630","ac4c232bfde0b7d39a08b20a1f3e48a657a24f32",0,0,0,0,0,0,256,42,96,242,0,0,0,0,0,0
"631","acbf9c9f99e323ef91ac437337ee6e0db3486dfb",0,0,30,0,0,0,0,0,0,0,0,0,0,0,0,0
"632","ad3bf920c93219da8eeb9537fa21fdecc5b77c7e",5,0,0,0,0,0,0,0,0,0,0,0,0,0,0,0
"633","add60dfdaa81b55c808fc154caf15ac941b0ca2a",136,56,0,559,58,37,0,0,0,0,0,1042,169,754,1222,1551
"634","aea45f8036d56e6db86a45d2b52aa5748b34233d",0,0,0,0,0,0,0,0,0,0,0,0,0,0,0,153
"635","aef58d858ad06fd7200deebad20c302c2a672ebc",0,0,0,0,7,0,0,0,0,0,0,0,0,0,0,0
"636","af443937679001ea966beb10277f43108c2bc0db",0,0,0,0,0,0,0,0,0,0,0,0,0,0,0,0
"637","af871fea3d6bee4a98005345ec2cd76974f86c51",0,0,0,0,0,239,0,0,0,0,0,0,0,0,0,0
"638","b01dc3a46e2f8e6c7f62626ce5fdef536ad6f5ee",0,0,0,0,0,0,0,0,0,0,0,0,0,78,0,0
"639","b01f4b36ca1183be8741b78cb333cba3060ae750",0,0,0,0,0,0,0,0,8,0,0,0,0,0,0,0
"640","b042601afb98bd685fe1b4d8318922cb508e95c4",0,0,0,0,0,0,0,0,46,0,0,0,0,0,0,0
"641","b08defa3962f83aca6b88d60b045e8ff2b964e79",0,0,0,0,0,0,0,0,0,0,0,0,0,0,0,0
"642","b09865c65f15f4a8a2798227db18b6d3169aba27",53,0,0,0,0,0,0,0,0,0,0,0,0,0,0,0
"643","b0b36652ce5c064f95e98804521283ea149e25b4",0,0,0,0,0,0,0,0,0,6,0,0,0,0,0,0
"644","b0c15e6164ee940205efe0f1e1a0a0c19435ec9f",1525,0,158,110,0,619,0,0,0,110,0,0,0,6774,0,0
"645","b10a0264251bd863537e618f8d0bbd40f2c2ed95",21,0,0,0,0,0,0,0,0,0,0,0,0,0,0,0
"646","b15a9e1904393baa9438ab9bbd3a890078979eeb",164,0,0,0,0,0,0,0,0,0,0,0,0,0,0,0
"647","b1fb395dbe6b229152fbf62970f20f129ba0ac46",50,0,0,0,0,0,0,0,0,0,0,0,0,0,812,184
"648","b2cd732b1b8f127a888e9ab5dc38f36e4465aded",4,0,0,0,0,0,0,0,0,0,0,0,0,0,0,0
"649","b2e1b4e19f0fcde3d2367ddf3a5b0bbbc68fd814",0,0,0,0,0,0,0,0,11,0,0,0,0,0,0,0
"650","b2edbadda7f78bf15cde4733f4cd3bc1b6074e0c",0,0,0,0,0,2,0,0,0,0,0,0,0,0,0,0
"651","b308f1ff1c8a4490fc47c87f05295b7e5a4a6610",54,0,0,0,0,197,0,0,0,0,0,0,0,29,0,0
"652","b3360fd8035b2d769c49a3cdf25a52187188bf6e",0,0,0,0,0,0,0,0,0,0,0,7953,0,0,0,0
"653","b35f9cee21f667eaebd1f9bd7ed5d7f2c482df4f",0,0,51,0,0,0,0,0,0,0,0,0,0,0,0,0
"654","b37e3b9daa45e1a30a993dbde4d4ff2543572298",496,0,0,0,0,0,0,0,0,0,0,68,0,0,0,0
"655","b39500169f19f6f7dc74cde23a266fe3bd9d8079",13,0,202,0,0,14,0,0,0,0,0,0,0,112,0,0
"656","b3bb66eeb9c585969ae1072453c9b031cea4ab04",0,5,0,0,0,0,0,0,0,0,0,0,0,0,0,0
"657","b49b5b962f90500633efdc08ccee2e44af816ced",106,0,0,0,0,0,0,0,0,0,0,0,0,0,0,0
"658","b4f1ebf501eb18abdf4c773ae170c08177107dd4",0,0,0,0,0,0,0,0,0,0,0,0,0,0,0,0
"659","b53b1c6a7b31c3362af3e450eec31c6df0be8d65",0,0,0,0,0,0,0,0,0,0,0,10,0,0,0,0
"660","b54f54efa1521499c08730d488740a337df4b531",0,0,0,0,0,57,0,0,0,0,0,0,0,0,0,0
"661","b57949f2759ef72fe986ab28e641f624ddef6661",0,0,0,0,0,0,4,0,0,0,0,0,0,0,0,0
"662","b5eb81543115dba61a676c04166469d365f89f76",0,0,0,0,0,0,0,0,0,0,0,0,0,57,0,0
"663","b5f0f5239279f2f3ee8f0fd888bffe1a75290012",0,0,0,15,0,0,0,0,0,0,0,0,0,0,0,0
"664","b60dcc251367a79a3356e3363809a8f68ebb6ba2",0,0,0,0,0,4,0,0,0,0,0,0,0,0,0,0
"665","b65b40c6bd4df86d8c6557b3172e5ee4945d6ee0",0,0,0,0,0,0,0,0,5555,0,0,0,0,0,0,0
"666","b66bf92767420eb5115b7c8aed4dc41a7d17af6d",90,0,0,0,0,243,24,11,0,286,30,1823,135,554,512,339
"667","b6771fd9dbf20028fb13f6c683599e7463aac701",0,0,0,0,0,0,0,0,0,0,0,0,0,0,0,3
"668","b683897eb78088109a62126dcca7e0f5a0db235b",0,0,0,0,0,0,0,0,0,0,0,0,0,0,0,0
"669","b6fd2a764924347287e5878439fc788b598ba8d7",0,0,0,0,0,0,0,0,6,0,0,0,0,0,0,0
"670","b720186c5aee41145a1aae9a8788eb4ace2c5717",0,0,0,0,0,51,0,0,0,0,0,0,0,0,0,0
"671","b74a2d8977fa8a3ecf9db0dbb7b841d1a0554a95",0,0,0,0,0,0,0,0,0,2,0,0,0,0,0,0
"672","b795654bb5a5d96b8887914b439e1967615dfe3c",0,0,0,0,0,0,0,0,0,0,0,0,0,0,335,0
"673","b79a2ab7077b3a9bc39cb0fe22ac29e8247352b2",0,0,26,0,0,0,0,0,0,0,0,0,0,0,0,0
"674","b7b3fdfb3fd2686b0b9ad8b5fef74f47f0c88b4a",0,0,95,0,0,0,0,0,0,0,0,0,0,0,0,0
"675","b7b62cb13509bd995e063212b5f36d011babccd5",0,0,0,0,0,0,0,0,0,0,0,0,93,0,0,0
"676","b7bdaf404951a48d9643a14cbe07186b767fecc4",0,0,0,0,75,0,0,0,0,0,0,0,0,0,0,0
"677","b7e0a792f7202517d04a74a0a5b2c65867540302",0,0,0,0,0,0,0,0,0,0,0,0,0,0,0,0
"678","b7e9dc36de1a879d6ec7460013fa62304a3aabc1",0,0,366,430,0,0,0,0,0,0,0,16,0,0,675,228
"679","b7ebdbb6985dc7198364f9de49dffda452e1647c",0,0,0,0,0,0,0,0,0,0,0,0,0,0,0,12
"680","b800521472df8dfb775e30b9f707ecdeaf0f1702",0,0,0,990,0,0,0,0,0,0,0,1135,0,0,0,0
"681","b809a997632c2640cdbe7940f619b45fa30adc45",0,0,0,0,0,0,0,0,0,0,0,0,0,27,0,7
"682","b81a3ddbee2b56e530525c642ed9240df58fa8ee",0,0,0,0,0,0,0,0,0,69,0,0,0,0,0,0
"683","b92c515d562bda603931668d89f35801fb00b836",0,0,23,0,0,0,0,0,0,0,0,0,0,0,0,0
"684","b95338d3c9a7df5b78e7cc797e0df0c77a97ab62",0,15,0,0,0,6,0,0,0,0,0,37,68,14,0,0
"685","ba8a3abb314f0832bdd308d5785636a9abb6baf8",0,0,0,0,0,0,0,0,0,0,0,0,0,0,0,0
"686","ba9659a909d7c0c2f8ec717ec9f47ce5208b5cf1",0,0,0,0,0,0,0,0,0,0,0,0,0,70,0,0
"687","bb43537ab7d266d059e40deb9e1f8536790adc35",916,0,905,0,0,592,0,0,0,376,0,0,0,20,63,25
"688","bb767f16bcc14e02f38367f339d600ac37f18b22",0,0,0,0,0,0,0,0,0,0,0,0,0,74,0,0
"689","bb8afcd6931ae2193933da240c3d41cc30c246e2",0,0,0,0,0,0,0,0,0,0,0,0,0,0,0,0
"690","bbc5268ac699d6344bdbf111a07d8ffe83abc096",0,0,0,0,0,0,0,0,0,0,0,0,0,534,0,0
"691","bbf3a857205db6c0c17ba285d148a170dde57b8e",0,0,0,0,0,0,0,0,0,0,0,0,0,0,0,0
"692","bc5b87bc503ce611584cdae87c40996e53f6ed74",8,0,34,6,4,31,35,0,67,515,26,7,0,143,6,0
"693","bc982beafdd5bf5cc550ce89ba25af808fdcf2da",0,0,0,0,6,0,0,0,0,0,0,0,0,0,0,0
"694","bce992d95eae8d4afd2a3cdd761b605826760aa1",0,0,0,0,0,0,0,0,0,388,0,0,0,0,0,0
"695","bcee65e78d97be5d4e11196b1ecf02487533304c",0,0,0,0,0,0,5,0,0,0,0,0,0,0,0,0
"696","bd0185ee75338b4601f5fdd610aa24f2084a787f",0,0,0,0,0,0,0,0,0,0,0,0,0,0,0,0
"697","bd47ade374a1d1bb53455acb57695af761642b75",0,0,0,0,0,0,0,0,0,0,0,0,0,0,0,0
"698","bd61f79f0c8ac847f6ab3078be3710a25c22f374",0,0,0,0,0,0,0,0,0,0,0,0,0,3,0,0
"699","bda7db15bcda44597e3a3aaeca2a7abe76eab7b6",0,0,0,0,0,0,0,0,0,0,0,0,0,46,0,0
"700","bdfbf6878047ec2cdd1167f51bb883786178dd24",0,0,0,0,0,0,0,9966,0,0,0,0,0,0,0,0
"701","be056053ac380e04b78c02a833729dd24ea8003c",0,0,0,0,0,0,0,0,0,0,0,0,0,58,0,0
"702","be9bb29ee27f56379b04b9b8c63a8dba2c63dda5",0,0,0,0,0,0,0,0,0,9,0,0,0,0,0,0
"703","bed1b40ff790b44d4957aee96876422336c8a3f7",0,9,0,0,0,0,0,0,0,0,0,0,0,0,0,55
"704","bf2a6548c7d33628a9192da5ddda869c2d7575a9",0,0,0,0,0,0,0,0,0,270,0,0,0,0,0,0
"705","bf577b8b254b4e5802c9258c5d2530ef282ae66d",0,0,0,0,0,0,0,0,0,0,0,0,0,0,0,0
"706","bf5fb30ed1cb71468ac5f842314f3b9841142760",0,0,0,0,0,0,0,0,0,0,0,0,0,0,0,0
"707","bf704fc4d96af48bb0a416ade33b3f92f4b9eef2",0,0,0,0,0,0,0,0,0,0,0,43,0,0,0,0
"708","bf87a932b56f5ea063f60d58296ef8446602c4ad",116,0,0,0,0,0,0,0,0,0,0,0,0,0,0,0
"709","bf8f3bfe8fb8e23135280e64efe4cc3cc315b30c",0,0,46,742,0,0,0,0,0,170,0,80,0,160,405,0
"710","bfc2577faa91154ba3d4632da9b9899febdce738",0,0,0,0,0,0,0,0,179,0,0,0,0,0,0,0
"711","bfcd14f97747c99372ec23c78dab3909d1561ea0",20,7,16,179,0,0,0,0,0,0,0,0,2,225,676,386
"712","bfde302f2bd3de23ebb8e551c4a4af4d71790f62",0,0,0,0,0,0,0,0,0,37,0,0,0,0,0,0
"713","c000b009de1240e446e804d92da614282f91fcfd",0,0,0,0,0,0,0,0,0,0,0,0,0,74,0,0
"714","c106e1cd25bef13848fb5696229c97e7ec724fc1",124,0,0,0,0,67,0,0,0,0,0,0,0,77,0,0
"715","c1118413ee4a696d4f9ebfd8373a3c152e6fbba7",0,0,0,0,0,0,0,0,0,0,0,0,0,0,43,0
"716","c1640379637f071e28f9393dfdec799b374f443d",0,0,0,0,0,0,0,0,0,0,0,0,0,0,29,0
"717","c1eb4696ff48e88b0f85f960b37292932f606e07",0,0,0,0,0,0,0,0,0,0,0,5,0,0,0,0
"718","c21bbb2d7293c117c4a3cbf531f9b9655f5a5671",15,0,0,0,0,0,0,0,0,0,0,0,0,0,248,0
"719","c240b5f38c73bcdef8ba7aea1f95273b2d40e3e5",7910,21621,6692,7408,0,27851,378,0,2927,0,138,1461,22745,124,0,3649
"720","c25abcc3358f7552ed039ccacfb4b28467b2ca9b",0,0,0,0,409,0,0,0,280,0,0,0,0,0,0,0
"721","c26eb4319e0b626b7f00098a2ac313582d78e893",46,0,0,0,0,0,0,0,0,0,0,0,0,0,0,0
"722","c2b31e7f83dc3a59451f7db6714da0a0dd74a2c5",0,0,0,0,0,70,218,0,0,953,0,0,0,0,0,0
"723","c30d90aa40f09e8801991ae689f473148d9af622",0,0,0,0,0,0,0,0,0,0,0,0,0,0,0,0
"724","c3db1f4fb87f52065f108aea13bad38e2d74d8fa",6047,811,6670,80,0,0,0,0,22,0,0,0,4,0,0,289
"725","c3e6c44ce785dda30575ac5c0372641aa8c362fb",0,0,0,0,0,0,0,0,0,72,0,0,0,0,0,0
"726","c40ce5c9da5927cd51e1e3df99e36cc3984796e8",0,0,0,0,0,307,0,0,0,0,0,0,0,0,0,0
"727","c45a6c665c4fd359b1ce244f87dc6eaec3ab0205",0,0,0,0,0,0,0,0,13,0,0,0,0,0,0,0
"728","c498e3f34439ebc5e2c661450405703385551ad5",0,0,0,0,0,0,0,0,0,0,0,0,0,0,439,0
"729","c4fe96ab4bb76aabbbf14d407d2bc730596c6c39",0,0,8,0,0,0,0,0,0,0,0,0,0,0,0,0
"730","c512b390c2ed88e9ce6c46852d506f89d2996f02",0,0,0,0,0,0,0,0,0,0,0,0,0,0,132,0
"731","c51b60f84e63ee2ac51774a3eecb0cf88f5470cc",0,0,0,0,0,0,0,0,0,0,0,887,0,0,0,0
"732","c55a936756a408e0d6acac6927f2b20f0ebcd7b7",0,0,19,0,0,0,0,0,0,0,0,0,0,0,0,0
"733","c55bc6f39da3bb5ac49dca4e8301106653f05e09",0,0,0,0,0,0,0,0,8,0,0,0,0,0,0,0
"734","c5b71526760c13602a2a1e18baef10121517289c",0,0,0,0,0,0,0,0,0,0,0,0,5,0,0,0
"735","c5fc3ea67bba0bade6ed111fe477c11bc3191b15",0,0,0,0,0,0,47,0,0,0,0,0,0,0,0,0
"736","c621ead91f54c394ee29a0669ebe477d85be4b7d",0,0,0,0,0,0,0,0,0,0,0,0,0,0,0,0
"737","c662d23ca95bbb4a08e5ea4180698afd8e836acc",0,0,0,0,0,0,0,0,0,0,0,0,0,0,525,0
"738","c695ecc4721ff140a6352f70b6cb2766f5c34205",0,0,0,0,0,0,0,0,0,13,0,0,0,0,7,0
"739","c6b30fc2d926e7b3c41b3fe8d440bd74b06ed5cb",0,0,0,0,0,0,0,0,0,98,0,0,0,0,0,0
"740","c72cec44d858acd3bad331587ff335f3fc06fa37",0,0,0,0,0,9,0,0,0,0,0,0,0,0,0,0
"741","c7971eea12434e00b9f1d92ffc0d4e2bf552702c",0,0,0,0,0,0,0,0,0,0,0,0,29,0,0,0
"742","c7ec810f37a39a347f7940bb2235047f9a92b5f9",0,0,3,0,0,0,0,0,0,0,0,0,0,0,0,0
"743","c7fc577c9f97603c5cb446e67c7c09ce3050a61f",0,0,0,0,0,539,0,0,0,0,0,0,0,0,0,0
"744","c826a4ed8ce11f9f706c6f67f259d32adf4f0022",0,0,0,608,0,0,0,0,0,0,0,0,0,0,0,0
"745","c8474d1880e38eebf3d42e17e1da4a517447e701",0,0,0,0,0,0,0,0,12,0,0,0,0,0,0,0
"746","c8d4ea4ae30de7d879692c6db92be3177a8bcb47",0,0,0,7139,0,0,0,0,0,0,0,0,0,0,0,0
"747","c954f7e93c3728218a8ecbd26075d61d60905dff",0,0,0,0,0,0,1062,92,306,1274,35,0,0,0,0,0
"748","c95be7b51bb69c78f0e66600e955bb3745784993",484,0,0,0,0,0,0,0,0,0,0,0,0,0,0,0
"749","c9732b8d3efa76bc2187f596f9e2d367690a5d42",0,0,0,0,0,0,0,0,0,0,0,0,0,0,0,5
"750","c9a0192c6c4b1c0627d6ad4cf2249c1bd95247f1",0,0,0,0,0,0,0,0,0,0,0,19,0,0,0,0
"751","c9da9a307b552b62179afb0416b46c3fa4cd8901",0,0,0,0,0,0,0,0,0,0,0,0,0,0,6,0
"752","ca11cb5657ec52398b2fb4bc6f1fd8ad5136e813",0,0,0,0,0,0,0,0,0,0,0,57,0,0,0,0
"753","ca6a338620c11bc8b0d3957d29068f6c39c68b5b",114,28,0,0,0,30,0,0,0,0,0,293,56,70,249,210
"754","caa01da4611d9307b8c7ef450c82a885b3b6f105",0,0,0,0,0,0,0,3,0,0,0,0,0,0,0,0
"755","cad55220dcf4d1117335707ce658d862cd797de7",0,0,0,0,0,8,0,0,0,0,0,0,0,0,0,0
"756","cba418bc94dc3a64e15200ce11bda8c6e0582205",0,0,0,0,0,0,0,0,0,0,0,0,0,0,0,0
"757","ccab7811caf316028e077812127e88647bcec5fe",0,0,0,0,0,0,0,0,0,0,0,0,0,96,0,0
"758","ccd747b754ebb10643c2e7bc04610ba228bdbd2e",198,0,0,0,0,0,0,0,0,0,0,0,0,0,0,0
"759","cce87a838bdfbba0b5eca91d9f743fb1e2ba19ec",0,0,0,0,0,0,0,0,0,3,0,0,0,0,0,0
"760","ccff6ef4db9ff04d7c17cedd9ffb72367ed095c1",0,0,0,0,0,0,0,0,0,39,0,0,0,0,0,0
"761","cd449e8403a0e1bd67f0be5153268920607945b7",0,0,0,0,0,0,0,0,0,0,0,0,0,0,0,0
"762","cd461f97fea3eb247657aaf6ea054a4ff990ac82",81,0,0,0,0,47,0,0,0,81,0,0,69,118,0,31
"763","cdb4c986d289d520ef58950e7e9e009a8f1c86c8",0,0,0,0,0,0,0,0,0,20,0,0,0,0,0,0
"764","cdcb695162416c14e7c23bdbb3d462f274b89a4d",559,0,0,0,0,0,0,0,0,0,0,0,0,0,0,0
"765","cdffdeed24846ab0fa0610d9f5c119df862c22d2",107,0,0,0,0,0,0,0,0,8,0,0,0,528,0,0
"766","ce213e276a68f4d89e1af6d87e07e249f66c419c",0,0,0,0,0,0,0,0,0,0,0,0,6,276,0,0
"767","ce3d9344f2d555f0c3ee9b58f6fdf483b88e66f3",0,0,0,0,0,0,0,0,0,0,0,0,0,0,0,0
"768","ce727816c673d819552f1acf79236fc5e4178ce7",0,0,0,0,0,0,0,0,0,0,0,0,0,0,0,0
"769","cec56d18766d86c41b1ab1562f8f2fae96e59eb2",0,0,0,0,0,20,0,0,0,0,0,0,0,0,0,0
"770","cedc8a64d84604cf22989763a2dd9dd21da106bf",0,0,0,0,7676,0,0,0,0,0,0,0,0,0,0,0
"771","cedcb1af2b62e6d6afea91c34a7db2530337e833",0,0,0,0,0,0,0,0,0,0,0,0,0,104,0,0
"772","cee5feca4600eb9cb1ac26bbb37f6f5e5bd9fb6a",0,0,0,0,0,0,0,0,0,0,0,0,0,0,0,0
"773","cef41db228729e82559d461d796ab51f9bcb371f",0,0,0,0,0,0,0,0,0,0,0,0,0,0,0,0
"774","cf0c2e302d1ba39afd8d789068fc4cc6058872e6",0,0,0,3888,0,0,0,0,0,0,0,0,0,0,0,0
"775","cf20a5c3684c767dd7a47573041ed57b174d91b4",0,0,0,0,0,0,0,0,0,0,0,0,0,0,0,0
"776","cf496cdc8ee1b73dd609292097b080a1e7c99174",0,0,0,0,0,0,0,0,0,0,0,0,0,0,645,0
"777","cfad549a422eae6b645bd1fd71969503ae554a1a",0,0,0,0,11,0,0,0,0,0,0,0,0,0,0,0
"778","cfe3015c15e691e3d5aac8901380edd1bc196218",0,0,0,0,0,0,0,0,0,0,0,0,0,0,0,0
"779","d036976571dc84ced6d4c43c766faba1237f0cd5",0,0,0,0,0,112,0,0,0,0,0,0,0,0,0,0
"780","d0e647cf0ef4e1f39439f66ad54650d52f3781e7",0,0,0,0,0,0,0,0,8,0,0,0,0,0,0,0
"781","d12bd1b6cb691d94a63f208e220a99a5ff3f554a",0,0,28,0,0,0,0,0,0,524,0,0,0,0,0,0
"782","d1a5813a6d9caf6e290386a3b9e9b605ccd67bfe",0,0,0,47,0,0,0,0,0,0,0,0,0,0,0,0
"783","d1f3cf55d4184aa31655a8e64ef8f59fc1f6549b",0,0,0,0,0,0,0,0,0,0,0,0,0,0,0,737
"784","d22e337064037201b6f2c0244bb74e2ad1ffcb5f",0,0,0,0,0,0,0,0,0,0,0,62,0,0,0,0
"785","d22f4f506fc83a332f59b9c9aed21cfb2215d626",0,0,0,0,0,0,0,0,0,0,0,0,0,0,347,0
"786","d2c57e05b205bb678612119becab766388e5d127",0,0,0,0,0,0,42,0,0,0,0,0,0,38,0,0
"787","d2cfac82409025bfd1e14fa75921b4c92412930c",0,0,0,0,9,4,2652,0,59,84,8,0,0,0,0,0
"788","d2dec109e26e1901255a39c925ef1a2b616a6258",0,0,0,0,0,0,0,0,0,0,0,2,0,0,0,0
"789","d2f69e49fefae05a93831b57bb89c3e15fde71eb",0,0,0,142,0,0,0,0,0,0,0,0,0,0,0,0
"790","d4192f0825a2d3b8dbbd784afa1f5332e7f80d03",0,0,0,0,0,0,0,0,0,0,0,123,0,0,0,0
"791","d44c95d1aa6d7e112bbee3fea40756619009c71f",0,0,0,0,0,0,0,0,0,0,0,0,0,0,0,0
"792","d4ba2b6cdabe451abf4032825192062c0803a61b",0,0,0,0,0,0,4,0,0,0,0,0,0,0,0,0
"793","d69711cfd7987d048c1bdce50c7b32be973cf2c0",0,0,0,0,0,0,0,0,0,0,0,21,0,0,0,0
"794","d773ca34f2a6701b9e5cd3a904bf9fdf3ed9d556",0,0,0,0,0,0,5,0,0,0,0,0,0,0,0,0
"795","d77c91204733ed864e423622b109bcecf13d6d60",0,0,0,0,0,0,0,0,0,0,0,0,59,0,0,0
"796","d78731f39c3ebc45c41806022cc1396826461693",0,0,0,12,0,0,0,0,0,0,0,0,0,0,0,0
"797","d80ce95af50584f9be3de8e28b6e1e1ce686fabf",0,0,0,0,0,0,70,0,0,0,0,0,0,0,0,0
"798","d838bc80036d7e0848d2c5f1ba045e9ed6816757",0,0,0,0,0,0,0,0,0,0,0,75,0,0,192,0
"799","d87346798bc596e049ed7a73a6a3577585531a64",0,122,0,0,0,122,0,0,0,0,0,0,0,0,0,0
"800","d92fb51ac86b58b2ef3d6a1d5fd5e4532bb26a36",0,0,0,25,0,0,0,0,0,0,0,0,0,0,0,0
"801","daa82d75f78ac8d5bb5259c9020511942c2ef050",0,0,0,0,0,0,0,0,0,0,0,0,0,0,0,0
"802","dabec5c8e3721be348236817cddd3c31eb1647ce",0,0,0,0,0,0,0,0,0,0,0,0,0,0,0,0
"803","dad3039ef3ddbf3004fd9ce1d11ab36401865c63",0,0,0,0,0,0,0,0,0,0,0,0,0,0,398,0
"804","dade4df9edf7815f38c2a2fdf12b802079e94ad2",0,0,0,0,0,15,0,0,0,0,0,0,0,0,0,0
"805","dadfc295c8dc0121c0b4709a802673ceb0dd0d24",0,0,0,0,0,0,0,0,6,0,0,0,0,0,0,0
"806","db2d5a15ad2778f1196b4a48b1578b92877e25d0",0,0,0,0,0,0,0,0,0,0,0,0,0,0,24,0
"807","db4fca415c979bb2f27813230051357ea555e675",0,0,0,0,0,0,0,0,0,0,0,0,0,0,0,0
"808","db786c4928caae69dbc828e61e6e155e3ac8f579",89,0,0,0,0,0,0,0,0,0,0,0,0,0,0,0
"809","dbcdc0436dc94019e54850fc03f4a79efadac140",0,0,0,0,18,0,0,0,0,0,5,0,0,0,0,0
"810","dbd95065a6787486d688fdf5fdc905e08c92b3c7",0,0,0,0,0,0,0,0,0,0,0,0,0,0,0,0
"811","dc3f29a32f63affaa991e70a290c7a0293829438",0,0,0,0,0,0,0,0,243,0,7,0,0,0,0,0
"812","dc6fd56e3a5e624e5fb8c5352fc980230a43baa7",88,0,0,3406,0,0,0,0,0,113,0,133,0,0,0,0
"813","dc810054f59c0eee49394fd61f847a9b53ca2953",0,0,0,0,0,0,0,0,0,0,0,0,0,0,0,34
"814","dcdd49e8cafe89681ae72d2d0990b2bd75b91414",0,0,0,0,0,0,0,0,0,774,0,0,0,0,0,0
"815","dd05f6ca0253c97a9721ef0a9e9ac90286aeb4e2",0,0,0,0,0,14,0,0,0,0,0,0,0,0,0,0
"816","dd2d350b62b6a1c6c9553561fd92087f5d4285a0",0,0,0,0,0,0,155,0,0,0,0,0,0,0,0,0
"817","dd375c3577c680f70f60388ad2b1d8d51bb65319",0,0,0,0,0,0,0,0,0,0,0,15,0,0,0,0
"818","dd7072b661c5b53f5177a820ab2c1ca431c1df7b",0,0,0,0,0,0,0,0,0,0,0,0,0,0,0,0
"819","ddf17c26553754b521d9da468f6e6dd0c34bd2a4",0,0,0,0,0,0,0,0,0,0,0,0,2,0,0,0
"820","de6026aca95bad93bb425a5d998c84e766054926",0,0,0,0,0,0,0,0,0,0,0,0,0,0,0,4
"821","de693049cc74ebfda5e14bd8825f912927aead65",0,4,0,0,0,0,0,0,0,0,0,0,0,0,0,0
"822","deb96e171c888226cc15577e370c0cbf691e3dbf",0,0,0,0,0,6,0,0,0,0,0,0,0,0,0,0
"823","df1706c1c1caecd79942e2e42288be889fb3897a",0,0,0,0,0,0,0,0,0,0,0,0,0,0,368,301
"824","df19db43e27113a0ba5c6f7ad897d56349573547",0,0,0,0,0,0,0,0,0,0,0,0,0,0,0,0
"825","df61301d23182c34b2016bdc11cee3833edd90b9",0,0,0,0,0,0,0,0,0,0,0,0,5,0,0,0
"826","df6290a14c779978a627837be2dacff303717e2f",0,0,0,0,0,0,0,0,21,0,0,0,0,0,0,0
"827","e01f93ca2ee277a2bc78e4f8f0e3ee68b98bf1fc",6,0,0,741,0,20,0,0,0,0,0,105,0,37,669,95
"828","e07e8d71a4dde5c696c67e8e09be6a3d39492e6e",739,0,0,0,0,0,0,0,0,0,0,0,0,0,0,0
"829","e09b485dd4d1bd133e7845d395237f38d661eb69",0,0,0,0,2002,95562,0,0,27435,7366,0,0,0,0,0,0
"830","e0c7476b22a8ab42fe282923a0e0c7c2fbe49b25",0,0,0,0,0,0,0,0,0,0,0,4,0,0,0,0
"831","e199318c40876066960330bd9ea208fb7639a760",83,0,0,56,0,62,0,0,0,0,0,0,0,596,109,0
"832","e254e33a5ce70445a89c326c686d0ca16778faa0",0,0,0,0,0,0,0,0,0,0,0,0,0,0,0,0
"833","e27a36821bf9627395327b6d1c421d0560cbe615",0,0,0,0,0,0,0,0,492,0,0,0,0,0,0,0
"834","e28ad0e97bb3053a3531fffb67de1ef7d3d3d399",0,0,0,0,0,0,0,0,0,0,0,0,0,0,0,0
"835","e2c516c83e90b42a475de865636459e68274c3cc",0,0,0,0,102,0,0,0,0,0,0,0,0,0,0,0
"836","e2ed3c78aa0ccf7f1185a41a50f081a1077eb7d9",0,0,0,0,0,6,0,0,0,0,0,0,0,0,0,0
"837","e334115a4394204afddc7c9b957aa39ea2a1553d",0,0,0,0,0,0,0,0,0,0,0,0,0,0,0,124
"838","e396f514beb6bb0e29a828575cc7fea775d24085",0,0,0,0,0,6,0,0,0,0,0,0,0,0,0,0
"839","e3ae586897aa7a7c500791a9116c709eafcbbce4",0,0,69,0,0,0,0,0,0,0,0,0,0,0,0,0
"840","e4620476c25cbb714b5cf603e2894c1a495d4387",0,0,0,0,0,0,0,0,0,0,0,0,0,0,0,0
"841","e4764a3c08172578c5db22c7ef7b69c316fb45e1",0,0,0,0,0,3,0,0,0,0,0,0,0,0,0,0
"842","e48208030b3116b76cdbb50d359ea19acea96ea9",0,0,0,626,0,0,0,0,0,0,0,0,0,0,0,0
"843","e4bf4b342bbbbee9227e62a69a39fed38fd1f0d6",0,0,0,0,0,0,0,0,0,0,29,0,0,0,0,0
"844","e52743a0dbc26972a01365ff5bc0c4a513a3f7d2",0,0,0,0,0,0,0,0,0,9,0,0,0,0,0,0
"845","e52b2a131d0202c4943e6424d149028855875de2",0,0,0,0,0,0,3,0,0,0,0,0,0,0,0,0
"846","e54b3fd43fbde89a6359e2bc08a7e5202fb5aa5f",0,0,0,0,0,0,0,0,0,0,0,0,0,0,38,0
"847","e58027e8099be712a7e64c2d78668337e5dc05c7",0,0,0,0,0,0,0,0,0,138,0,0,0,0,0,0
"848","e5f803da9a36fac26a5d4c3737ff23674865377d",0,0,0,0,0,0,0,0,0,8,0,0,0,0,0,0
"849","e5fb9d7fafdb5f76ed3d5f0119c6c0ae75845206",0,0,0,0,0,0,0,0,0,0,0,0,0,32,0,0
"850","e64c17f4d9d53f3e7e634f635fd5e4a71e63138e",0,0,0,0,0,0,0,0,0,1102,0,0,0,0,0,0
"851","e6bcb5d65df41b4b107bc0efd26e284d85bf5524",0,0,0,0,0,0,0,0,0,0,0,0,0,0,98,0
"852","e6ccbbd8a64fb47f28589c9c954550ff2f9491f9",0,0,0,0,0,0,0,0,0,0,0,0,0,146,0,0
"853","e6e62aec4e6530ec9d88231193468a1b57ca384e",0,0,0,0,0,0,0,0,0,0,0,0,0,0,0,0
"854","e7523cb18828c7fbf0dfa8ec80729aac52f6f9dd",0,0,0,0,0,0,96,0,0,0,0,0,0,0,0,0
"855","e7e7d4c9d5383a44214cfdaef67f93607e0adf8a",0,0,0,0,0,0,0,6,0,0,0,0,0,0,0,0
"856","e855cb395083958ca954050b16adcbb52c8a1198",0,0,0,0,0,0,0,0,9,0,0,0,0,0,0,0
"857","e87b21dda4606f4d88a77d39a8329d3980edaf1f",60,0,61,0,0,0,0,0,0,0,0,0,0,0,0,0
"858","e8d86c849cbebe738c4b6601befc1b5ffcf339d1",0,0,0,0,0,0,0,0,0,0,0,0,0,19,0,0
"859","e8de935e0fc249e99a62b57e9642ff98ff669242",0,0,0,0,0,0,0,0,55,0,0,0,0,0,0,0
"860","e8e492320f762bff9aa483864577e573c353edd4",0,0,0,0,0,0,0,0,0,11,0,0,0,0,0,0
"861","e9dc4d16323088d3679a8a1cd06ac873d9ac45f7",0,0,0,0,0,0,0,0,0,0,0,0,0,0,2,0
"862","e9e074ce3b3c63e9cdfe4bc8d00312f8c4de325d",0,0,0,0,0,0,0,0,0,0,0,77,0,0,0,0
"863","ea45445f45d4100b739d1e9c52b53752088a1e67",0,0,0,0,0,0,0,0,0,0,0,0,0,0,0,0
"864","ea607e19c62407aa085a11509df44785c5a07364",0,0,0,0,0,0,21,0,0,0,0,0,0,0,0,0
"865","ea6b75c68344d7e1630c66929dc8a6a05aa3322d",0,0,0,0,0,0,0,0,0,0,0,0,0,0,0,254
"866","eaa619cbaa6e11540fc8848ffb78d1f0131bc91a",87,0,116,0,0,0,0,0,0,0,0,0,0,0,0,0
"867","eaa88caadb778f6b003959aaeecb570f8b9f52d4",25,0,0,0,0,0,0,0,0,20,0,0,0,0,0,0
"868","eaf41a1c157bfb376d73b37ddb335da775b2a330",0,0,0,0,0,0,0,0,0,0,0,39,0,0,0,0
"869","eb3922c038585407dcd2a4b02d885bc85f7da6e3",0,0,15,0,0,0,0,0,0,0,0,0,0,0,0,0
"870","ebaccffde6849cb6c317f6d2e476b5e202c7fadf",0,0,0,0,0,0,0,0,0,0,0,0,0,0,66,0
"871","ec77b12a8bc02f5a6c29c18b618f09b839daa149",5,0,0,0,0,0,0,0,0,0,0,0,0,0,0,0
"872","ecdf0a47bf520a17c54814bfa182f772ad7264a3",0,0,0,0,0,0,0,0,0,0,0,0,0,0,0,0
"873","ecdfac1fcd01b191da9dc2e19f395bfba064a925",0,0,74,0,0,0,0,0,0,0,0,0,0,0,0,0
"874","ece56b1db36cafe8ce16da6836d580dc30c143ce",193,0,1190,0,0,57,0,0,0,0,0,0,0,0,0,0
"875","ed4dfdf814e63cfdf8763417d10ff39be83d3bd0",0,0,0,0,0,0,0,0,0,0,0,0,0,20,0,0
"876","ed5ee3fda0049ae6c1d62a2c1183e18e8cd73cfe",0,0,0,0,0,0,0,0,0,0,0,0,4,0,0,0
"877","ee3823ab4cc5af93535b60ba02588518fdd977af",0,0,0,0,0,0,0,0,0,0,0,253,0,0,0,0
"878","ee68c039e583b19d6277ad916a5630b19d776695",0,0,0,0,0,0,0,0,0,0,0,62,0,0,0,0
"879","ee86391371bc61fc92fb7de6cc19d4a9d0021130",0,0,0,0,0,0,0,0,0,0,0,52,0,0,230,0
"880","ef0e2351d911c23cb9ecb5befa861aead5198efd",0,0,0,0,0,0,0,0,0,0,0,18,57,0,0,0
"881","ef58fe9819f05f8ed8d0d5eefa403637f33fb10c",0,5,0,0,0,0,0,0,5,0,0,0,0,0,0,0
"882","efe71a0ae12f280372080cd9f414e32e797e47dc",0,0,0,0,0,0,0,0,53,0,0,0,0,0,0,0
"883","f01a74c492a8b2237fe61a6e5e7082dc4aea7e12",0,0,0,0,0,0,0,0,0,0,0,0,5,0,0,0
"884","f07422dab8587806440ce31551c5c29726d1d1c7",0,0,0,0,0,0,0,0,0,0,0,0,0,0,0,0
"885","f0811d7c1afc61b0190a200923bc854777e6fbc5",0,0,0,0,0,0,0,0,0,0,0,0,0,0,0,0
"886","f0f0d90e0b068596c08719d08b82987032ec3857",77,0,9,0,0,16,0,0,0,0,0,0,0,75,0,0
"887","f10fe77e3403856fcab6288232f5f46a50261607",0,0,0,0,0,0,0,0,0,0,0,0,0,0,0,0
"888","f11faf59cf2d53476932bc3fb14001a302afbd9e",0,0,0,0,42,0,0,0,0,0,0,0,0,0,0,0
"889","f1d341d0e0299ba2b94cc88511957b869bbe268a",0,0,40,0,0,0,0,0,0,0,0,0,0,0,0,0
"890","f24dbab7c6cbc4f00ad09d37ba196dfc80eb0d8e",0,0,0,0,0,0,0,0,0,0,0,0,0,0,0,15
"891","f25f196bdaacddc128c8edf0c95ffbe4abc6fd3d",0,0,0,0,0,0,0,0,0,0,0,0,0,0,0,0
"892","f2ba38c5df38c42d168ce85b61c6b0e7d6062454",0,0,0,0,0,0,0,0,0,0,0,0,0,60,0,0
"893","f2de4b4c8738d490ead883366453538121354285",0,0,0,0,0,0,0,0,0,4,0,0,0,0,0,0
"894","f31925f777955075f2abf39e38d5feb7855aea0d",0,0,0,0,0,0,0,0,0,0,0,0,0,0,3,0
"895","f31e9aff21ac7e238f18e99638bade73ef5222bd",0,0,0,0,0,0,0,0,0,0,0,0,0,32,0,0
"896","f367268197e65065b7770d65c52a8d6b10613dc2",0,0,0,0,0,0,0,0,0,68,0,0,0,0,0,0
"897","f40453b90e9aef99a029ca83726434c386cccf18",0,0,0,0,0,24,0,0,0,0,0,0,0,0,0,0
"898","f4225c41527a81725cbcbd93894a76cac2f74451",0,0,0,0,0,0,0,0,0,0,230,0,0,0,0,0
"899","f4364ff469e8ef589e24bf87eac97294c7d1077e",0,0,0,0,0,0,0,0,0,0,0,0,0,8,0,0
"900","f439140f389fcafab48955b2d982492c4de5820f",0,0,0,0,0,0,0,0,0,0,0,0,0,0,0,0
"901","f43e6d2975f8effaef0e9cacbe2a66f7c9bcacb5",0,0,0,0,0,0,0,0,0,0,0,0,0,21,0,0
"902","f48a1036532f252a588e80c8e5758c82949bc50a",0,0,0,0,0,0,0,0,0,0,0,0,98,0,0,0
"903","f4a3d393775d3fc79fe005a04ec03dc4ef530406",0,0,0,0,0,0,0,0,0,0,0,181,0,0,0,0
"904","f4fd9225e174b6d1cf4de7fd183ddcd6dea538f7",0,0,0,0,0,0,0,0,0,0,0,0,0,0,0,0
"905","f5009060c5703e245311e4c71a35c536fee6cd92",0,0,0,0,0,6,0,0,0,0,0,0,0,0,0,0
"906","f508bfdc0800d16f7b324c2dc93d3794854b6bb3",0,0,0,0,0,0,0,0,0,6,0,0,0,0,0,0
"907","f52cefa662191e6f43f42a4f2c6393bdd129de0e",0,0,0,3,0,0,0,0,0,0,0,0,0,0,0,0
"908","f61ad67c1bc019921090d5527dd0be7a88c613f6",0,0,0,0,0,0,0,0,0,0,0,0,0,0,6,0
"909","f64f576ff131c8812378935aa55611ef20a7517f",0,0,0,0,0,0,907,0,0,0,0,0,0,0,0,0
"910","f662135dd1354d624ec90a658cdd5d39d1f881ae",0,0,0,0,0,0,0,0,0,0,0,0,0,0,0,0
"911","f6a8463a14aaaa8ec7ec06854ed9b85c68cc4186",0,0,0,0,0,0,0,0,0,0,0,0,55,0,0,0
"912","f722d0eed517ca1485412235b83d44c18e6ccf98",0,0,0,96,0,0,0,0,0,0,0,76,0,0,0,260
"913","f736c21058cc8ce107275dac622fe3b316a557a2",309,85,0,155,0,35,0,0,146,0,0,597,317,1213,3147,2263
"914","f762c5cdbecee5eb5110fb92fc7a6683232a8879",0,0,0,0,0,0,0,0,0,0,0,56,0,0,0,0
"915","f76b048d8838d067aa34061f6cd86c182a60282f",0,0,0,0,0,0,0,0,0,0,0,0,0,0,0,45
"916","f7d99e62bf7a84c1f0bdd1119236f9d3a39a32cf",0,0,0,0,0,0,0,0,0,0,0,0,12,0,0,0
"917","f8a2e628d237998405d10e902958e33652b3d184",0,0,0,0,0,751,0,0,0,0,0,0,0,0,0,0
"918","f8a30baa160074c5d81f39bbfa5ce59111caa57a",0,0,0,0,0,0,0,0,0,0,0,0,0,0,0,0
"919","f8f86801e22b8b64eb993c359e4b2262a1a0b10d",0,0,0,0,8,0,0,0,0,0,0,0,0,0,0,0
"920","f91c9b24c7612ad1b90ce0478a33a46fd1a32d38",0,0,0,0,0,29,0,0,0,0,0,0,0,0,0,0
"921","f94fca69dfea8aafa080fcafd89cf71a9ed30ca6",0,2,0,0,0,0,44,0,24,129,0,0,0,0,0,0
"922","fa7356df1a872486053eb1a14ff614012cdadde9",38,111,374,0,0,1411,0,0,0,149,0,0,0,4,0,0
"923","faf15f26eda57b6b742db64d6af9bd0b7b7c78fd",0,0,0,0,0,0,0,0,0,0,0,0,45,0,0,0
"924","fbd8715b731493fa1b4f27da86f9d97833cab43b",0,0,0,0,0,0,0,0,0,0,0,0,0,0,0,0
"925","fc2fbcb56a670e2e595ad9e0e415ae888d043cf1",0,0,0,0,0,0,0,0,0,0,0,0,23,0,0,0
"926","fd0ca71b3001de9e814e97a818880061c125c422",0,0,0,0,0,0,0,0,0,0,0,0,0,0,0,0
"927","fe2c97a1043d00c6f439246c609f21f5739178f4",1009,0,0,0,0,152,260,0,0,502,0,0,119,60,0,56
"928","feb7c743a91055e70bfa4286091f360a580f26c7",0,0,0,0,0,66,0,0,0,0,0,0,0,0,0,0
"929","ff247edbafdeebf6cacdf5534d9d2223b15316a9",0,0,0,0,3,0,0,0,0,0,0,0,0,0,0,0
"930","ff3b5bb99826ecfc3d363beb94b2479eda1e1f2b",0,0,0,0,0,0,0,0,0,0,0,0,0,0,0,4
"931","ff62c6fc3f5f5a03af66155247b74210ad634523",36,0,512,1069,0,29,0,0,0,0,0,27,0,88,228,29
"932","ff6af3e3b67320999026a6019b509f21e0a69fc2",0,0,3,0,0,0,0,0,0,0,0,0,0,0,0,0
