"","20C_AllPool.1","20C_AllPool.2","20C_AllPool.3","24C_AllPool.1","24C_AllPool.2","24C_AllPool.3","28C_AllPool.1","28C_AllPool.2","28C_AllPool.3","C1.T7.H9_S1.1","C1.T7.H9_S1.2","C1.T8.H10_S1.2","C2.T8.H18_S1.1","C2.T8.H18_S1.2","C3.T6.H25_S1.1","C3.T6.H25_S1.2","C3.T7.H26_S1.1","C3.T7.H26_S1.2","CT1.T1.H28_S1.1","CT1.T1.H28_S1.2","CT1.T2.H29_S1.1","CT1.T2.H29_S1.2","CT1.T3.H30_S1.1","CT1.T3.H30_S1.2","CT1.T4.H31_S1.1","CT1.T4.H31_S1.2","CT1.T5.H32_S1.1","CT1.T5.H32_S1.2","CT1.T6.H33_S1.1","CT1.T6.H33_S1.2","CT1.T7.H34_S1.1","CT1.T7.H34_S1.2","CT1.T8.H35_S1.1","CT1.T8.H35_S1.2","CT2.T1.H36_S1.1","CT2.T1.H36_S1.2","CT2.T4.H39_S1.1","CT2.T4.H39_S1.2","CT2.T8.H43_S1.1","CT2.T8.H43_S1.2","C1.T7.H9_S1.3","C1.T8.H10_S1.3","C2.T8.H18_S1.3","C3.T6.H25_S1.3","C3.T7.H26_S1.3","CT1.T1.H28_S1.3","CT1.T2.H29_S1.3","CT1.T3.H30_S1.3","CT1.T4.H31_S1.3","CT1.T5.H32_S1.3","CT1.T6.H33_S1.3","CT1.T7.H34_S1.3","CT1.T8.H35_S1.3","CT2.T1.H36_S1.3","CT2.T8.H43_S1.3","spp_hash"
"1",249,203,196,137,131,132,63,72,78,0,207,119,31,144,72,769,254,457,102,602,556,871,0,0,0,0,0,76,0,0,0,0,210,424,54,440,0,0,493,836,124,45,293,325,374,104,514,0,437,0,0,0,80,71,346,"Pleuromamma.0260bfbe825d95aca7b54a0909f97b59dc580e78"
"2",225,229,186,173,198,187,128,173,161,21,1428,382,68,658,0,115,123,583,38,608,228,239,259,187,27,49,287,662,45,370,46,235,196,300,56,1808,0,0,208,319,709,209,1305,104,486,206,236,99,467,696,278,201,177,279,255,"Metridia.10c3d1c8405b910ef842f394542a5580dc7e9010"
"3",615,515,401,314,238,330,90,161,158,0,165,58,51,0,346,2171,1995,4333,228,2079,1145,2189,2003,1963,217,332,1250,3854,702,2945,78,111,200,462,28,457,0,0,143,216,145,0,168,1012,3079,216,1400,625,2812,3538,2279,0,105,15,0,"Clausocalanus furcatus.1a08bb6d37d7924e5dab4c0408f64896eacb991a"
"4",3110,2716,2621,2197,2831,2663,2044,2270,2136,0,2882,1009,0,1046,0,980,529,1597,0,4293,1650,1871,773,761,0,301,995,2847,260,2176,159,1145,1513,2064,0,2920,0,38,1127,1520,1531,791,2562,731,2043,3654,2715,298,2358,4567,2908,1858,2232,502,1800,"Metridia pacifica.21ed13fe3ace8060314f604c98eb7b593d0e6ba2"
"5",3661,3512,3670,2902,3565,3393,2898,3593,2825,52,2688,1006,82,900,0,69,0,111,79,2233,388,389,396,364,0,102,544,1427,0,241,130,1669,1248,1743,76,3285,0,43,790,1029,1474,617,2105,0,560,1842,638,193,565,2802,380,2616,1780,613,1316,"Metridia pacifica.2cfd457adc6936d89195dd4765ae81286f8b0ed5"
"6",8848,5942,4818,2716,3816,3497,1766,2273,4127,68,3420,538,144,539,155,1124,0,0,0,457,0,0,0,0,0,0,0,0,0,0,0,0,711,2299,158,2775,0,0,3226,5177,4534,228,967,436,0,0,0,0,0,0,0,191,1094,449,6217,"Euphausiidae.2f9a39c8d8b69f7eedcd3582326b652370ce2ab1"
"7",10699,9996,9059,6637,7841,7838,4882,5759,4685,81,6218,2054,317,2082,0,188,0,271,312,6406,353,613,612,520,0,143,842,2529,0,322,566,2756,2678,4832,342,10339,0,45,1624,2384,3166,1167,4829,80,550,3363,582,201,1147,3093,0,3387,3397,1014,1962,"Metridia pacifica.3855bfab8b2afdb2b740530c990e9a2535c5a15b"
"8",371,296,221,82,136,104,14,34,62,0,252,47,35,63,18,77,107,111,9,209,30,116,97,82,0,0,24,202,42,110,0,0,34,270,115,1532,0,0,22,30,242,0,105,0,0,0,7,0,135,46,36,0,0,0,0,"Oithona similis.388725f240f778bbad66a1a652b752a88fd3956a"
"9",2365,1584,1339,755,1074,936,488,570,1098,0,520,0,0,0,0,805,293,384,0,244,634,1045,789,587,89,93,33,282,0,93,208,266,1698,5625,0,1508,263,899,0,0,699,0,0,343,322,0,376,65,3866,130,37,282,2731,164,0,"Euphausiidae.3907c0c3540893fea852cf1e2e15ee876e097dc1"
"10",780,718,589,426,524,507,347,439,331,0,636,0,0,0,115,1764,645,1429,0,1653,1743,2747,2273,2378,0,220,176,606,0,202,0,0,519,893,0,819,14,62,954,1560,0,0,0,573,2067,748,2187,548,1278,564,0,0,429,0,1068,"Metridia pacifica.3a4660f8928b0bba5379764b63c8f98ae30a1d3b"
"11",29474,24291,20157,10396,12520,12766,6834,8401,7270,58,3354,179,164,319,0,0,0,0,54,1240,14,40,0,0,16,14,46,239,142,355,779,2011,168,1145,486,8809,686,3289,212,459,1628,46,547,0,45,28,0,0,398,134,70,1936,8992,313,65,"Calanus helgolandicus.50ae18a387ee0c27a601b2de29233b88891665e2"
"12",594,531,369,195,201,216,93,72,86,0,234,26,0,8,0,0,0,0,0,102,0,4,0,0,0,0,31,148,0,0,21,0,0,63,11,238,203,1070,64,106,128,0,0,0,0,0,0,0,0,90,0,0,773,0,0,"Calanoida.5153fd153d032ca08987dc412a9c67b6794b21bf"
"13",224,172,173,150,135,175,70,64,124,0,119,0,0,11,0,12,0,26,0,49,32,33,107,113,0,0,21,75,0,1,0,0,22,55,0,58,166,1354,5,21,56,0,0,0,49,0,14,38,0,84,0,0,106,0,0,"Calanoida.562a6c89616b1cf51f15caa15b0e5a565dfe0427"
"14",4192,3856,3915,2841,3648,3624,2827,3521,2836,58,3314,922,107,1039,0,0,0,0,108,2220,99,115,0,0,0,40,170,503,0,105,238,1819,1186,1931,106,4532,0,254,824,1236,1448,354,2146,0,246,686,120,0,300,547,171,2016,1219,560,724,"Calanus.5c28fb044703f8d7dc9a17c20a178f0e34feb322"
"15",194,192,170,127,130,162,100,98,170,18,1270,273,54,586,11,185,98,627,36,581,144,190,341,332,19,28,158,797,35,329,45,147,119,265,56,1735,0,0,124,237,850,123,907,109,402,120,149,109,361,875,374,158,82,248,119,"Paracalanus parvus.5d9ee140b17e218e06fffae434d6dad14ebb91db"
"16",181,151,146,119,149,141,101,98,128,0,324,86,0,73,0,114,89,220,42,444,372,326,266,297,0,38,83,257,0,0,0,0,242,375,0,126,0,178,79,122,186,59,149,111,410,217,303,164,243,356,0,39,221,49,73,"Calanoida.6950a504c858e51241cac98cb4b1b8cad81eff0e"
"17",1971,1755,1621,1310,1748,1567,1031,1265,1213,0,1887,591,0,627,0,428,428,691,0,2859,750,1113,402,275,0,184,468,1321,294,1818,128,566,753,1402,64,2442,0,0,576,747,1118,594,1587,292,1064,2434,1490,188,1108,2089,1929,1068,1313,290,1053,"Metridia pacifica.6b976e008f3c98aa86cb64aa686cbfcb409c8f0a"
"18",196,157,150,111,169,166,111,108,110,0,55,0,0,0,0,0,0,0,0,20,0,0,0,0,0,0,0,6,0,0,0,0,0,48,0,0,165,1403,0,0,0,0,0,0,0,0,0,0,0,0,0,0,112,0,0,"Calanus helgolandicus.6db8cc221939cdc8c55a0191ffe9bdeca0679b0e"
"19",13679,12347,11543,8478,10404,10097,6754,7928,6465,77,4999,546,217,762,0,0,0,0,150,2289,45,117,0,0,0,34,173,654,104,496,722,2741,669,2315,406,9068,390,2474,690,1123,2521,185,1514,0,218,174,0,0,397,568,300,3161,2270,571,284,"Calanus helgolandicus.6e6b2ae850506cc0ea7baa4492214e7987501560"
"20",537,443,387,176,217,221,110,103,120,0,49,13,3,0,0,0,0,0,12,306,25,82,378,298,12,7,107,492,48,104,0,0,0,23,2,29,0,0,9,8,14,3,11,0,15,0,0,35,405,226,24,0,24,0,0,"Neocalanus cristatus.7761526519fda29c5c9ac6663b370054e80b7263"
"21",2732,2627,2555,2086,2494,2604,2021,2353,1920,18,811,115,8,159,0,0,0,0,5,155,2,1,0,0,0,0,27,80,0,1,74,830,159,231,21,1199,0,205,120,160,459,69,370,0,15,71,7,0,14,114,0,1063,243,188,131,"Calanus helgolandicus.78f54f41acba54d14189a57d673d19a7e9c4b936"
"22",256,193,147,40,48,45,10,7,17,0,42,0,0,0,83,526,197,230,0,171,131,360,0,0,0,0,0,9,0,0,0,0,16,89,0,156,0,0,111,229,0,0,0,121,95,7,89,0,273,0,0,0,1,0,29,"Pleuromamma borealis.7ed69f089c6a810c9434950899ffa09ad91e3f6d"
"23",480,495,403,304,369,388,267,324,246,0,126,0,0,0,0,0,0,0,0,0,0,5,0,0,0,0,0,0,0,0,0,0,0,0,0,155,147,1132,0,79,0,0,0,0,38,0,0,0,0,0,0,0,0,0,0,"Calanus helgolandicus.894f73dc6883f29a838304fd218efdfaf12bd154"
"24",1558,1275,963,365,442,416,111,141,216,62,4060,267,360,1000,128,780,1323,1563,85,1238,161,475,825,674,71,71,348,1741,927,3675,216,182,89,566,525,8755,14,57,184,434,2708,69,1731,101,705,33,91,100,1889,1008,1316,138,43,403,49,"Paracalanus parvus.961cd5ce154310c7fd54468560aca8d35041c8c7"
"25",359,333,318,241,305,326,353,313,265,0,623,204,0,189,64,633,444,1623,157,1910,1360,1671,740,648,96,242,709,1989,178,1716,0,158,372,608,0,415,0,30,503,566,277,0,332,591,1784,1209,1925,334,1286,2947,2659,205,480,71,621,"Metridia pacifica.97d5948bd4b4362b9bfcff8f47c1af49259ea0d2"
"26",287,208,194,122,140,168,73,100,139,0,247,0,0,0,239,3000,714,1777,0,623,1045,1796,4675,4398,146,170,174,582,127,329,28,97,137,264,0,77,0,199,0,117,162,0,0,1274,1162,0,949,1738,691,433,254,77,72,0,0,"Pleuromamma.a32d276e30f76e771318e8c516046bc05f72db69"
"27",29592,24827,21245,11104,13597,13425,7261,8752,7702,358,26277,15312,2943,15432,683,5513,4804,6955,4844,116117,11868,21317,4525,4326,2414,5240,4824,17233,4897,23429,1745,5933,24254,51419,1743,45407,0,95,12423,19998,11909,7685,31375,1838,8040,40956,14723,1156,36243,16959,13138,6827,21023,3364,12590,"Metridia pacifica.b0c15e6164ee940205efe0f1e1a0a0c19435ec9f"
"28",470,368,333,207,216,209,85,98,114,0,401,38,18,63,57,329,267,520,70,523,383,518,647,608,75,62,164,405,15,69,0,0,129,381,18,297,198,1829,91,119,228,0,88,147,522,0,372,174,767,375,77,0,112,28,0,"Calanoida.bb43537ab7d266d059e40deb9e1f8536790adc35"
"29",14919,12507,9252,4325,4936,5908,2399,2741,5695,0,0,0,0,0,0,0,0,0,0,297,0,0,0,0,1778,1311,0,0,48,111,0,0,0,0,0,0,0,0,0,0,0,0,0,0,0,0,0,0,41863,0,0,0,18,0,0,"NA.e09b485dd4d1bd133e7845d395237f38d661eb69"
"30",4324,3835,3851,2978,3691,3589,2774,3295,2768,30,1815,313,59,394,0,0,0,0,45,773,60,96,164,165,0,25,150,548,0,75,162,1299,417,672,88,2493,0,48,295,514,642,118,640,0,48,202,0,27,142,632,33,1474,478,267,249,"Metridia pacifica.e199318c40876066960330bd9ea208fb7639a760"
"31",259,217,217,152,154,141,100,103,126,0,86,25,5,0,0,0,0,0,41,504,90,211,801,785,0,28,371,1173,27,125,0,0,0,23,2,45,0,0,18,25,37,10,29,0,89,0,0,194,335,868,87,0,18,0,0,"Neocalanus cristatus.e396f514beb6bb0e29a828575cc7fea775d24085"
"32",170,205,211,165,155,199,128,87,110,0,97,111,0,55,0,434,269,1060,99,1207,761,923,696,579,85,201,599,1462,0,302,20,173,214,291,0,146,0,0,133,209,112,62,309,580,1550,604,1228,668,919,2439,497,79,258,0,145,"Clausocalanus furcatus.f8a30baa160074c5d81f39bbfa5ce59111caa57a"
"33",218,207,156,61,38,49,11,7,15,0,35,0,0,0,323,2405,650,710,0,182,275,624,4289,3952,0,49,22,100,0,257,0,0,7,56,0,22,126,365,0,22,0,0,0,476,370,0,168,875,509,35,0,0,16,0,0,"Pleuromamma.fa7356df1a872486053eb1a14ff614012cdadde9"
"34",57,87,90,61,70,91,48,85,49,0,0,0,0,0,0,0,0,0,0,0,0,0,0,0,0,0,0,0,0,0,0,0,0,0,0,0,0,0,0,0,44,0,57,256,654,215,567,249,174,245,0,0,94,46,177,"Metridia pacifica.c106e1cd25bef13848fb5696229c97e7ec724fc1"
"35",149974,127163,109905,67983,82655,82860,50287,59553,57957,910,72022,24590,4698,26448,2466,28317,16118,31748,6575,156460,25923,42622,28061,25927,5144,9145,13286,45040,8912,48869,5543,22766,39097,83957,4430,116000,3260,23552,25743,41301,41719,12572,55613,11767,32549,57802,32906,9079,108854,54026,30911,29023,54982,10223,30915,"NA.other"
