"","C1.T7.H9","C1.T8.H10","C2.T8.H18","C2.T9.H19","C3.T6.H25","C3.T7.H26","CT1.T1.H28","CT1.T2.H29","CT1.T3.H30","CT1.T4.H31","CT1.T5.H32","CT1.T6.H33","CT1.T7.H34","CT1.T8.H35","CT2.T1.H36","CT2.T4.H39","CT2.T8.H43"
" 35575e116e325762dc8dd4b84658d0f40e9893bc",32,0,0,265,31,143,0,0,0,0,0,60,32,161,99,882,0
" 856adbbd6780d096aa923a18481a9884b70edf25",61,14,0,1626,75,522,0,0,0,0,0,414,302,2344,185,14103,67
" 752ee5d1eb330fc163da83ca9ce2b4b43c516f38",19,0,0,364,37,131,0,0,0,0,0,146,0,115,83,915,0
" 74f9bdd8535b4c6fc6cb14fdc86019d1de069cb0",3959,67,71434,1887,0,81,144,538,0,0,12,0,0,0,97,0,27
" 9a70de23c085314e6ab43e55dcb56fce70587663",146,37,1399,870,25,41,63,0,0,0,0,21,0,0,112,16,19
" 4542bee4db4c3075a68a0a82768eab3497580077",31,253,17,7544,0,0,0,0,0,111,5,440,176,372,0,759,8
" 49acecd02ccd5770ea0f75f351550aa447901a5c",42,36,0,745,0,0,0,0,0,64,0,82,0,29,0,97,11
"Pleuromamma 0260bfbe825d95aca7b54a0909f97b59dc580e78",669,221,812,49,1944,1269,1114,2078,0,520,76,49,0,764,1613,0,1720
"Clausocalanus furcatus 0656642f62c1149ffd9a6000db43c45838593471",2,0,0,0,412,274,126,860,397,0,17,26,0,15,0,27,74
"Metridia 0a7d08e86294ec5dfcde2f0af15831906a30bd24",91,17,0,0,0,0,8,118,0,0,596,142,0,0,705,0,0
"Ctenocalanus vanus 0de53510347e58dabda2dc43270f04ad3ea2da5c",414,0,543,0,1593,3062,757,1184,1510,1381,228,52124,220,54,78,242,478
"Metridia 10c3d1c8405b910ef842f394542a5580dc7e9010",2158,591,2341,0,219,1192,852,703,545,543,1645,693,482,673,2964,0,782
"Byrathis penicillatus 114d9a26e85197775de9b4d539b22900e02bb33c",424,0,901,0,0,0,0,241,0,192,446,0,0,41,0,0,0
"Pseudocalanus elongatus 14185f4dd88bc581f98ab10ffd2cb11423e579a1",44,10,0,0,0,0,189,0,0,0,245,0,0,0,109,0,0
"Rhincalanus 14b9ad84102f6b00cde2ca65946dd1e9ce5121c3",95,0,110,0,0,29,101,0,0,0,112,0,0,55,76,0,65
"Metridia 14c23d62f3cde5e060e5aa22522eeea5c941e860",172,0,103,0,33,41,0,190,0,40,867,74,76,154,711,0,0
"Rhincalanus 1784e869dc2724619a035c17ab1fff64ceb125f7",214,232,478,3786,0,0,136,0,0,0,158,0,568,1566,1112,21532,5194
"Ctenocalanus vanus 19e2d8924e99f1a60555875f40f2f4abbcb91b22",55,180,359,0,272,785,438,847,757,154,1327,203,42,78,187,0,251
"Clausocalanus furcatus 1a08bb6d37d7924e5dab4c0408f64896eacb991a",310,58,1072,0,3917,9813,2708,4963,4743,3597,8642,6133,189,801,537,0,359
"Paracalanus parvus 1ab3bca392087a2194bf40e8c0e37d000a0a7081",418,0,286,10,0,0,0,0,0,0,353,0,150,0,142,0,57
"Rhincalanus 1c13e9ef7e8cb97448c9556c5cae61a9ab171c33",78,246,92,1482,0,0,24,0,0,0,8,14,1072,944,640,15926,4394
"Calanus 1da9dc29d5832bb4022e894cbce86897df521a33",80,0,39,0,0,0,0,0,0,0,8,0,85,0,48,0,0
"Pleuromamma 1e823715b95b2e76d7b69608b26072704c7c2ef1",113,87,142,35,104,70,112,72,0,23,14,22,0,187,511,0,346
"Calanus helgolandicus 2010a621a13cf49374bf4c950a42175421a652b0",305,0,677,475,0,167,323,0,0,0,342,191,179,284,0,1122,357
"Neocalanus cristatus 207114b11583026b14531339aeff5641dd94caec",114,96,320,0,756,536,2222,2294,2594,644,5184,772,0,66,590,0,0
"Metridia pacifica 21ed13fe3ace8060314f604c98eb7b593d0e6ba2",17386,4604,18728,628,5126,9418,29600,16270,5850,7154,24178,13796,6324,13010,30010,76,9314
"Eucalanus californicus 247f09ccc8ae0ecc2da039900610e5494db93abe",542,458,900,7024,174,84,128,1418,42,332,1416,788,418,710,1662,3856,296
"Clausocalanus furcatus 2b07110b4f28ab3f99f5fc9b443fbc7a69f151f6",30,0,0,0,0,0,0,0,0,0,0,0,64,21,0,293,92
"Metridia pacifica 2cfd457adc6936d89195dd4765ae81286f8b0ed5",14460,4820,15834,1230,622,1458,19280,4158,2294,2174,14460,3806,8876,12062,34346,392,7156
"Ctenocalanus vanus 2e7fd9b83cde32c49dd67fab73609fefc6b7bec1",14,0,65,1,0,57,0,20,39,0,193,0,0,5,0,0,0
"Metridia 32c7429ef986d3d6e6568889cab2755dd190fdbc",378,24,226,108,94,54,56,506,34,126,1558,390,214,234,1712,28,28
"Calanus helgolandicus 341d37f9958a54163d7987e0dc5bb17818c5c7d8",291,195,213,384,0,11,199,1,0,37,116,77,571,1140,379,7916,2155
"Calanus 3638e2bc130cd088660c3c1f0dfea71f1801e86e",310,416,47,0,0,0,623,120,0,49,43,264,0,468,755,560,370
"Calanus 363a7fed6b4ef59f0d3847483c765d95cd1bc297",22,0,18,282,0,0,0,0,0,0,9,33,622,143,242,900,88
"Metridia pacifica 3855bfab8b2afdb2b740530c990e9a2535c5a15b",33004,9652,33274,1080,1106,1812,45162,5054,2986,4132,19180,7290,13608,27960,84302,168,14786
"Metridia pacifica 3a4660f8928b0bba5379764b63c8f98ae30a1d3b",9144,1186,5718,0,12392,8722,12194,34600,10690,4474,6972,3622,0,5800,9824,152,7274
"Metridia 3a7c698a38f760bccb4381b3ff98dec1468bda94",252,147,174,0,0,17,121,121,51,0,103,0,0,310,421,0,37
" 3b46a0689c4dc296a5046eb3cfb003a0ca04e7fe",782,50,782,6,274,318,50,1216,0,208,3984,454,276,412,3148,102,36
"Pleuromamma 3b4deef68ab606924924048c116ef0c7c34ec1f4",29,0,0,0,282,0,0,10,0,0,0,0,0,0,12,0,16
"Calanus helgolandicus 50ae18a387ee0c27a601b2de29233b88891665e2",5917,5290,4477,6993,0,55,4455,96,0,902,514,3998,115171,63016,24003,146613,69106
" 5153fd153d032ca08987dc412a9c67b6794b21bf",1018,242,8262,11774,0,0,806,8,0,0,1198,0,192,1994,3044,15184,3114
"Metridia pacifica 5548f5906a4522e2196d674ad3826fb4fc8430b8",3016,168,1664,24,356,636,5022,4234,490,172,3186,74,0,2210,1614,56,0
" 562a6c89616b1cf51f15caa15b0e5a565dfe0427",1135,108,473,299,37,240,540,162,258,91,228,122,71,871,458,2929,534
"Metridia 57032ed98d1880faa541a6164b1166c24a0b0150",25,0,69,0,0,9,0,43,0,0,85,0,0,0,40,0,0
"Pleuromamma 5746f43063ff1ae03ed18e54fec36f56f3bba3ef",40,46,0,22,0,0,0,0,0,0,0,0,0,121,262,0,154
" 58aec46ab4910cf08bbfda67e8aa7321828ce906",427,101,214,264,0,0,282,22,57,25,71,49,240,845,291,2092,408
"Calanus 5c28fb044703f8d7dc9a17c20a178f0e34feb322",7875,2467,7606,739,0,246,8005,345,17,761,1964,1715,4127,6442,20129,313,3640
"Metridia pacifica 5c8ad94781a3e58614f1bada8d5faa13dd04610d",43,0,85,4,0,33,0,56,0,0,175,0,61,38,50,0,0
"Paracalanus parvus 5d9ee140b17e218e06fffae434d6dad14ebb91db",2138,396,1758,0,305,1127,745,483,782,408,1830,738,350,473,2829,0,480
"Metridia 5e14eb69f3ded47e81cbde8662320eb91d4db274",105,0,30,0,12,36,178,179,0,0,27,0,0,69,0,0,71
"Ctenocalanus vanus 5eb4964f39d7646d3f23200215f56a18b69ea8c6",73,0,0,0,0,0,0,0,0,0,57,415,0,0,0,81,84
"Paracalanus parvus 6719cb4eb8e5354c1a45ffde7b33672581382a84",209,0,91,7,0,0,0,0,0,0,70,0,89,0,67,0,6
" 6950a504c858e51241cac98cb4b1b8cad81eff0e",2837,202,1219,110,591,876,2490,2847,727,553,2475,132,39,1179,1173,178,274
"Metridia pacifica 6b976e008f3c98aa86cb64aa686cbfcb409c8f0a",11028,2864,10368,262,2492,4548,18612,9046,2446,3458,11886,9760,3524,7868,19964,0,5114
"Calanus helgolandicus 6db8cc221939cdc8c55a0191ffe9bdeca0679b0e",468,67,180,178,0,0,188,1,0,11,36,0,127,676,303,2693,259
"Calanus helgolandicus 6e6b2ae850506cc0ea7baa4492214e7987501560",10082,3752,8434,6114,0,227,7793,172,20,969,1935,4129,14861,21236,29038,36217,18003
"Neocalanus cristatus 7761526519fda29c5c9ac6663b370054e80b7263",63,53,47,13,96,25,461,408,757,460,875,921,445,161,314,141,96
"Calanus helgolandicus 78f54f41acba54d14189a57d673d19a7e9c4b936",1579,1066,1728,465,0,15,1294,10,1,67,297,460,2186,3632,6580,301,2062
"Pleuromamma borealis 7ed69f089c6a810c9434950899ffa09ad91e3f6d",69,27,59,0,1590,568,228,712,0,305,9,47,0,148,327,0,392
"Ctenocalanus vanus 7f93c2356b7a75855bf23901a4a4946a09c74ed6",161,41,300,7,875,1924,585,1279,2162,500,2344,1831,41,71,338,9,208
"Calanus 842a2506f3fd4a072c55a891ee9086fec57ce362",44,0,40,80,0,8,0,0,0,0,32,0,74,21,34,0,0
"Calocalanus styliremis 8621efe7a8640bc1c6ee9a6853dc555b10b9601f",20,0,0,0,0,0,14,0,0,464,26,1031,0,8,13,0,0
"Calanus helgolandicus 894f73dc6883f29a838304fd218efdfaf12bd154",346,690,287,0,0,38,1580,6,0,43,4,333,0,737,736,1279,590
"Pleuromamma 929371ba7bc4e9291b5d49829c93c66c67d836c3",306,0,0,0,10664,0,0,326,0,0,0,0,0,0,62,0,752
"Paracalanus parvus 961cd5ce154310c7fd54468560aca8d35041c8c7",6830,336,3302,35,1009,3591,1399,757,1599,2042,3097,5918,538,710,10433,71,667
"Metridia pacifica 97d5948bd4b4362b9bfcff8f47c1af49259ea0d2",5434,610,5522,390,3602,8434,10466,12750,3444,4226,15008,9738,726,3266,4506,60,3426
"Metridia pacifica 97eba237b82c30ea20f6265eafa44e2dcba9c3da",580,0,376,0,66,0,0,880,0,70,2392,190,376,0,1832,8,0
"Calanus 9b9f6e13b644886afad8864d6601b2000dae17a0",184,66,98,862,0,2,29,2,0,29,84,165,793,328,741,2176,336
"Paracalanus parvus 9c1f29a7bb544b3ebd2d985b47670334284c6050",595,0,230,0,0,0,0,0,0,0,166,0,53,0,115,0,0
" a19023e2938b2d4c19d5e2b8c4962e8bcd73177d",2366,44,249,27,211,340,813,1921,252,75,1469,84,0,1023,298,3464,92
" a200a5e36062c3f55c14ae2fa7529f542abf7271",34,0,0,62,0,0,29,0,0,0,0,0,0,128,7,223,78
"Pleuromamma a32d276e30f76e771318e8c516046bc05f72db69",3810,448,3094,0,10328,8574,4528,24610,22142,2878,7432,5094,404,1240,1528,398,234
"Metridia pacifica b0c15e6164ee940205efe0f1e1a0a0c19435ec9f",270886,50308,170774,2590,27394,40970,472946,153494,27544,102164,147696,110642,29090,200452,305238,230,91728
"Pleuromamma b308f1ff1c8a4490fc47c87f05295b7e5a4a6610",102,0,192,0,74,68,249,164,271,30,101,0,29,15,29,0,0
"Rhincalanus b39500169f19f6f7dc74cde23a266fe3bd9d8079",672,348,960,68,0,56,974,8,0,18,1268,0,126,342,2542,118,510
"Rhincalanus b7e9dc36de1a879d6ec7460013fa62304a3aabc1",50,0,453,481,0,0,0,0,0,0,0,0,17,114,0,788,228
" bb43537ab7d266d059e40deb9e1f8536790adc35",5440,105,2418,392,1114,2296,2582,4100,1429,1568,4148,560,4,1345,1176,2571,376
"Metridia pacifica bd47ade374a1d1bb53455acb57695af761642b75",2842,240,2284,0,126,778,5202,2556,510,2150,1862,1476,0,2752,3048,0,1208
"Metridia pacifica c106e1cd25bef13848fb5696229c97e7ec724fc1",370,0,512,0,450,654,576,1121,249,174,368,0,0,94,123,0,177
"Clausocalanus furcatus c40ce5c9da5927cd51e1e3df99e36cc3984796e8",183,0,644,0,4329,5995,991,5984,1990,1932,905,30441,3,265,0,234,1081
"Metridia c621ead91f54c394ee29a0669ebe477d85be4b7d",2113,680,2515,0,217,1057,979,670,595,461,1508,704,234,658,2712,0,921
"Pleuromamma cedcb1af2b62e6d6afea91c34a7db2530337e833",816,86,0,0,1334,0,56,162,0,0,0,0,0,0,1234,0,692
"Metridia daa82d75f78ac8d5bb5259c9020511942c2ef050",392,92,292,0,0,158,128,254,130,0,272,0,0,352,1074,0,202
"Pseudocalanus elongatus dbd95065a6787486d688fdf5fdc905e08c92b3c7",78,0,0,0,0,34,199,0,0,10,393,0,0,15,212,0,0
" e01f93ca2ee277a2bc78e4f8f0e3ee68b98bf1fc",412,126,190,2320,22,60,76,54,12,96,316,370,3400,1008,1670,7322,1152
"Metridia pacifica e199318c40876066960330bd9ea208fb7639a760",6704,3274,6820,1360,88,124,6150,578,814,824,3506,2516,6640,10292,23076,882,5818
"Neocalanus cristatus e396f514beb6bb0e29a828575cc7fea775d24085",246,118,310,14,410,356,1578,1770,3900,854,5160,1950,44,136,818,60,124
"Ctenocalanus vanus e6e62aec4e6530ec9d88231193468a1b57ca384e",127,0,563,0,222,736,153,396,194,257,113,2963,99,0,0,0,208
"Rhincalanus e9df96b4b8095a1d6d53b05d63742ff85af54576",107,47,0,0,0,0,0,1,0,0,88,0,0,0,546,63,0
" ece56b1db36cafe8ce16da6836d580dc30c143ce",876,0,1419,0,221,2583,89,520,0,119,978,0,0,46,0,0,0
"Clausocalanus furcatus f07422dab8587806440ce31551c5c29726d1d1c7",37,0,241,0,0,213,0,79,110,0,720,0,0,32,0,0,0
"Metridia pacifica f0f0d90e0b068596c08719d08b82987032ec3857",167,0,412,67,0,149,185,82,65,0,575,0,96,77,75,0,111
"Metridia pacifica f10fe77e3403856fcab6288232f5f46a50261607",542,382,506,0,0,0,510,346,74,0,408,0,0,564,992,0,162
"Clausocalanus furcatus f8a30baa160074c5d81f39bbfa5ce59111caa57a",209,173,937,0,1313,2945,1949,2941,2006,1319,4551,918,272,763,225,0,487
"Pleuromamma fa7356df1a872486053eb1a14ff614012cdadde9",1094,1808,1178,0,9490,3900,5284,18474,18350,1378,5228,2804,0,490,302,982,78
"Clausocalanus furcatus feb7c743a91055e70bfa4286091f360a580f26c7",120,0,769,0,1359,1936,1041,3954,539,663,428,4288,79,304,0,11,987
" ff62c6fc3f5f5a03af66155247b74210ad634523",964,144,1852,3374,222,724,128,626,70,242,2390,606,652,618,2738,2798,288
"Pleuromamma borealis 387d4852e3e92fa092e4d58207f93a07a1040fd7",4,0,0,0,5924,0,0,298,0,0,0,208,0,0,158,0,58
"Metridia pacifica 3949ba94f0477add06d64a4ce6018ac190c245c1",195,0,411,0,414,324,56,99,0,0,43,0,0,0,116,0,202
"Metridia 895287893d328205e9b9f2cab768c786d7981636",98,0,25,0,0,0,82,339,0,0,52,0,0,0,0,0,120
"Pleuromamma b87a6f0f02e462d8aba180cca20863b9c69bf65a",89,0,124,0,212,183,120,349,0,0,0,0,0,92,0,0,425
"Pleuromamma bf87a932b56f5ea063f60d58296ef8446602c4ad",174,0,380,0,514,615,506,1542,459,223,485,0,0,71,0,0,0
"Metridia ca6dfd6dba5eb1fc6d69017dd4253eceb58a3072",26,12,16,0,0,0,18,0,0,0,31,0,0,0,45,0,0
" cb7758e8f39b2aeb6e8fc6931a0f1bfd99f5dd32",22,0,37,0,20,187,188,93,15,93,0,40,0,0,102,0,0
" 02093d4b1f1d2e1fcf497230b517e5990a1f4a38",22,154,0,0,63,0,0,73,0,0,0,37,0,35,32,86,0
"Pleuromamma 0887051b9ae38b4090517ba7baa16f0caf86a6c3",23,233,0,0,0,0,288,450,0,0,0,0,0,149,0,308,0
"Pleuromamma abdominalis 10d98a9e8191737474408e3922019918cf9ce20e",1164,1164,2220,0,410,1446,7314,7218,0,182,596,0,0,2468,146,1910,0
"Pleuromamma 2655c6ab73c0d798851414a6bc09fc1b4469d3a9",227,12241,287,0,3000,226,11592,119455,0,71,444,0,0,1870,23,2170,0
" 499488cac0be3a2185ce9f654a389130100bac2f",136,0,1206,954,14,220,0,116,0,6,616,0,0,0,116,564,0
"Rhincalanus 99ba0382e7a698637a042caec0dcdd415f551b33",30,84,1150,0,0,0,76,0,0,0,54,0,0,28,0,920,0
" 9eb9bcecb427fec7490eb8091ae120d4cbd47c0f",509,59,42,0,234,207,276,932,434,43,818,25,0,275,0,968,0
"Metridia pacifica b49b5b962f90500633efdc08ccee2e44af816ced",106,0,451,0,559,562,797,1784,362,0,279,0,0,0,0,0,459
" eaa619cbaa6e11540fc8848ffb78d1f0131bc91a",307,0,288,0,179,335,0,271,0,71,537,0,0,0,0,0,0
"Neocalanus 01cfa38140aa27513302c83969784a3f310533bf",0,24,0,0,56,0,162,232,296,94,854,64,0,0,72,0,0
"Metridia ac384404529e503efeb007347b0d8e05ab50e11f",0,13,0,0,0,93,64,0,0,0,135,0,0,38,0,0,0
" 40363c0ad68d2a4c24210270dc6c03bf909874d3",0,12,0,0,17,0,0,0,0,18,0,53,0,0,0,261,0
"Calanus helgolandicus a145a40787b04637744888e0e1580dd7b4dbbd1b",0,21,0,61,0,0,0,0,0,0,0,0,399,46,72,844,177
"Pleuromamma abdominalis 0ad7d161a79e87bc491bafda78b254e1282fed6d",0,66,0,0,0,0,91,487,0,0,0,0,0,240,0,467,0
"Pleuromamma abdominalis e3e5a61eb5666017d1727db9864dd89c28c9e790",0,410,0,0,5,0,575,0,0,0,0,0,0,389,0,669,0
"Metridia pacifica 1db1b49185d0d4cf20f888eb9992b256f76a4651",0,0,411,0,131,443,207,289,0,254,199,3244,99,0,0,0,190
" 6d73948ba71bef2c78986a84eaea1a093e7badd1",0,0,39,0,0,92,0,0,0,22,119,0,0,12,9,0,0
"Metridia 13dfed8b69f5d4139ad79da7deb7b0d04fa3fd20",0,0,127,0,0,0,35,31,0,0,189,0,0,0,0,0,50
"Ctenocalanus vanus 1697ba47f1c2be293c647c5091398b901634ae3a",0,0,190,0,283,653,0,217,226,0,152,3960,0,0,0,0,0
" 33f2049df73abee355aaf102f1c6c31652f4daa5",0,0,74,0,217,0,0,41,0,49,16,0,0,0,0,0,0
" 3f42e5232e8b6a4552895a81fc2e6c42712289cc",0,0,48,0,56,682,27,43,0,43,0,0,0,0,0,0,0
"Clausocalanus furcatus 47fee77eb15aeb9efa7931aa8ff1bf58daa8e10c",0,0,134,0,0,40,0,0,33,0,212,0,100,0,0,0,0
"Clausocalanus furcatus 6647789a84c7db9d0c1d2f947175e285be91538b",0,0,205,0,2349,2215,209,415,0,60,0,3629,0,0,0,0,0
"Clausocalanus furcatus 6b07660f743f9e1c643619d1f389bcbfcf57ec7b",0,0,422,0,0,215,0,0,194,0,959,0,175,0,0,0,0
"Clausocalanus furcatus 8577eff0f563ec52315e009601f4f144ea2b9efe",0,0,84,0,267,399,90,224,0,0,0,427,0,0,0,0,0
" a884906383f29cb9637d008fea0a85cba5ed0652",0,0,115,0,0,194,90,109,40,0,34,0,0,8,0,0,0
"Clausocalanus furcatus e4c6acc45d16b5ed83f3e4d765f8a63ceabf6f0d",0,0,76,0,884,1036,59,241,0,0,0,2128,0,0,0,0,0
" b35f9cee21f667eaebd1f9bd7ed5d7f2c482df4f",0,0,51,0,759,0,0,447,0,201,0,445,0,0,0,84,0
" fd99fb4d70b4abaa1e52c3b6fe8005c90bfba176",0,0,0,23,0,0,28,0,0,0,0,42,3,12,0,0,0
"Metridia pacifica 02674ce12f1c4dce64c6f67782e4b588240ce808",0,0,0,0,62,246,106,1244,308,658,0,102,0,0,0,0,0
"Clausocalanus furcatus 1068cadcb65c9cea88274a0d597c6ca1354ada7f",0,0,0,0,567,389,74,130,0,0,0,1877,0,0,0,0,0
"Neocalanus gracilis 131dafe8f92e88ca8e8c497413822303eea5970c",0,0,0,0,937,1167,0,160,0,0,0,84,0,0,0,134,0
"Clausocalanus furcatus 13d4114046cb395e85da1be98837a9c692eb7728",0,0,0,0,224,368,178,961,100,506,0,3251,0,0,0,0,99
"Clausocalanus furcatus 2c29d2d209eb3ba54d8edc80d83fbef9e99e2995",0,0,0,0,33,81,0,130,61,9,2,100,0,0,0,0,0
"Clausocalanus furcatus 4c23922ac5270945975a10c2e85dce4f397ee20f",0,0,0,0,1328,1155,219,244,0,0,0,4120,0,0,0,0,0
"Clausocalanus furcatus 5b0767e43273de2f7dec3209ec957f8fbe6cecc3",0,0,0,0,27,124,0,78,123,48,40,11,0,0,0,0,0
"Clausocalanus furcatus 7d30749dc626d812e4fe8fddce6bae2923e56070",0,0,0,0,62,71,50,157,277,554,105,536,0,0,0,0,0
"Clausocalanus furcatus 80c3e483e565edd2763fa0e91b23615fc85fb093",0,0,0,0,1052,1170,75,309,0,0,0,5270,0,0,0,0,0
"Species 86e954b6b4640de2a532d0f2c9329b96891d511d",0,0,0,0,41,0,47,52,0,0,0,0,3,21,0,0,0
"Metridia pacifica 86f6cb8c4e9a20dea9ddf40297f8eefe97ee67f3",0,0,0,0,305,375,181,125,0,0,0,409,0,0,0,0,0
"Acartia Acartia danae 953f575003c1e038640b89d2ec04ddae519ec438",0,0,0,0,63,222,50,642,378,319,0,845,0,0,36,0,0
"Metridia pacifica 967a00d91e1b8279afe69c53c9d9908868aeebf9",0,0,0,0,32,87,84,383,32,0,0,157,0,0,0,0,87
"Mecynocera clausi af5ea7274c611cbd5dc67f669804d691126cd232",0,0,0,0,65,126,0,4,45,30,0,28,0,0,0,0,0
" cba418bc94dc3a64e15200ce11bda8c6e0582205",0,0,0,0,84,533,119,187,48,245,22,115,2,0,71,0,0
"Metridia pacifica ccc2d40f56326ef68b7798111cc07ce4d344d62c",0,0,0,0,312,451,178,224,0,0,0,605,0,0,0,0,0
"Clausocalanus furcatus d50cee8867864f04eccfaa66d9ede8620e857a63",0,0,0,0,136,342,0,387,397,359,0,221,0,0,0,0,0
"Neocalanus gracilis dabec5c8e3721be348236817cddd3c31eb1647ce",0,0,0,0,5118,9075,351,73,35849,914,283,1598,0,0,0,549,0
"Calocalanus plumulosus db0e450a361e5c4eaf843aa029db5c9f5193d32f",0,0,0,0,30,6,13,55,0,4,5,43,0,0,0,0,0
"Clausocalanus furcatus dd9ab0bde274b12a769a68774748905fb7188c0b",0,0,0,0,46,116,0,139,130,439,0,169,0,0,0,0,0
"Clausocalanus furcatus ef10dc04c555989e2c8fa539eb5a9696612325fa",0,0,0,0,671,1450,58,200,0,0,0,864,0,0,0,0,0
"Metridia pacifica f0811d7c1afc61b0190a200923bc854777e6fbc5",0,0,0,0,2440,1348,548,0,2362,758,578,640,0,0,0,0,0
"Neocalanus gracilis f439140f389fcafab48955b2d982492c4de5820f",0,0,0,0,1989,1200,355,43,1139,335,226,472,0,0,11,22,19
"Calocalanus styliremis fee2b972e2337c7fec774733831482a13e032658",0,0,0,0,41,0,15,33,101,0,31,121,0,0,47,0,12
"Metridia pacifica 11e73a6cb407f486e216772ee0c421774380ca59",0,0,0,0,482,0,0,424,0,316,60,210,0,0,0,0,0
"Neocalanus 56db9b8934558866af0f1f1eaf48a1122b20eb51",0,0,0,0,78,0,160,278,504,252,814,194,4,14,74,0,0
" 6b518c427c01dcb2d856adda991fd08f6a6c3638",0,0,0,0,817,42,5,411,0,170,46,110,0,0,0,0,0
" 797f748e36cdfa7759685d94f831c8c27ad02d95",0,0,0,0,27,159,0,0,45,0,0,15,0,0,0,25,0
" 79b0869feff67fe1e43f6dc9d8ddb99d92d4382d",0,0,0,0,18,69,0,0,20,0,0,25,0,0,0,25,0
"Neocalanus bf5fb30ed1cb71468ac5f842314f3b9841142760",0,0,0,0,117,317,0,0,282,0,0,175,0,0,0,120,0
"Neocalanus gracilis cf20a5c3684c767dd7a47573041ed57b174d91b4",0,0,0,0,25,42,0,0,58,0,0,127,0,0,0,167,0
"Candacia bipinnata 686fd8b59c6f87b27fe6a21b366a0e4b838135e1",0,0,0,0,73,0,262,2224,0,57,181,4603,0,0,0,0,0
" 3ebe763dad94716c53b6402a986142c429796f35",0,0,0,0,0,0,11,46,7,0,9,16,0,0,0,0,0
"Metridia pacifica 0c84003ceec1fb7c3e6c2c04c0221e1bcf2c45f0",0,0,0,0,0,0,510,340,0,838,0,0,0,676,584,0,294
"Calanus helgolandicus 28047060a764c8d2f133476a3c1893291d007c2e",0,0,0,0,0,0,0,0,0,0,0,0,642,368,145,1513,457
"Oncaea mediterranea 2a24470d9f6f016d43a270ded06f52d73df93b2b",30,0,0,0,24,0,96,108,0,37,36,0,0,70,67,0,17
"Oithona similis 388725f240f778bbad66a1a652b752a88fd3956a",494,47,203,0,95,218,218,153,179,135,272,193,0,304,1837,0,52
"Oithona 3ee6b510572d6e1b7383d68344ead7b479c01cb5",233,52,211,0,0,81,54,45,22,0,190,0,0,73,101,0,0
"Ditrichocorycaeus anglicus 6fa145cf354791b6a2fb07ea5364b6f760d72b72",26,0,7,0,2,0,0,0,0,0,0,5,0,99,1,0,23
"Ditrichocorycaeus anglicus 722ae10a2ab287d7cf8d34f64705f9ff5099010d",19,0,0,0,0,0,0,0,0,0,0,76,0,84,17,0,24
"Oithona similis 8f7921169991363296cbef39f3d968cafbdfc591",327,46,146,0,0,0,79,0,57,0,171,0,0,159,371,0,0
"Dioithona oculata 46f27f2f56e61a28864cdb558572ac9e8bdbb3c8",0,0,0,0,38,216,78,26,41,0,57,16,0,49,89,0,0
"Dioithona oculata 8a0f626ac39dbf2bba4f983d8f13c759e59b0051",0,0,0,0,30,277,16,26,31,0,55,23,0,0,21,0,0
" 0ed20c8d7359bae11c8eaff2c1f408e72780eea6",602,1066,0,1490,0,0,0,0,0,0,0,0,0,984,130,0,818
" 1fd0cca87a452616bd107a2dba731bf07d51aeef",4282,3696,8046,10216,0,0,0,0,0,0,0,0,0,4482,0,2934,7492
" 2f9a39c8d8b69f7eedcd3582326b652370ce2ab1",37916,55644,73752,100358,3954,0,10610,11340,0,3390,0,3466,5088,57636,8792,27276,64644
" 3907c0c3540893fea852cf1e2e15ee876e097dc1",2438,0,5802,986,2296,1998,2932,65622,26496,8096,3160,14254,8216,27336,4416,11544,2968
" 7058329838365cb375806f2cef16b428e1910d10",1302,1938,300,1768,0,0,0,0,0,0,0,0,210,1486,530,0,2318
" 5de8320dd52839006fa55b8e9e94758699aab65f",0,0,210,0,2106,1272,80,14410,0,1490,0,5948,0,0,0,0,0
" cf496cdc8ee1b73dd609292097b080a1e7c99174",0,0,0,0,134,0,102,0,0,0,0,272,0,2822,144,10318,0
"Other",2440,2222,3164,4181,7034,15172,4921,9969,5572,2430,6045,10235,4034,9425,1500,8877,1448
